hs6,sitc2,source
010000,00,unsd_hs2002_sitc4_chapter_primary
020000,01,unsd_hs2002_sitc4_chapter_primary
030000,03,unsd_hs2002_sitc4_chapter_primary
040000,02,unsd_hs2002_sitc4_chapter_primary
070000,05,unsd_hs2002_sitc4_chapter_primary
080000,05,unsd_hs2002_sitc4_chapter_primary
090000,07,unsd_hs2002_sitc4_chapter_primary
100000,04,unsd_hs2002_sitc4_chapter_primary
110000,04,unsd_hs2002_sitc4_chapter_primary
150100,41,unsd_hs2002_sitc4_heading
150200,41,unsd_hs2002_sitc4_heading
150300,41,unsd_hs2002_sitc4_heading
150400,41,unsd_hs2002_sitc4_heading
150500,41,unsd_hs2002_sitc4_heading
150600,41,unsd_hs2002_sitc4_heading
150700,42,unsd_hs2002_sitc4_heading
150800,42,unsd_hs2002_sitc4_heading
150900,42,unsd_hs2002_sitc4_heading
151000,42,unsd_hs2002_sitc4_heading
151100,42,unsd_hs2002_sitc4_heading
151200,42,unsd_hs2002_sitc4_heading
151300,42,unsd_hs2002_sitc4_heading
151400,42,unsd_hs2002_sitc4_heading
151500,42,unsd_hs2002_sitc4_heading
151600,43,unsd_hs2002_sitc4_heading
151700,43,unsd_hs2002_sitc4_heading
151800,43,unsd_hs2002_sitc4_heading
152000,43,unsd_hs2002_sitc4_heading
152100,43,unsd_hs2002_sitc4_heading
152200,43,unsd_hs2002_sitc4_heading
160000,09,unsd_hs2002_sitc4_chapter_primary
170000,06,unsd_hs2002_sitc4_chapter_primary
180000,07,unsd_hs2002_sitc4_chapter_primary
190000,04,unsd_hs2002_sitc4_chapter_primary
200000,09,unsd_hs2002_sitc4_chapter_primary
210000,09,unsd_hs2002_sitc4_chapter_primary
230000,08,unsd_hs2002_sitc4_chapter_primary
250000,27,unsd_hs2002_sitc4_chapter_primary
270100,32,unsd_hs2002_sitc4_heading
270200,32,unsd_hs2002_sitc4_heading
270300,32,unsd_hs2002_sitc4_heading
270400,32,unsd_hs2002_sitc4_heading
270500,32,unsd_hs2002_sitc4_heading
270600,32,unsd_hs2002_sitc4_heading
270700,32,unsd_hs2002_sitc4_heading
270800,32,unsd_hs2002_sitc4_heading
270900,33,unsd_hs2002_sitc4_heading
271000,33,unsd_hs2002_sitc4_heading
271100,34,unsd_hs2002_sitc4_heading
271200,33,unsd_hs2002_sitc4_heading
271300,33,unsd_hs2002_sitc4_heading
271400,33,unsd_hs2002_sitc4_heading
271500,33,unsd_hs2002_sitc4_heading
271600,35,unsd_hs2002_sitc4_heading
300000,54,unsd_hs2002_sitc4_chapter_primary
310000,56,unsd_hs2002_sitc4_chapter_primary
010110,00,unsd_hs2002_sitc4_hs6
080232,05,unsd_hs2002_sitc4_hs6
