year,flowCode,n_records,flow
2008,M,1693,import
2008,X,648,export
2009,M,2385,import
2009,X,819,export
2010,M,2446,import
2010,X,871,export
2011,M,3403,import
2011,X,1332,export
2012,M,3443,import
2012,X,1490,export
2013,M,2481,import
2013,X,1162,export
2014,M,4036,import
2014,X,1454,export
2015,M,3961,import
2015,X,1341,export
2016,M,4003,import
2016,X,1394,export
2017,M,4795,import
2017,X,1638,export
2018,M,4811,import
2018,X,1454,export
2019,M,3499,import
2019,X,1687,export
2020,M,3327,import
2020,X,1332,export
2021,M,4135,import
2021,X,1571,export
2022,M,3422,import
2022,X,1583,export
2023,M,3456,import
2023,X,1581,export
2024,M,1742,import
2024,X,805,export
