year,partnerISO,n_records
2008,AUS,620
2008,CHN,400
2008,USA,510
2008,W00,811
2009,AUS,806
2009,CHN,559
2009,USA,683
2009,W00,1156
2010,AUS,818
2010,CHN,615
2010,USA,722
2010,W00,1162
2011,AUS,1231
2011,CHN,875
2011,USA,966
2011,W00,1663
2012,AUS,1249
2012,CHN,976
2012,USA,993
2012,W00,1715
2013,AUS,880
2013,CHN,696
2013,USA,765
2013,W00,1302
2014,AUS,1239
2014,CHN,1065
2014,USA,1218
2014,W00,1968
2015,AUS,1238
2015,CHN,1076
2015,USA,1081
2015,W00,1907
2016,AUS,1274
2016,CHN,1115
2016,USA,1074
2016,W00,1934
2017,AUS,1464
2017,CHN,1343
2017,USA,1318
2017,W00,2308
2018,AUS,1425
2018,CHN,1349
2018,USA,1309
2018,W00,2182
2019,AUS,1337
2019,CHN,1036
2019,USA,1069
2019,W00,1744
2020,AUS,1250
2020,CHN,921
2020,USA,911
2020,W00,1577
2021,AUS,1481
2021,CHN,1151
2021,USA,1075
2021,W00,1999
2022,AUS,1299
2022,CHN,978
2022,USA,1021
2022,W00,1707
2023,AUS,1293
2023,CHN,1002
2023,USA,1009
2023,W00,1733
2024,AUS,609
2024,CHN,493
2024,USA,540
2024,W00,905
