country,year,partner,cwe,cwe_trade,export_openness
Cook Islands,2002,aus,,0.001986138761022363,
Cook Islands,2002,china,,0.0001841462965049637,
Cook Islands,2002,us,,0.0193705223767815,
Cook Islands,2003,aus,,0.0007373116268121073,
Cook Islands,2003,china,,1.7856344553192136e-05,
Cook Islands,2003,us,,0.03730758932266596,
Cook Islands,2004,aus,,1.9768238875270033e-05,
Cook Islands,2004,china,,1.3293508370572128e-06,
Cook Islands,2004,us,,0.022510029199004213,
Cook Islands,2005,aus,,6.460748574917266e-05,
Cook Islands,2005,china,,0.001032899082430571,
Cook Islands,2005,us,,0.005434111834658373,
Cook Islands,2006,aus,,4.0907107172384594e-05,
Cook Islands,2006,china,,0.0007821144896986613,
Cook Islands,2006,us,,0.032518276676285485,
Cook Islands,2007,aus,,1.1537936571171632e-05,
Cook Islands,2007,china,,0.001495383923324836,
Cook Islands,2007,us,,0.00896435055225078,
Cook Islands,2008,aus,,1.5007637600604717e-06,
Cook Islands,2008,china,,0.00047546350211737066,
Cook Islands,2008,us,,0.0032861762230401237,
Cook Islands,2009,aus,,8.85322782726761e-06,
Cook Islands,2009,china,,1.8489807514147027e-05,
Cook Islands,2009,us,,0.009307317119483497,
Cook Islands,2010,aus,,1.6413186734249466e-05,
Cook Islands,2010,china,,0.00015954250807825092,
Cook Islands,2010,us,,0.007936270515740678,
Cook Islands,2011,aus,,1.1891492925361156e-05,
Cook Islands,2011,china,,5.626177417411137e-05,
Cook Islands,2011,us,,0.0032585362022354717,
Cook Islands,2012,aus,,8.475709872022104e-06,
Cook Islands,2012,china,,5.20746001882084e-05,
Cook Islands,2012,us,,0.0020784623327138726,
Cook Islands,2013,aus,,1.027673239888079e-05,
Cook Islands,2013,china,,0.0001524987318764579,
Cook Islands,2013,us,,0.0005310789716419699,
Cook Islands,2014,aus,,1.1765228907652495e-05,
Cook Islands,2014,china,,0.00021895940086524233,
Cook Islands,2014,us,,0.002082541313442461,
Cook Islands,2015,aus,,1.4173091499909976e-05,
Cook Islands,2015,china,,0.0003822343963021066,
Cook Islands,2015,us,,0.0024385276559992968,
Cook Islands,2016,aus,,6.117040237207988e-06,
Cook Islands,2016,china,,0.0001032267042637238,
Cook Islands,2016,us,,0.005432801494123998,
Cook Islands,2017,aus,,1.122110007042866e-06,
Cook Islands,2017,china,,0.0015706368000929151,
Cook Islands,2017,us,,0.011213394748736547,
Cook Islands,2018,aus,,2.2850036280349022e-05,
Cook Islands,2018,china,,0.0005458048846900164,
Cook Islands,2018,us,,0.0016129299701862975,
Cook Islands,2019,aus,,1.4021068200125872e-05,
Cook Islands,2019,china,,0.0006044023591676367,
Cook Islands,2019,us,,0.001730984154364697,
Cook Islands,2020,aus,,1.717038557699256e-05,
Cook Islands,2020,china,,0.001271497774018283,
Cook Islands,2020,us,,0.01640529968803574,
Cook Islands,2021,aus,,9.935806606517493e-06,
Cook Islands,2021,china,,0.0005910054903327317,
Cook Islands,2021,us,,0.0014917747872537535,
Cook Islands,2022,aus,,1.1321267597611903e-05,
Cook Islands,2022,china,,0.00018893513573941235,
Cook Islands,2022,us,,0.006701699844203083,
Cook Islands,2023,aus,,2.632395428542771e-06,
Cook Islands,2023,china,,0.0014522891071818954,
Cook Islands,2023,us,,0.0011285313559986254,
Cook Islands,2024,aus,,1.1483381144735026e-05,
Cook Islands,2024,china,,1.1483108529041503e-06,
Cook Islands,2024,us,,0.000295659499847296,
Fiji,2002,aus,0.0005722543083799676,0.0022669590390258622,0.2524325753260508
Fiji,2002,china,1.1978362721756888e-05,4.745173124461141e-05,0.2524325753260508
Fiji,2002,us,0.016390120380073963,0.06492870565101952,0.2524325753260508
Fiji,2003,aus,0.0006173371388167921,0.0018638856084684085,0.33120977811726876
Fiji,2003,china,2.3075005715196196e-06,6.96688541212881e-06,0.33120977811726876
Fiji,2003,us,0.016457626380429698,0.04968943391098399,0.33120977811726876
Fiji,2004,aus,0.0005815329729685736,0.0018409332445165664,0.3158903098201617
Fiji,2004,china,2.0935501385224376e-06,6.627459195295698e-06,0.3158903098201617
Fiji,2004,us,0.016384439586396245,0.05186749665009986,0.3158903098201617
Fiji,2005,aus,0.0005027001837353939,0.001622681200984915,0.30979602366149994
Fiji,2005,china,1.357735266118691e-06,4.382674929366514e-06,0.30979602366149994
Fiji,2005,us,0.007591329714020627,0.024504283897185616,0.30979602366149994
Fiji,2006,aus,0.0006762223865198527,0.002440692740045396,0.27706166180806324
Fiji,2006,china,3.87236754319746e-06,1.3976554958657814e-05,0.27706166180806324
Fiji,2006,us,0.009835287475574866,0.035498550796928166,0.27706166180806324
Fiji,2007,aus,0.00030060087804060506,0.0011495406770638222,0.2614965125100273
Fiji,2007,china,7.35812417198387e-06,2.8138517417901382e-05,0.2614965125100273
Fiji,2007,us,0.008980168629227247,0.03434144701598227,0.2614965125100273
Fiji,2008,aus,0.0004232311671231734,0.001419585341947884,0.29813717753836255
Fiji,2008,china,5.973197153428711e-07,2.0035063063076442e-06,0.29813717753836255
Fiji,2008,us,0.0058420338000807785,0.019595120099803923,0.29813717753836255
Fiji,2009,aus,0.0006078988507019639,0.0019933010063944443,0.304970924487493
Fiji,2009,china,5.469780625223864e-06,1.793541674313999e-05,0.304970924487493
Fiji,2009,us,0.004346161479675645,0.014251068317346701,0.304970924487493
Fiji,2010,aus,0.000839468713718619,0.0026930853019931584,0.31171263424048484
Fiji,2010,china,2.9223161863387154e-06,9.375032851841874e-06,0.31171263424048484
Fiji,2010,us,0.006097852451918546,0.019562416732887642,0.31171263424048484
Fiji,2011,aus,0.0007166086888226882,0.0024373712864199856,0.29400883353936774
Fiji,2011,china,3.2573923756514013e-06,1.107923301636186e-05,0.29400883353936774
Fiji,2011,us,0.003803990347034434,0.01293835393052937,0.29400883353936774
Fiji,2012,aus,0.0005612970881678824,0.0019060625196010217,0.2944798937053615
Fiji,2012,china,0.0014698840159358276,0.004991457981869904,0.2944798937053615
Fiji,2012,us,0.0059730111236022876,0.020283256179039904,0.2944798937053615
Fiji,2013,aus,0.00037073229983850144,0.0013861361805423977,0.26745734296714857
Fiji,2013,china,0.003117718226649412,0.011656880278782839,0.26745734296714857
Fiji,2013,us,0.005366266759351778,0.020064009833564038,0.26745734296714857
Fiji,2014,aus,0.0003043827564494021,0.0011248160408664654,0.27060669957634204
Fiji,2014,china,0.0023433043443042856,0.00865944689459991,0.27060669957634204
Fiji,2014,us,0.004704949058919998,0.01738666879381035,0.27060669957634204
Fiji,2015,aus,0.00028885758454615974,0.0012578258786331467,0.22964830780875276
Fiji,2015,china,0.0008618053154880593,0.0037527179003023887,0.22964830780875276
Fiji,2015,us,0.0058177054330708945,0.025333108214826393,0.22964830780875276
Fiji,2016,aus,0.0003072661517619289,0.001521432938814181,0.2019583932509145
Fiji,2016,china,0.0003831313750796478,0.0018970807249572576,0.2019583932509145
Fiji,2016,us,0.006172687302596553,0.030564153354733635,0.2019583932509145
Fiji,2017,aus,0.0002703480220428939,0.0013045330150574903,0.20723739370519476
Fiji,2017,china,0.00041849888183197615,0.002019417800762883,0.20723739370519476
Fiji,2017,us,0.005746899046128241,0.0277309946017922,0.20723739370519476
Fiji,2018,aus,0.00024349638446818694,0.0012626593300550692,0.19284408602720038
Fiji,2018,china,0.00034006464056984343,0.001763417523324401,0.19284408602720038
Fiji,2018,us,0.005843961965861582,0.030304076657229194,0.19284408602720038
Fiji,2019,aus,0.0002523691985675397,0.001284727821487713,0.19643787138920718
Fiji,2019,china,0.0004368700183756734,0.0022239602541308957,0.19643787138920718
Fiji,2019,us,0.007613144809916134,0.03875599321086117,0.19643787138920718
Fiji,2020,aus,0.00034591149540621677,0.0014988096828263847,0.23079080644442673
Fiji,2020,china,0.0011266768845287856,0.004881810076780869,0.23079080644442673
Fiji,2020,us,0.0072636378268918405,0.031472821377921255,0.23079080644442673
Fiji,2021,aus,0.00032025084166832554,0.001273161136986878,0.25153991302801304
Fiji,2021,china,0.0028265546394647166,0.011237002531482684,0.25153991302801304
Fiji,2021,us,0.01006119394268275,0.03999839954449803,0.25153991302801304
Fiji,2022,aus,0.00023940746199467986,0.001025682957257793,0.23341273275588578
Fiji,2022,china,0.0005272994438133368,0.002259086030087364,0.23341273275588578
Fiji,2022,us,0.011311490460115592,0.048461325680744634,0.23341273275588578
Fiji,2023,aus,0.00020885573857493304,0.0010210837331239308,0.20454320424433187
Fiji,2023,china,0.000602252914684211,0.002944379975414901,0.20454320424433187
Fiji,2023,us,0.008552038213176462,0.04181042457397335,0.20454320424433187
Fiji,2024,aus,0.00021389193803617157,0.0010753429595165853,0.19890578735208864
Fiji,2024,china,0.0010889971656109138,0.005474939568667501,0.19890578735208864
Fiji,2024,us,0.008015658169765651,0.040298767956796114,0.19890578735208864
Kiribati,2002,aus,4.081846965370055e-06,1.040801494100409e-05,0.3921830424444287
Kiribati,2002,china,0.0,0.0,0.3921830424444287
Kiribati,2002,us,8.941658440149987e-05,0.000227997069542266,0.3921830424444287
Kiribati,2003,aus,3.1187647641431407e-06,1.2141130457436748e-05,0.2568759783182149
Kiribati,2003,china,0.0,0.0,0.2568759783182149
Kiribati,2003,us,9.20891261436025e-05,0.00035849644932358597,0.2568759783182149
Kiribati,2004,aus,1.0107093495918693e-05,0.00010024697051403044,0.10082193450927394
Kiribati,2004,china,0.0,0.0,0.10082193450927394
Kiribati,2004,us,0.00018928974524045513,0.0018774659121725502,0.10082193450927394
Kiribati,2005,aus,2.8718209479343968e-05,0.00040106183468753006,0.07160544084609426
Kiribati,2005,china,2.2182706060799437e-06,3.097907896199957e-05,0.07160544084609426
Kiribati,2005,us,0.00056735555263157,0.007923358140494104,0.07160544084609426
Kiribati,2006,aus,5.22193703580229e-05,0.0007958679057435978,0.06561311240366344
Kiribati,2006,china,1.0365732282046993e-10,1.5798263338393674e-09,0.06561311240366344
Kiribati,2006,us,0.0005230002042435105,0.007970970817935309,0.06561311240366344
Kiribati,2007,aus,0.000159965411770563,0.0012775362235004069,0.12521399301873654
Kiribati,2007,china,3.348508152829241e-10,2.674228392611186e-09,0.12521399301873654
Kiribati,2007,us,0.00036572693498510884,0.002920815207373691,0.12521399301873654
Kiribati,2008,aus,7.882008125346748e-05,0.000370694028545145,0.2126284082935217
Kiribati,2008,china,1.4125414278398286e-06,6.643239439058837e-06,0.2126284082935217
Kiribati,2008,us,4.7636747232076713e-05,0.00022403754801341894,0.2126284082935217
Kiribati,2009,aus,5.097241865417365e-05,0.000185969767011295,0.2740898129483477
Kiribati,2009,china,2.975987045163082e-06,1.0857707600113936e-05,0.2740898129483477
Kiribati,2009,us,0.0007943403636933534,0.0028981024692189016,0.2740898129483477
Kiribati,2010,aus,1.477547285956987e-05,9.337189322562428e-05,0.1582432608907945
Kiribati,2010,china,1.4233463973810927e-07,8.994673070870049e-07,0.1582432608907945
Kiribati,2010,us,0.0003397268762720605,0.0021468647344578544,0.1582432608907945
Kiribati,2011,aus,0.00011151776906243175,0.00037190213482062885,0.299857835223822
Kiribati,2011,china,2.4312555081720148e-05,8.108027280185159e-05,0.299857835223822
Kiribati,2011,us,5.8651331369826886e-06,1.955971279724872e-05,0.299857835223822
Kiribati,2012,aus,9.907217666787264e-06,2.9104826073656647e-05,0.3403977622719581
Kiribati,2012,china,0.00030760377102762883,0.000903659791928571,0.3403977622719581
Kiribati,2012,us,3.4535863279508785e-05,0.0001014573745990628,0.3403977622719581
Kiribati,2013,aus,8.183000925759467e-06,1.804051377877487e-05,0.4535902372906352
Kiribati,2013,china,0.0002675867746615069,0.0005899306304735397,0.4535902372906352
Kiribati,2013,us,3.9804373724209844e-05,8.775403536453416e-05,0.4535902372906352
Kiribati,2014,aus,9.415003632666818e-06,2.1319549867744223e-05,0.4416136218200089
Kiribati,2014,china,0.00011803779659068633,0.00026728749014629736,0.4416136218200089
Kiribati,2014,us,9.844812780378274e-05,0.00022292819546202274,0.4416136218200089
Kiribati,2015,aus,5.34602936965708e-06,7.485012876781244e-06,0.7142311519918207
Kiribati,2015,china,7.196128926370154e-05,0.00010075350124818643,0.7142311519918207
Kiribati,2015,us,7.262606643028008e-05,0.00010168426037949096,0.7142311519918207
Kiribati,2016,aus,7.920859242537254e-06,1.1832337672992067e-05,0.6694247122964578
Kiribati,2016,china,0.00021919055870652215,0.0003274312326394258,0.6694247122964578
Kiribati,2016,us,0.0002703057038253346,0.0004037880569094205,0.6694247122964578
Kiribati,2017,aus,0.00016974144441808182,0.00023657116919308016,0.7175068923108947
Kiribati,2017,china,3.819185307873701e-05,5.32285522104623e-05,0.7175068923108947
Kiribati,2017,us,0.00017843342915483854,0.00024868531726594703,0.7175068923108947
Kiribati,2018,aus,1.1655188619965896e-06,2.2662992114912135e-06,0.5142828696611883
Kiribati,2018,china,5.868154424316275e-08,1.1410363382669618e-07,0.5142828696611883
Kiribati,2018,us,7.616152123468664e-05,0.0001480926659775041,0.5142828696611883
Kiribati,2019,aus,3.269093470122313e-06,5.740129299654666e-06,0.5695156501647073
Kiribati,2019,china,4.381739353636875e-06,7.693799726784768e-06,0.5695156501647073
Kiribati,2019,us,6.433654141229606e-05,0.00011296711757383587,0.5695156501647073
Kiribati,2020,aus,4.918486134468869e-05,9.79319161990389e-05,0.5022352594911381
Kiribati,2020,china,9.575521169605845e-06,1.9065808281377354e-05,0.5022352594911381
Kiribati,2020,us,4.346550415597219e-05,8.654411121993145e-05,0.5022352594911381
Kiribati,2021,aus,2.924202466403164e-05,7.732742711433264e-05,0.3781585105734318
Kiribati,2021,china,8.079837670758423e-08,2.1366272197619781e-07,0.3781585105734318
Kiribati,2021,us,8.505231262076536e-05,0.00022491180349688226,0.3781585105734318
Kiribati,2022,aus,1.6107608248259383e-07,3.454141038323466e-07,0.46632746229949895
Kiribati,2022,china,4.0281751100201694e-08,8.638082540017926e-08,0.46632746229949895
Kiribati,2022,us,4.869567183985092e-05,0.00010442377036884889,0.46632746229949895
Kiribati,2023,aus,1.1505773217491432e-05,3.708527304263863e-05,0.31025181355042797
Kiribati,2023,china,1.525937836558666e-06,4.918384905139779e-06,0.31025181355042797
Kiribati,2023,us,5.7449830808865875e-05,0.00018517161963189636,0.31025181355042797
Kiribati,2024,aus,6.42804675958679e-08,2.0164796424734647e-07,0.3187756833340497
Kiribati,2024,china,6.516072520879352e-09,2.0440933426063944e-08,0.3187756833340497
Kiribati,2024,us,3.8769805457714104e-05,0.00012162096259107272,0.3187756833340497
Marshall Islands,2002,aus,1.0777692577276822e-06,6.615524074967433e-07,1.6291517429524098
Marshall Islands,2002,china,1.82715331488969e-07,1.1215366050423605e-07,1.6291517429524098
Marshall Islands,2002,us,0.0005700158343186533,0.0003498850471016587,1.6291517429524098
Marshall Islands,2003,aus,2.207396473686929e-06,1.7422009412571356e-06,1.2670160033859916
Marshall Islands,2003,china,1.6254381719402056e-08,1.2828868519390137e-08,1.2670160033859916
Marshall Islands,2003,us,0.0014407063640012867,0.0011370861616199974,1.2670160033859916
Marshall Islands,2004,aus,4.14581898836663e-06,8.505500603914343e-07,4.874279811888638
Marshall Islands,2004,china,8.591710699914e-09,1.7626625945761962e-09,4.874279811888638
Marshall Islands,2004,us,0.0024978008008938353,0.0005124450990280782,4.874279811888638
Marshall Islands,2005,aus,1.0280043102533953e-07,2.456913220475187e-08,4.184129507246377
Marshall Islands,2005,china,8.250258585069663e-12,1.9717980934340752e-12,4.184129507246377
Marshall Islands,2005,us,0.0038257120503235867,0.0009143388233318168,4.184129507246377
Marshall Islands,2006,aus,1.8377936632900783e-05,2.3837702594538756e-06,7.709608994413408
Marshall Islands,2006,china,9.423832821650374e-07,1.222348997008686e-07,7.709608994413408
Marshall Islands,2006,us,0.0035677234403488564,0.0004627632144424089,7.709608994413408
Marshall Islands,2007,aus,1.815116818637323e-05,4.860300871365746e-06,3.734577069767442
Marshall Islands,2007,china,1.8273048384454847e-08,4.892936480647523e-09,3.734577069767442
Marshall Islands,2007,us,0.002416790187109051,0.0006471389241565575,3.734577069767442
Marshall Islands,2008,aus,3.8838239327728455e-05,3.496675112570189e-06,11.107191282401091
Marshall Islands,2008,china,1.4453640320270529e-09,1.3012867027123008e-10,11.107191282401091
Marshall Islands,2008,us,0.003470563055470734,0.00031246090638321005,11.107191282401091
Marshall Islands,2009,aus,1.5460996979602567e-05,3.533162291292925e-06,4.375965694444444
Marshall Islands,2009,china,0.0006129100841284526,0.000140062817427152,4.375965694444444
Marshall Islands,2009,us,0.0032352911968578243,0.000739331937854363,4.375965694444444
Marshall Islands,2010,aus,9.130930374510411e-06,2.0201815844039287e-06,4.51985625698324
Marshall Islands,2010,china,0.00011756963311778381,2.6011807994145192e-05,4.51985625698324
Marshall Islands,2010,us,0.0040517524440103585,0.0008964339159570275,4.51985625698324
Marshall Islands,2011,aus,1.094694420218171e-05,3.7050669102154694e-06,2.9545874521183983
Marshall Islands,2011,china,0.0006345273056154558,0.00021476003533437755,2.9545874521183983
Marshall Islands,2011,us,0.004878246691341045,0.0016510754108305069,2.9545874521183983
Marshall Islands,2012,aus,1.0196291383240231e-05,1.8355955128794615e-06,5.554759374654123
Marshall Islands,2012,china,0.0011732502121100264,0.00021121530798678045,5.554759374654123
Marshall Islands,2012,us,0.0038394753227998465,0.0006912046164085944,5.554759374654123
Marshall Islands,2013,aus,8.589904638139283e-06,1.8983965309224682e-06,4.52482107832618
Marshall Islands,2013,china,0.011720410798219857,0.0025902484529963924,4.52482107832618
Marshall Islands,2013,us,0.0032221912393050316,0.0007121146192363882,4.52482107832618
Marshall Islands,2014,aus,7.736441020909848e-06,1.6867700726771884e-06,4.586541548387097
Marshall Islands,2014,china,0.004915653733388203,0.001071756067513842,4.586541548387097
Marshall Islands,2014,us,0.002951190897537906,0.0006434458003712453,4.586541548387097
Marshall Islands,2015,aus,4.85485315201024e-06,1.4846260171207443e-06,3.270084921066957
Marshall Islands,2015,china,0.002744176378611829,0.0008391758761165334,3.270084921066957
Marshall Islands,2015,us,0.002101921124824914,0.0006427726421670735,3.270084921066957
Marshall Islands,2016,aus,1.2412661953958072e-05,4.1864582551177845e-06,2.964955386521308
Marshall Islands,2016,china,0.0016877174352072735,0.0005692218651517117,2.964955386521308
Marshall Islands,2016,us,0.0016507962819901627,0.0005567693495472766,2.964955386521308
Marshall Islands,2017,aus,8.840508985009164e-07,2.9396500692229296e-07,3.007333790360318
Marshall Islands,2017,china,0.0015194944263320844,0.0005052629778585466,3.007333790360318
Marshall Islands,2017,us,0.0012282662168865413,0.0004084236411746562,3.007333790360318
Marshall Islands,2018,aus,7.349766048790194e-05,2.0663820679389604e-05,3.5568282181818183
Marshall Islands,2018,china,0.005606821560903879,0.0015763543294677236,3.5568282181818183
Marshall Islands,2018,us,0.002951751616606355,0.0008298830968326137,3.5568282181818183
Marshall Islands,2019,aus,2.9874944461124856e-07,5.570366300142348e-08,5.363192086732504
Marshall Islands,2019,china,0.010119315694799317,0.0018868083654569338,5.363192086732504
Marshall Islands,2019,us,0.001019760715623365,0.0001901406287770403,5.363192086732504
Marshall Islands,2020,aus,1.831225523100586e-06,5.337552187714673e-07,3.430833945409429
Marshall Islands,2020,china,0.0003234531921158171,9.427830004673013e-05,3.430833945409429
Marshall Islands,2020,us,0.010821896257711032,0.0031543048803603837,3.430833945409429
Marshall Islands,2021,aus,1.8189751730719767e-07,2.8323802142452852e-08,6.4220727285254675
Marshall Islands,2021,china,3.414429375527137e-05,5.316709292875142e-06,6.4220727285254675
Marshall Islands,2021,us,0.0016367589290415584,0.00025486458939828364,6.4220727285254675
Marshall Islands,2022,aus,1.606825700374299e-08,3.497402015435314e-09,4.594340865827805
Marshall Islands,2022,china,9.114167540459216e-07,1.9837813097955745e-07,4.594340865827805
Marshall Islands,2022,us,0.0026665391097826156,0.0005803964459006592,4.594340865827805
Marshall Islands,2023,aus,5.41262231061942e-07,1.2688269025817953e-07,4.265847689393939
Marshall Islands,2023,china,5.7435875226784164e-06,1.3464117664019138e-06,4.265847689393939
Marshall Islands,2023,us,0.002176612088167735,0.0005102413978772347,4.265847689393939
Marshall Islands,2024,aus,1.7316123070186698e-06,4.6173215237596597e-07,3.7502528210526314
Marshall Islands,2024,china,0.0002537650594905138,6.766612055218355e-05,3.7502528210526314
Marshall Islands,2024,us,0.0025079098169658626,0.0006687308660598342,3.7502528210526314
Micronesia,2002,aus,4.274099057190771e-07,1.2625635825385245e-06,0.3385254506230268
Micronesia,2002,china,0.0,0.0,0.3385254506230268
Micronesia,2002,us,0.023079463906251218,0.06817645132374969,0.3385254506230268
Micronesia,2003,aus,8.520788206758022e-07,2.2302308612025593e-06,0.38205857317226527
Micronesia,2003,china,0.0,0.0,0.38205857317226527
Micronesia,2003,us,0.020053073870041228,0.052486909804271176,0.38205857317226527
Micronesia,2004,aus,1.5803936956175758e-06,4.893795305839451e-06,0.3229382507543366
Micronesia,2004,china,0.0,0.0,0.3229382507543366
Micronesia,2004,us,0.015598713966394654,0.048302466276318574,0.3229382507543366
Micronesia,2005,aus,1.9462715874534866e-07,9.155461261277156e-07,0.2125803967611336
Micronesia,2005,china,2.343144229775813e-07,1.1022390895284158e-06,0.2125803967611336
Micronesia,2005,us,0.0013719752569751624,0.006453912392104457,0.2125803967611336
Micronesia,2006,aus,1.4081878554075109e-08,9.562712153929721e-08,0.147258208
Micronesia,2006,china,6.498026816365524e-06,4.4126754661889705e-05,0.147258208
Micronesia,2006,us,0.00021038353702335216,0.0014286710389912673,0.147258208
Micronesia,2007,aus,1.1125367614112486e-07,8.829128385095901e-07,0.1260075415019763
Micronesia,2007,china,5.3390134970386323e-05,0.00042370586977565116,0.1260075415019763
Micronesia,2007,us,0.001560514389646011,0.012384293598979043,0.1260075415019763
Micronesia,2008,aus,1.8319140803195134e-07,1.4129590113958928e-06,0.12965090038314175
Micronesia,2008,china,1.09028062442042e-07,8.40935636542781e-07,0.12965090038314175
Micronesia,2008,us,0.0007557836601275739,0.005829374558094831,0.12965090038314175
Micronesia,2009,aus,7.989013514835204e-07,3.853752952383107e-06,0.2073047653429603
Micronesia,2009,china,5.077215533257835e-05,0.00024491552448677216,0.2073047653429603
Micronesia,2009,us,0.00048328285399542594,0.002331267461198462,0.2073047653429603
Micronesia,2010,aus,2.7962137781401827e-08,1.2874374233998015e-07,0.2171922089041096
Micronesia,2010,china,4.35131320948142e-05,0.0002003438903926119,0.2171922089041096
Micronesia,2010,us,0.001100130583116502,0.005065239626538399,0.2171922089041096
Micronesia,2011,aus,6.057353929172657e-07,3.191483828639881e-06,0.18979741883116882
Micronesia,2011,china,1.6312008462513556e-05,8.594431137666649e-05,0.18979741883116882
Micronesia,2011,us,0.0002534120280024416,0.001335171097494535,0.18979741883116882
Micronesia,2012,aus,5.1730561119213095e-08,1.9159960097538681e-07,0.2699930524691358
Micronesia,2012,china,0.0002736483340833801,0.0010135384284181244,0.2699930524691358
Micronesia,2012,us,0.00026675994799020113,0.0009880252308369889,0.2699930524691358
Micronesia,2013,aus,1.0725539615228155e-06,7.805186196654099e-06,0.13741555095541402
Micronesia,2013,china,0.0005950198262125486,0.004330076341982642,0.13741555095541402
Micronesia,2013,us,0.00021544129440330864,0.0015678086861741793,0.13741555095541402
Micronesia,2014,aus,3.1564992796526853e-06,2.7847427340189148e-05,0.11334976265822785
Micronesia,2014,china,0.00023308295973678732,0.002056316257490357,0.11334976265822785
Micronesia,2014,us,0.00018875680821632087,0.0016652598451878573,0.11334976265822785
Micronesia,2015,aus,1.064663484458433e-06,1.4161917909737672e-05,0.07517791666666666
Micronesia,2015,china,1.906499787900923e-05,0.00025359838000754963,0.07517791666666666
Micronesia,2015,us,0.00019025648658815256,0.0025307496539407415,0.07517791666666666
Micronesia,2016,aus,9.567313830000527e-09,5.003476387461842e-08,0.19121333027522935
Micronesia,2016,china,0.00015827996480281148,0.000827766372642461,0.19121333027522935
Micronesia,2016,us,0.00024747708777808847,0.001294245999595708,0.19121333027522935
Micronesia,2017,aus,2.998915240231738e-09,1.1244809460993676e-08,0.2666932908587258
Micronesia,2017,china,0.00027592080842383837,0.0010345997364065698,0.2666932908587258
Micronesia,2017,us,0.0002602428910940387,0.0009758134156884208,0.2666932908587258
Micronesia,2018,aus,8.851993329403978e-09,2.7875373784180124e-08,0.31755604060913706
Micronesia,2018,china,0.0008868708084883152,0.002792800939283399,0.31755604060913706
Micronesia,2018,us,0.0002674306702465739,0.0008421526787321932,0.31755604060913706
Micronesia,2019,aus,6.970176683899074e-07,1.6331487171238848e-06,0.4267937518987342
Micronesia,2019,china,0.00029269885976628473,0.0006858086803382578,0.4267937518987342
Micronesia,2019,us,0.00015573528635775882,0.0003648958909658788,0.4267937518987342
Micronesia,2020,aus,9.695945930089491e-09,2.3925079875404395e-08,0.40526284470453017
Micronesia,2020,china,0.00010258518476098495,0.00025313246970809267,0.40526284470453017
Micronesia,2020,us,0.0004499332517750759,0.0011102257649677066,0.40526284470453017
Micronesia,2021,aus,1.2054144750152262e-07,2.3694448601230098e-07,0.5087328662092804
Micronesia,2021,china,0.00038359796301655973,0.0007540263043645323,0.5087328662092804
Micronesia,2021,us,0.00039461494240578676,0.0007756820300331288,0.5087328662092804
Micronesia,2022,aus,1.6905891291955612e-07,3.3008137080688713e-07,0.5121734453122573
Micronesia,2022,china,2.1148535892538465e-07,4.129174615768066e-07,0.5121734453122573
Micronesia,2022,us,0.0003757009118031096,0.0007335423482840968,0.5121734453122573
Micronesia,2023,aus,9.387139952457964e-07,2.1712573346963618e-06,0.4323365914510867
Micronesia,2023,china,0.0015412053562255477,0.00356482746707299,0.4323365914510867
Micronesia,2023,us,0.00035384560223895454,0.0008184493499643728,0.4323365914510867
Micronesia,2024,aus,6.674775050619508e-07,9.73680522557322e-07,0.6855200341369214
Micronesia,2024,china,0.006711073732221678,0.009789755802937264,0.6855200341369214
Micronesia,2024,us,0.0005416005082791959,0.0007900578849764442,0.6855200341369214
Nauru,2002,aus,0.00030282043566464035,0.000503520476884377,0.6014063966939259
Nauru,2002,china,0.0,0.0,0.6014063966939259
Nauru,2002,us,0.0030202295245690485,0.005021944464129362,0.6014063966939259
Nauru,2003,aus,6.582379215258816e-06,7.846358948589184e-06,0.8389087547979642
Nauru,2003,china,0.0,0.0,0.8389087547979642
Nauru,2003,us,0.0008277283686320136,0.0009866727029584485,0.8389087547979642
Nauru,2004,aus,1.9979716662154383e-06,3.5473574280567176e-06,0.5632281794930233
Nauru,2004,china,1.679903561571308e-09,2.9826340775126593e-09,0.5632281794930233
Nauru,2004,us,0.00010349164545047127,0.00018374727902220175,0.5632281794930233
Nauru,2005,aus,2.3014467894923307e-05,0.00015549084846283787,0.14801171980500022
Nauru,2005,china,3.5069604349533334e-09,2.3693802352770575e-08,0.14801171980500022
Nauru,2005,us,0.00016148589335301177,0.0010910345043335977,0.14801171980500022
Nauru,2006,aus,2.7313990297127983e-05,8.232060546353357e-05,0.33180016283076963
Nauru,2006,china,4.1406507487082566e-09,1.247935116541863e-08,0.33180016283076963
Nauru,2006,us,0.0004093427359969573,0.0012337026374689794,0.33180016283076963
Nauru,2007,aus,0.0005961568146249212,0.0005206201948325371,1.1450896844612053
Nauru,2007,china,0.0,0.0,1.1450896844612053
Nauru,2007,us,0.00059764968211867,0.0005219239071216329,1.1450896844612053
Nauru,2008,aus,0.000765150803586511,0.00021498555964787988,3.559079990487429
Nauru,2008,china,0.0,0.0,3.559079990487429
Nauru,2008,us,0.0002440254429827367,6.856419176724278e-05,3.559079990487429
Nauru,2009,aus,7.437759306262441e-05,0.00013877755609914788,0.5359482840977995
Nauru,2009,china,0.0,0.0,0.5359482840977995
Nauru,2009,us,0.00023490129342049114,0.0004382909702116455,0.5359482840977995
Nauru,2010,aus,0.00025680447108427214,0.00020622035072024434,1.2452916028285177
Nauru,2010,china,0.0,0.0,1.2452916028285177
Nauru,2010,us,9.305305189034246e-05,7.47239053720306e-05,1.2452916028285177
Nauru,2011,aus,0.000122558343927086,0.0001050460698111051,1.1667104171290905
Nauru,2011,china,6.165671943703845e-08,5.284663489056381e-08,1.1667104171290905
Nauru,2011,us,0.00012586172950207583,0.00010787743698370516,1.1667104171290905
Nauru,2012,aus,8.34125291215634e-05,8.368890213551857e-05,0.9966976145354657
Nauru,2012,china,2.540324239649295e-06,2.5487411654268605e-06,0.9966976145354657
Nauru,2012,us,0.00026537655673682147,0.0002662558361399374,0.9966976145354657
Nauru,2013,aus,0.0002599944901567439,0.0003619611208877254,0.7182939690293149
Nauru,2013,china,2.6807772858405784e-06,3.7321450567980073e-06,0.7182939690293149
Nauru,2013,us,0.00016463692100446878,0.00022920548981770672,0.7182939690293149
Nauru,2014,aus,7.614560993705118e-05,0.00020856288299570636,0.36509665019647225
Nauru,2014,china,1.1957554218588992e-07,3.2751750015110194e-07,0.36509665019647225
Nauru,2014,us,5.014190465500617e-05,0.00013733871463357148,0.36509665019647225
Nauru,2015,aus,0.0005488346667668613,0.001419438183063076,0.3866562653559902
Nauru,2015,china,6.344739997923328e-06,1.6409251747367383e-05,0.3866562653559902
Nauru,2015,us,0.00024310193159799752,0.0006287288048317961,0.3866562653559902
Nauru,2016,aus,0.00010300431074731506,0.00045821724383050095,0.22479361511199994
Nauru,2016,china,2.7785850115998863e-07,1.2360604682724192e-06,0.22479361511199994
Nauru,2016,us,0.0011153899186845885,0.0049618398553217926,0.22479361511199994
Nauru,2017,aus,0.0001973101667998802,0.0007599196283179195,0.25964609867575844
Nauru,2017,china,7.090723803323795e-06,2.7309186771870463e-05,0.25964609867575844
Nauru,2017,us,0.0008185199967583733,0.003152444812123008,0.25964609867575844
Nauru,2018,aus,0.00010362220880992075,0.0006619159115689437,0.15654890145230735
Nauru,2018,china,3.988391491789992e-06,2.547696888824899e-05,0.15654890145230735
Nauru,2018,us,0.0017404992879256696,0.011117927189389528,0.15654890145230735
Nauru,2019,aus,0.00023566703550813477,0.0006856960871841023,0.34369021482378764
Nauru,2019,china,1.9472742602532647e-07,5.665783243935664e-07,0.34369021482378764
Nauru,2019,us,0.0034267541959577875,0.009970473549020614,0.34369021482378764
Nauru,2020,aus,7.71279536615876e-06,7.292363534290678e-06,1.0576537126668326
Nauru,2020,china,6.147324569052034e-06,5.812228043479179e-06,1.0576537126668326
Nauru,2020,us,0.0031333810765653497,0.0029625774854651165,1.0576537126668326
Nauru,2021,aus,3.238251136000784e-05,2.293397908239605e-05,1.4119883533365745
Nauru,2021,china,1.2091637894124956e-05,8.563553562996481e-06,1.4119883533365745
Nauru,2021,us,0.0015606842662984357,0.001105309588857789,1.4119883533365745
Nauru,2022,aus,1.788425371753098e-05,1.445968121310234e-05,1.2368359615926756
Nauru,2022,china,9.278137154207798e-07,7.501509854435609e-07,1.2368359615926756
Nauru,2022,us,0.001215238767760869,0.000982538352293706,1.2368359615926756
Nauru,2023,aus,6.0551929436606836e-06,4.338042009112377e-06,1.395835478527249
Nauru,2023,china,4.951490595709917e-10,3.5473310944454943e-10,1.395835478527249
Nauru,2023,us,0.0003265348115910409,0.00023393502788420948,1.395835478527249
Nauru,2024,aus,1.1737269369790229e-06,9.73626322693739e-07,1.2055209577034278
Nauru,2024,china,0.002785254807899314,0.0023104159161242213,1.2055209577034278
Nauru,2024,us,0.0016629796179646046,0.0013794696868088103,1.2055209577034278
Niue,2002,aus,,6.856105526756749e-08,
Niue,2002,china,,0.0,
Niue,2002,us,,0.008252924745058537,
Niue,2003,aus,,3.0000349707827423e-07,
Niue,2003,china,,0.0,
Niue,2003,us,,0.06287117150871374,
Niue,2004,aus,,0.0,
Niue,2004,china,,0.0,
Niue,2004,us,,0.020102035776141162,
Niue,2005,aus,,5.688845209095381e-06,
Niue,2005,china,,0.0,
Niue,2005,us,,0.008361768851309527,
Niue,2006,aus,,1.1134360768362986e-07,
Niue,2006,china,,0.0,
Niue,2006,us,,0.001377427207089174,
Niue,2007,aus,,1.0913831827783131e-05,
Niue,2007,china,,0.0,
Niue,2007,us,,0.01500965240014482,
Niue,2008,aus,,1.2076324517741072e-06,
Niue,2008,china,,0.0,
Niue,2008,us,,0.0010246199980511047,
Niue,2009,aus,,1.9321147680647462e-06,
Niue,2009,china,,0.0,
Niue,2009,us,,3.6091392644031623e-07,
Niue,2010,aus,,4.233240393248773e-09,
Niue,2010,china,,0.0,
Niue,2010,us,,6.97957966572873e-08,
Niue,2011,aus,,1.2701996621578346e-05,
Niue,2011,china,,0.0,
Niue,2011,us,,8.008025320763226e-05,
Niue,2012,aus,,1.076696739878096e-05,
Niue,2012,china,,0.0,
Niue,2012,us,,0.0008235259928748001,
Niue,2013,aus,,6.065151122032397e-08,
Niue,2013,china,,0.0,
Niue,2013,us,,0.01068008498962545,
Niue,2014,aus,,1.566415935890003e-05,
Niue,2014,china,,0.0,
Niue,2014,us,,0.001641632183336846,
Niue,2015,aus,,1.7939203962941864e-06,
Niue,2015,china,,0.0,
Niue,2015,us,,0.012615534122353667,
Niue,2016,aus,,0.00010138233833980662,
Niue,2016,china,,0.0,
Niue,2016,us,,0.04987695932111304,
Niue,2017,aus,,1.322312324062581e-07,
Niue,2017,china,,0.0,
Niue,2017,us,,0.0001866453087923139,
Niue,2018,aus,,2.4093805888317386e-09,
Niue,2018,china,,0.0,
Niue,2018,us,,0.0005342413860463421,
Niue,2019,aus,,2.560050870944772e-07,
Niue,2019,china,,0.0,
Niue,2019,us,,0.0006857294627126083,
Niue,2020,aus,,3.313599519145738e-05,
Niue,2020,china,,0.0,
Niue,2020,us,,0.0010582737473058177,
Niue,2021,aus,,0.00016384872803012525,
Niue,2021,china,,0.0,
Niue,2021,us,,0.0016141056608081864,
Niue,2022,aus,,0.0001121515069293627,
Niue,2022,china,,0.0,
Niue,2022,us,,0.0659737812487063,
Niue,2023,aus,,6.116601860280059e-05,
Niue,2023,china,,0.0,
Niue,2023,us,,0.052972433396037424,
Niue,2024,aus,,9.008889102619306e-07,
Niue,2024,china,,0.0,
Niue,2024,us,,0.08895322640212303,
Palau,2002,aus,9.183192640377292e-09,5.7870649076947073e-08,0.15868480459182271
Palau,2002,china,0.0,0.0,0.15868480459182271
Palau,2002,us,0.029968973360409983,0.18885849491069878,0.15868480459182271
Palau,2003,aus,1.5817425900475442e-11,1.509732050796874e-10,0.10476975627646383
Palau,2003,china,0.0,0.0,0.10476975627646383
Palau,2003,us,0.0029297053439168966,0.027963273448742814,0.10476975627646383
Palau,2004,aus,3.5137948250911514e-05,0.000306056767959954,0.11480859738906063
Palau,2004,china,0.0,0.0,0.11480859738906063
Palau,2004,us,8.539005480805674e-05,0.0007437601081275208,0.11480859738906063
Palau,2005,aus,6.673122508094749e-09,3.905807771966456e-08,0.1708512783447874
Palau,2005,china,0.0,0.0,0.1708512783447874
Palau,2005,us,1.4921264378354958e-05,8.73348126096137e-05,0.1708512783447874
Palau,2006,aus,1.8261116960149116e-08,8.243981123879773e-08,0.22150847613240396
Palau,2006,china,2.0506971362031996e-07,9.257872077894756e-07,0.22150847613240396
Palau,2006,us,2.3375102682776882e-05,0.00010552689942575698,0.22150847613240396
Palau,2007,aus,1.094014370892858e-07,6.586185029222485e-07,0.1661074455149355
Palau,2007,china,5.830816966929777e-12,3.5102682777729556e-11,0.1661074455149355
Palau,2007,us,5.8182809553513045e-05,0.0003502721348410692,0.1661074455149355
Palau,2008,aus,7.302268892080581e-08,4.973616904380443e-07,0.14682009154442938
Palau,2008,china,1.5598433830066006e-05,0.00010624182062538592,0.14682009154442938
Palau,2008,us,6.02867626577382e-06,4.106165717754968e-05,0.14682009154442938
Palau,2009,aus,0.0,0.0,0.09972813025688959
Palau,2009,china,0.0,0.0,0.09972813025688959
Palau,2009,us,2.4939455575029024e-07,2.5007443246742424e-06,0.09972813025688959
Palau,2010,aus,8.790231492052328e-06,9.078408229774282e-05,0.09682569090937301
Palau,2010,china,4.127968031326716e-06,4.2632982967200455e-05,0.09682569090937301
Palau,2010,us,7.358129772393759e-06,7.599356847637501e-05,0.09682569090937301
Palau,2011,aus,0.0,0.0,0.0998035606189007
Palau,2011,china,6.979401818026732e-08,6.993139097188664e-07,0.0998035606189007
Palau,2011,us,8.580380736417333e-07,8.597269158744212e-06,0.0998035606189007
Palau,2012,aus,7.828464979881725e-11,6.202262061307769e-10,0.12621951317921362
Palau,2012,china,6.196529329941406e-06,4.909327546797952e-05,0.12621951317921362
Palau,2012,us,0.0002551763951035859,0.002021687365734583,0.12621951317921362
Palau,2013,aus,3.616225240677595e-07,4.949670055779226e-06,0.07305992520562651
Palau,2013,china,1.5986958562277649e-06,2.1881980466421908e-05,0.07305992520562651
Palau,2013,us,3.534445513599378e-05,0.0004837734919179991,0.07305992520562651
Palau,2014,aus,1.2479157799983386e-06,1.3028332617735324e-05,0.095784765143282
Palau,2014,china,1.56171201367171e-05,0.0001630438839971664,0.095784765143282
Palau,2014,us,0.0026738930065387427,0.027915639846680565,0.095784765143282
Palau,2015,aus,5.353892033464808e-07,8.149292863314382e-06,0.06569762706119434
Palau,2015,china,2.4608910369909116e-07,3.7457837475601728e-06,0.06569762706119434
Palau,2015,us,0.0011880278728763156,0.01808326915323322,0.06569762706119434
Palau,2016,aus,6.478469462718547e-10,8.146430439693088e-09,0.07952525355341548
Palau,2016,china,1.2390738942386835e-05,0.00015580885805116268,0.07952525355341548
Palau,2016,us,0.00023184478016054469,0.0029153604647713482,0.07952525355341548
Palau,2017,aus,1.553000467270187e-05,0.00016112345218324278,0.0963857493261743
Palau,2017,china,2.7733050860573894e-11,2.8772978427260893e-10,0.0963857493261743
Palau,2017,us,0.00013538829641446945,0.0014046505563421886,0.0963857493261743
Palau,2018,aus,1.8773770366643755e-07,1.7084146334959764e-06,0.10989001146768725
Palau,2018,china,1.3970926701400473e-05,0.0001271355468509399,0.10989001146768725
Palau,2018,us,0.00010009891151144354,0.0009109009105971134,0.10989001146768725
Palau,2019,aus,1.8449630411853583e-07,2.1748196936749795e-06,0.08483291955425352
Palau,2019,china,1.1342405659818346e-05,0.00013370287995999588,0.08483291955425352
Palau,2019,us,0.00017100920557184946,0.0020158354382992004,0.08483291955425352
Palau,2020,aus,3.640487133638577e-07,6.48883156705241e-06,0.05610389322052151
Palau,2020,china,6.407128357845951e-08,1.142011363215409e-06,0.05610389322052151
Palau,2020,us,0.00023587358711065417,0.004204228504847807,0.05610389322052151
Palau,2021,aus,5.536297851490449e-07,2.3451473673412284e-05,0.02360746249293124
Palau,2021,china,9.547214977994332e-07,4.0441512851510596e-05,0.02360746249293124
Palau,2021,us,0.0003152050406275311,0.013351923813154956,0.02360746249293124
Palau,2022,aus,8.874038564253677e-07,2.769048376898341e-05,0.032047250016605494
Palau,2022,china,1.7022232426749758e-06,5.311604714267083e-05,0.032047250016605494
Palau,2022,us,0.0003146302094227534,0.009817697595260924,0.032047250016605494
Palau,2023,aus,2.829465166813323e-09,1.2776543624895429e-07,0.02214577940547267
Palau,2023,china,4.410341355189371e-09,1.9915042385455564e-07,0.02214577940547267
Palau,2023,us,0.00020299038245061765,0.009166097915725405,0.02214577940547267
Palau,2024,aus,0.0,0.0,0.06118917603302781
Palau,2024,china,3.9373715633598736e-09,6.434751730003058e-08,0.06118917603302781
Palau,2024,us,0.0005734100115052107,0.00937110202620973,0.06118917603302781
Papua New Guinea,2002,aus,0.002748248924385722,0.003871704616104806,0.7098291829790063
Papua New Guinea,2002,china,0.0015164807637544138,0.0021364023910514043,0.7098291829790063
Papua New Guinea,2002,us,0.0018057188323280522,0.0025438779858977106,0.7098291829790063
Papua New Guinea,2003,aus,0.003660862141937858,0.004916527095398942,0.744603267896931
Papua New Guinea,2003,china,0.0017751139204180905,0.002383972777116262,0.744603267896931
Papua New Guinea,2003,us,0.0007080708396899742,0.0009509370563063206,0.744603267896931
Papua New Guinea,2004,aus,0.0035249892745047202,0.004607129721414459,0.7651161325282794
Papua New Guinea,2004,china,0.0017607163561979189,0.002301240663139254,0.7651161325282794
Papua New Guinea,2004,us,0.0007164374475205393,0.0009363773903879345,0.7651161325282794
Papua New Guinea,2005,aus,0.0031399725333201836,0.004566270697239354,0.687644851020008
Papua New Guinea,2005,china,0.0019203558550475463,0.002792656488591479,0.687644851020008
Papua New Guinea,2005,us,0.00047246267117554173,0.0006870736696053508,0.687644851020008
Papua New Guinea,2006,aus,0.002909916618381321,0.006231174085577783,0.46699331111875053
Papua New Guinea,2006,china,0.0017028212296066867,0.0036463503631932763,0.46699331111875053
Papua New Guinea,2006,us,0.00038996037299025507,0.0008350448790284558,0.46699331111875053
Papua New Guinea,2007,aus,0.0031028627177349783,0.005969598569600276,0.5197774492804372
Papua New Guinea,2007,china,0.0019734791649066554,0.003796777193082684,0.5197774492804372
Papua New Guinea,2007,us,0.00056760153064638,0.001092008765351688,0.5197774492804372
Papua New Guinea,2008,aus,0.003569582093076032,0.006854429899234425,0.52077009256083
Papua New Guinea,2008,china,0.0018031735999011877,0.0034625137381339983,0.52077009256083
Papua New Guinea,2008,us,0.0002873691325790344,0.0005518157372784757,0.52077009256083
Papua New Guinea,2009,aus,0.004147873402902845,0.009461791475442342,0.43838140099245104
Papua New Guinea,2009,china,0.0013385621925770335,0.0030534192133759882,0.43838140099245104
Papua New Guinea,2009,us,0.00029417251186888846,0.0006710424101088955,0.43838140099245104
Papua New Guinea,2010,aus,0.0032046508928331888,0.007065293952497144,0.453576442024828
Papua New Guinea,2010,china,0.0030031581180354613,0.006621062823785441,0.453576442024828
Papua New Guinea,2010,us,0.0002647814309273954,0.0005837636314297419,0.453576442024828
Papua New Guinea,2011,aus,0.005330978146606501,0.008141864374639641,0.6547613545629039
Papua New Guinea,2011,china,0.003635790722454781,0.005552848678556953,0.6547613545629039
Papua New Guinea,2011,us,0.0002273722627173393,0.000347259747590212,0.6547613545629039
Papua New Guinea,2012,aus,0.002658752703301979,0.005414668576909228,0.4910277823171283
Papua New Guinea,2012,china,0.002705208199586964,0.005509277269040179,0.4910277823171283
Papua New Guinea,2012,us,0.00021134590263530815,0.0004304153659859744,0.4910277823171283
Papua New Guinea,2013,aus,0.0010815851272110836,0.0033881961419104612,0.31922152139669907
Papua New Guinea,2013,china,0.0042547219156087186,0.013328430667809964,0.31922152139669907
Papua New Guinea,2013,us,0.00019041417476026976,0.0005964954177498596,0.31922152139669907
Papua New Guinea,2014,aus,0.0008879129265421327,0.002077078288329283,0.4274816849856601
Papua New Guinea,2014,china,0.005553517915301139,0.01299124175457349,0.4274816849856601
Papua New Guinea,2014,us,0.00024128844851859833,0.0005644416053209213,0.4274816849856601
Papua New Guinea,2015,aus,0.0007264925421169458,0.0016393293962272616,0.44316446944030247
Papua New Guinea,2015,china,0.005617661521388149,0.012676245296657045,0.44316446944030247
Papua New Guinea,2015,us,0.00023602760995594535,0.0005325959688375695,0.44316446944030247
Papua New Guinea,2016,aus,0.0011800598308469923,0.0028014347825634114,0.42123408982849714
Papua New Guinea,2016,china,0.00614596043831666,0.014590368127183034,0.42123408982849714
Papua New Guinea,2016,us,0.00016618067230898898,0.0003945090777829696,0.42123408982849714
Papua New Guinea,2017,aus,0.0009638953065683519,0.002064816383040594,0.4668188970628686
Papua New Guinea,2017,china,0.008272822656490098,0.017721696162132785,0.4668188970628686
Papua New Guinea,2017,us,0.0001959099964684419,0.00041967023550475044,0.4668188970628686
Papua New Guinea,2018,aus,0.0009180162515573797,0.001978320872872849,0.46403809621857156
Papua New Guinea,2018,china,0.009882110169763978,0.021295902750857982,0.46403809621857156
Papua New Guinea,2018,us,0.00014874965170566455,0.00032055482710971293,0.46403809621857156
Papua New Guinea,2019,aus,0.002845987620585033,0.004652605736691519,0.6116975694159769
Papua New Guinea,2019,china,0.008529165745967559,0.013943435731011401,0.6116975694159769
Papua New Guinea,2019,us,0.00011609839980770325,0.00018979705922086485,0.6116975694159769
Papua New Guinea,2020,aus,0.002737203462800619,0.0049214089615162914,0.5561828907543753
Papua New Guinea,2020,china,0.007041875789055203,0.012661079486828508,0.5561828907543753
Papua New Guinea,2020,us,0.00014319534931753192,0.0002574609030553057,0.5561828907543753
Papua New Guinea,2021,aus,0.001135066409121904,0.0020746897342452104,0.5471017619580841
Papua New Guinea,2021,china,0.009974001208953977,0.018230614307029283,0.5471017619580841
Papua New Guinea,2021,us,0.0001852427825462783,0.00033858926332697604,0.5471017619580841
Papua New Guinea,2022,aus,0.0009758727998373702,0.0018070904989893122,0.5400243100072554
Papua New Guinea,2022,china,0.00875259465421933,0.016207778968509282,0.5400243100072554
Papua New Guinea,2022,us,7.687158922268139e-05,0.00014234838654142922,0.5400243100072554
Papua New Guinea,2023,aus,0.0011624525031435286,0.00227205439213405,0.5116305785495229
Papua New Guinea,2023,china,0.008913389875800018,0.01742153469612695,0.5116305785495229
Papua New Guinea,2023,us,7.171520822336008e-05,0.00014016990232810814,0.5116305785495229
Papua New Guinea,2024,aus,0.0008236576802145364,0.0018278604658126965,0.45061299569621405
Papua New Guinea,2024,china,0.009469398193525479,0.021014480904828103,0.45061299569621405
Papua New Guinea,2024,us,0.00010295786998946247,0.00022848402281516246,0.45061299569621405
Samoa,2002,aus,0.0006296706255285106,0.005309078580570405,0.11860261926295676
Samoa,2002,china,0.0,0.0,0.11860261926295676
Samoa,2002,us,0.002992106573663781,0.025227997427526527,0.11860261926295676
Samoa,2003,aus,0.00017455052442240997,0.0032099130122930247,0.054378584015807495
Samoa,2003,china,8.441567685648843e-06,0.00015523698967952044,0.054378584015807495
Samoa,2003,us,0.0014500655143466475,0.026666113886399157,0.054378584015807495
Samoa,2004,aus,7.824470930204314e-06,0.0002018546463332139,0.03876289732408724
Samoa,2004,china,9.76641483903365e-05,0.0025195265352274906,0.03876289732408724
Samoa,2004,us,0.0010071761378477758,0.025982994238717992,0.03876289732408724
Samoa,2005,aus,0.00017154813589294205,0.0028859314017351118,0.05944290144589091
Samoa,2005,china,2.432352563400712e-06,4.09191426433787e-05,0.05944290144589091
Samoa,2005,us,0.0014941308002887868,0.025135563102498443,0.05944290144589091
Samoa,2006,aus,0.0010212024592489793,0.005925566532310592,0.17233836691911647
Samoa,2006,china,7.783712453069292e-09,4.5165290771975466e-08,0.17233836691911647
Samoa,2006,us,0.0006876869118474763,0.003990329745727649,0.17233836691911647
Samoa,2007,aus,0.0012212536837249008,0.006569667032856167,0.18589278233085124
Samoa,2007,china,9.312361140728882e-06,5.009533465454715e-05,0.18589278233085124
Samoa,2007,us,0.0007784718947418093,0.0041877467483180065,0.18589278233085124
Samoa,2008,aus,0.0008192840839100381,0.006233475425342936,0.1314329532092388
Samoa,2008,china,8.569808940162172e-05,0.0006520289418224664,0.1314329532092388
Samoa,2008,us,0.0005919263579089286,0.004503637356200868,0.1314329532092388
Samoa,2009,aus,0.00033870787137273465,0.0024998391646410462,0.13549186530221033
Samoa,2009,china,0.0003642771782547179,0.002688553865888621,0.13549186530221033
Samoa,2009,us,0.0004167030450713738,0.003075483861277803,0.13549186530221033
Samoa,2010,aus,0.0005355851712083868,0.0035601611245104107,0.15043846401250724
Samoa,2010,china,7.504713578046051e-07,4.988560357424362e-06,0.15043846401250724
Samoa,2010,us,0.00039560755879028165,0.0026296968756433954,0.15043846401250724
Samoa,2011,aus,0.0003845221011883725,0.003441334108680322,0.11173634673206098
Samoa,2011,china,6.226002279482019e-08,5.572047468503429e-07,0.11173634673206098
Samoa,2011,us,0.000249141536626199,0.0022297268875599617,0.11173634673206098
Samoa,2012,aus,0.0001811502567999259,0.0018023906724854793,0.1005055449771727
Samoa,2012,china,4.452744863569412e-09,4.430347464491378e-08,0.1005055449771727
Samoa,2012,us,0.0003394793069336322,0.00337771718974049,0.1005055449771727
Samoa,2013,aus,0.00021158649551858812,0.0016519153443688794,0.12808555610301298
Samoa,2013,china,5.029885138258414e-08,3.926972947842083e-07,0.12808555610301298
Samoa,2013,us,0.0007842256185232809,0.006122670208751457,0.12808555610301298
Samoa,2014,aus,0.00022493350829076692,0.0031577358140279523,0.07123252910883818
Samoa,2014,china,1.5204552133789996e-07,2.134495619348084e-06,0.07123252910883818
Samoa,2014,us,0.0010035735239199287,0.01408869706684906,0.07123252910883818
Samoa,2015,aus,0.0002550091984029086,0.0024707161604978507,0.1032126646030939
Samoa,2015,china,2.6253449668313433e-06,2.5436267699580793e-05,0.1032126646030939
Samoa,2015,us,0.00034654559113530495,0.0033575878742008263,0.1032126646030939
Samoa,2016,aus,0.00019771394509909872,0.0018250909738427288,0.1083310081156185
Samoa,2016,china,1.7770076217587265e-06,1.6403499355070882e-05,0.1083310081156185
Samoa,2016,us,0.0005075097207573546,0.004684805667235224,0.1083310081156185
Samoa,2017,aus,0.00012252494795337565,0.001541662577055989,0.07947585274292215
Samoa,2017,china,1.5278484560043949e-06,1.9224058670329396e-05,0.07947585274292215
Samoa,2017,us,0.00043675381886593937,0.0054954279041043086,0.07947585274292215
Samoa,2018,aus,4.4950624639374636e-05,0.0005450640183854967,0.08246852318837765
Samoa,2018,china,1.5538259368513752e-06,1.8841442489543173e-05,0.08246852318837765
Samoa,2018,us,0.000620865600216962,0.007528516047253057,0.08246852318837765
Samoa,2019,aus,3.0161462475405704e-05,0.00037556444416543034,0.08030968571167521
Samoa,2019,china,1.6809363206455982e-06,2.093067985199733e-05,0.08030968571167521
Samoa,2019,us,0.0005270415591362282,0.006562615137461662,0.08030968571167521
Samoa,2020,aus,4.263746051646432e-06,7.659165656013284e-05,0.05566854463186762
Samoa,2020,china,3.4781242047042773e-06,6.247916534741264e-05,0.05566854463186762
Samoa,2020,us,0.00032755284586422995,0.0058839843583178815,0.05566854463186762
Samoa,2021,aus,6.524871606672404e-06,8.936080291926046e-05,0.07301715510062926
Samoa,2021,china,1.4198319577848732e-05,0.00019445183201510918,0.07301715510062926
Samoa,2021,us,0.0010476891004284786,0.014348533560155778,0.07301715510062926
Samoa,2022,aus,7.728569408709914e-06,7.473129783668985e-05,0.10341810770634735
Samoa,2022,china,4.409250472949845e-05,0.00042635188080116307,0.10341810770634735
Samoa,2022,us,0.0012751799557609797,0.01233033541265148,0.10341810770634735
Samoa,2023,aus,2.2102148035858484e-05,0.00026655463038601277,0.08291789193026254
Samoa,2023,china,8.353857674990556e-05,0.001007485535451927,0.08291789193026254
Samoa,2023,us,0.0007463942544862624,0.0090016067354198,0.08291789193026254
Samoa,2024,aus,1.6284024941677784e-05,0.00025749921913058955,0.06323912358514538
Samoa,2024,china,3.2026904190752254e-05,0.0005064413036596105,0.06323912358514538
Samoa,2024,us,0.00037969384912590843,0.006004097267646147,0.06323912358514538
Solomon Islands,2002,aus,4.6951828984815916e-06,2.086022819096997e-05,0.22507821369442427
Solomon Islands,2002,china,0.0011450399887415444,0.005087298188247128,0.22507821369442427
Solomon Islands,2002,us,0.0001932817258466071,0.0008587313835225945,0.22507821369442427
Solomon Islands,2003,aus,1.0077255534409778e-05,3.760402891925447e-05,0.26798340029065076
Solomon Islands,2003,china,0.0019881495294755552,0.007418927916129276,0.26798340029065076
Solomon Islands,2003,us,0.00018471683033217557,0.0006892845979707493,0.26798340029065076
Solomon Islands,2004,aus,1.527642358328036e-05,3.879166263976664e-05,0.39380687868789577
Solomon Islands,2004,china,0.0031246643733740106,0.007934509381311251,0.39380687868789577
Solomon Islands,2004,us,0.0007056975660728212,0.0017919889272226465,0.39380687868789577
Solomon Islands,2005,aus,1.9438478531322033e-05,5.302987413767211e-05,0.3665571311909461
Solomon Islands,2005,china,0.005794769070438502,0.01580863821039647,0.3665571311909461
Solomon Islands,2005,us,0.00022604842549993624,0.0006166799286253243,0.3665571311909461
Solomon Islands,2006,aus,1.8832085227349994e-05,4.993144858914138e-05,0.3771587999040232
Solomon Islands,2006,china,0.007312482899321492,0.01938833960968781,0.3771587999040232
Solomon Islands,2006,us,0.0006940072825275744,0.0018400930396007748,0.3771587999040232
Solomon Islands,2007,aus,2.9531704261579225e-05,6.203806092150919e-05,0.4760255853087165
Solomon Islands,2007,china,0.01129685754630792,0.02373161841496729,0.4760255853087165
Solomon Islands,2007,us,9.110153278603614e-05,0.00019137948798897883,0.4760255853087165
Solomon Islands,2008,aus,4.1649030960080935e-05,8.439757639828058e-05,0.49348610158584416
Solomon Islands,2008,china,0.013260024058878482,0.026870106404753204,0.49348610158584416
Solomon Islands,2008,us,0.00013481837033108628,0.0002731958810954152,0.49348610158584416
Solomon Islands,2009,aus,2.558998204218379e-05,6.91060268305601e-05,0.3703002938503097
Solomon Islands,2009,china,0.013301032903762975,0.03591958506287275,0.3703002938503097
Solomon Islands,2009,us,7.547736660264014e-05,0.00020382745532778628,0.3703002938503097
Solomon Islands,2010,aus,1.9465679680153916e-05,4.237707514240564e-05,0.4593445775750369
Solomon Islands,2010,china,0.026395156730720327,0.05746265008735955,0.4593445775750369
Solomon Islands,2010,us,7.552900678071305e-05,0.00016442777485138572,0.4593445775750369
Solomon Islands,2011,aus,0.0012511335178404305,0.0018675862584495132,0.6699200704545409
Solomon Islands,2011,china,0.03917064239801815,0.058470620788299205,0.6699200704545409
Solomon Islands,2011,us,0.00010725481324566955,0.00016010091050548333,0.6699200704545409
Solomon Islands,2012,aus,0.0012551086458631514,0.002038171112402621,0.6158014105025823
Solomon Islands,2012,china,0.03401094931699485,0.05523038553815107,0.6158014105025823
Solomon Islands,2012,us,2.1540209672268897e-05,3.497914961690165e-05,0.6158014105025823
Solomon Islands,2013,aus,0.0006368690381761554,0.0009012543435450739,0.7066473995243542
Solomon Islands,2013,china,0.05562151885919626,0.07871184256339897,0.7066473995243542
Solomon Islands,2013,us,0.00012554008795752177,0.00017765591162158533,0.7066473995243542
Solomon Islands,2014,aus,0.00021182048589391943,0.0003987086920726562,0.5312662856502753
Solomon Islands,2014,china,0.04779341406026792,0.08996131573033718,0.5312662856502753
Solomon Islands,2014,us,0.00022241948886088443,0.0004186591448931127,0.5312662856502753
Solomon Islands,2015,aus,1.4386116703056623e-05,2.719599076146925e-05,0.5289793201223834
Solomon Islands,2015,china,0.03502791692999531,0.06621793253069201,0.5289793201223834
Solomon Islands,2015,us,4.3328291876280946e-05,8.190923582089488e-05,0.5289793201223834
Solomon Islands,2016,aus,1.2997397070852538e-05,2.6648695110963702e-05,0.4877310883978405
Solomon Islands,2016,china,0.027125172380024057,0.05561501619494501,0.4877310883978405
Solomon Islands,2016,us,5.8103603407609505e-05,0.00011913040769756018,0.4877310883978405
Solomon Islands,2017,aus,4.191068887125193e-05,6.753661351280562e-05,0.6205624873877521
Solomon Islands,2017,china,0.06504141712205974,0.1048104235173005,0.6205624873877521
Solomon Islands,2017,us,6.93950565033127e-05,0.0001118260576713718,0.6205624873877521
Solomon Islands,2018,aus,2.7381943946234546e-05,4.414112068349746e-05,0.6203273392755414
Solomon Islands,2018,china,0.061913649344791676,0.09980802944635402,0.6203273392755414
Solomon Islands,2018,us,6.011165186701013e-05,9.690311559895527e-05,0.6203273392755414
Solomon Islands,2019,aus,1.9105794368940487e-05,4.333593585296831e-05,0.44087646875247594
Solomon Islands,2019,china,0.04785885912190847,0.10855389777851396,0.44087646875247594
Solomon Islands,2019,us,9.275526382542444e-05,0.00021038832961053455,0.44087646875247594
Solomon Islands,2020,aus,1.1498600006266254e-05,3.187249165741661e-05,0.3607687823675552
Solomon Islands,2020,china,0.03841205225415768,0.10647277184593833,0.3607687823675552
Solomon Islands,2020,us,3.555491925703956e-05,9.855320358848514e-05,0.3607687823675552
Solomon Islands,2021,aus,2.458072764325508e-05,7.16930119657588e-05,0.3428608586705082
Solomon Islands,2021,china,0.019681251052099353,0.05740302678006526,0.3428608586705082
Solomon Islands,2021,us,6.413034325579156e-05,0.0001870448073439065,0.3428608586705082
Solomon Islands,2022,aus,9.568103334027911e-05,0.00024825442286158245,0.38541522135791856
Solomon Islands,2022,china,0.017201845640565313,0.044631983085563445,0.38541522135791856
Solomon Islands,2022,us,4.9530380982369264e-05,0.00012851174068284274,0.38541522135791856
Solomon Islands,2023,aus,0.000353666621088532,0.0009490111350229607,0.3726685684040738
Solomon Islands,2023,china,0.032763431936916186,0.08791573723864939,0.3726685684040738
Solomon Islands,2023,us,3.29740480092091e-05,8.848089376149451e-05,0.3726685684040738
Solomon Islands,2024,aus,0.0005464660374637188,0.0012755931615565513,0.4284015107112128
Solomon Islands,2024,china,0.0641930665603753,0.14984323107032202,0.4284015107112128
Solomon Islands,2024,us,2.4929245245783484e-05,5.819131030699933e-05,0.4284015107112128
Tonga,2002,aus,3.180933315178743e-06,2.391213718278199e-05,0.1330258893575261
Tonga,2002,china,8.517636560156379e-08,6.402991629143717e-07,0.1330258893575261
Tonga,2002,us,0.005332908829900301,0.0400892552243522,0.1330258893575261
Tonga,2003,aus,3.5359263340088493e-06,2.7817824025875646e-05,0.12711009785380026
Tonga,2003,china,5.417061480652736e-06,4.261708213680507e-05,0.12711009785380026
Tonga,2003,us,0.007002219477651414,0.05508783012428517,0.12711009785380026
Tonga,2004,aus,2.305380877214282e-06,2.0353148349273874e-05,0.11326900574065385
Tonga,2004,china,0.0,0.0,0.11326900574065385
Tonga,2004,us,0.0020141117516425384,0.017781667089531494,0.11326900574065385
Tonga,2005,aus,5.353282397956212e-06,8.159630935923183e-05,0.06560691825396316
Tonga,2005,china,1.1098897162326034e-09,1.6917266437302253e-08,0.06560691825396316
Tonga,2005,us,0.0016613468317439133,0.02532273845439395,0.06560691825396316
Tonga,2006,aus,3.964587193243495e-06,5.887531031097877e-05,0.06733870568668915
Tonga,2006,china,3.722094722336078e-08,5.527422430205434e-07,0.06733870568668915
Tonga,2006,us,0.0025451746907217882,0.03779660842552982,0.06733870568668915
Tonga,2007,aus,1.9373624126394505e-06,2.851466445479054e-05,0.06794266913822893
Tonga,2007,china,1.3797865616820195e-06,2.030810062635091e-05,0.06794266913822893
Tonga,2007,us,0.0014751722326604663,0.021712014723166643,0.06794266913822893
Tonga,2008,aus,3.982883167634313e-06,7.601230125489556e-05,0.05239787642105884
Tonga,2008,china,7.588276602848467e-07,1.4482030801917613e-05,0.05239787642105884
Tonga,2008,us,0.000802450158180484,0.015314554958910077,0.05239787642105884
Tonga,2009,aus,2.0147852591663602e-05,0.00040358980530991856,0.04992160933349634
Tonga,2009,china,8.769266805199899e-06,0.0001756607393527257,0.04992160933349634
Tonga,2009,us,0.00036378286577856776,0.007287082100025112,0.04992160933349634
Tonga,2010,aus,2.9019300387321935e-06,6.973480887301306e-05,0.04161379497026516
Tonga,2010,china,1.9969099100822464e-07,4.798672919663117e-06,0.04161379497026516
Tonga,2010,us,0.0002361496207534874,0.005674791758892127,0.04161379497026516
Tonga,2011,aus,3.6637204820653976e-05,0.0006473256155103744,0.05659779860830613
Tonga,2011,china,4.304241990125603e-07,7.6049636133620296e-06,0.05659779860830613
Tonga,2011,us,0.00018424936709163182,0.0032554157868711154,0.05659779860830613
Tonga,2012,aus,5.534391747484917e-05,0.0012538665287667888,0.044138603435950545
Tonga,2012,china,5.5815174957774925e-08,1.2645432934634697e-06,0.044138603435950545
Tonga,2012,us,0.00024502826166569833,0.005551336983764301,0.044138603435950545
Tonga,2013,aus,4.681032364265023e-05,0.0011640433206049272,0.04021355804724171
Tonga,2013,china,2.9554449643128923e-07,7.349374459332652e-06,0.04021355804724171
Tonga,2013,us,0.0002304092301377682,0.005729640482622558,0.04021355804724171
Tonga,2014,aus,7.980183229715902e-06,0.0001879571180027531,0.04245746750383251
Tonga,2014,china,1.8951774048435382e-06,4.4637080736679976e-05,0.04245746750383251
Tonga,2014,us,0.0012656482616001823,0.029809791681190974,0.04245746750383251
Tonga,2015,aus,4.076318027212477e-06,0.000148631199519264,0.02742572246202015
Tonga,2015,china,2.2829001645440094e-06,8.323938112133339e-05,0.02742572246202015
Tonga,2015,us,0.0005752731353373775,0.02097567843961196,0.02742572246202015
Tonga,2016,aus,1.690197285471741e-05,0.0004921759043690231,0.03434132533648918
Tonga,2016,china,2.6198762131716945e-07,7.628931578793669e-06,0.03434132533648918
Tonga,2016,us,0.0009506716533175228,0.02768302166566041,0.03434132533648918
Tonga,2017,aus,0.0004069672573967179,0.0045191473626071885,0.09005399132679094
Tonga,2017,china,4.831031303564001e-05,0.0005364594319904148,0.09005399132679094
Tonga,2017,us,0.0010424018823300767,0.011575299073056893,0.09005399132679094
Tonga,2018,aus,1.0455917282581647e-05,0.0001706862138706203,0.06125812416524281
Tonga,2018,china,1.576277786427743e-05,0.0002573173449085315,0.06125812416524281
Tonga,2018,us,0.0007671874301621557,0.012523847907792277,0.06125812416524281
Tonga,2019,aus,0.0008293430137620887,0.008568818297698153,0.09678615941533916
Tonga,2019,china,1.8115680349464522e-05,0.00018717222027298932,0.09678615941533916
Tonga,2019,us,0.001565264439987141,0.016172399539794838,0.09678615941533916
Tonga,2020,aus,0.0001551324560325356,0.003750610306801367,0.041361923351839025
Tonga,2020,china,1.656418411499668e-05,0.0004004693876079195,0.041361923351839025
Tonga,2020,us,0.00036865288944420846,0.008912856549448093,0.041361923351839025
Tonga,2021,aus,9.936231574762922e-06,0.00027283723794258935,0.03641816509245601
Tonga,2021,china,8.004524366154508e-07,2.1979482892213694e-05,0.03641816509245601
Tonga,2021,us,0.00020891433765396773,0.005736542110883125,0.03641816509245601
Tonga,2022,aus,3.729836201609347e-05,0.0007307187358747787,0.05104339082183488
Tonga,2022,china,1.2177089890313855e-08,2.385634985108562e-07,0.05104339082183488
Tonga,2022,us,0.00042220503740021193,0.00827149275552448,0.05104339082183488
Tonga,2023,aus,7.470116764821868e-06,0.0001783190661977084,0.04189185668199662
Tonga,2023,china,1.1691920218252098e-07,2.790976849511853e-06,0.04189185668199662
Tonga,2023,us,0.0003656860152405565,0.008729286410399498,0.04189185668199662
Tonga,2024,aus,5.236972192390591e-06,0.00014194596666079835,0.03689412468411406
Tonga,2024,china,2.5834741224253095e-06,7.002399825297134e-05,0.03689412468411406
Tonga,2024,us,0.00037167425488817714,0.01007407705347224,0.03689412468411406
Tuvalu,2002,aus,6.167673588886668e-07,3.041656127649607e-08,20.277353290599102
Tuvalu,2002,china,0.0,0.0,20.277353290599102
Tuvalu,2002,us,0.0,0.0,20.277353290599102
Tuvalu,2003,aus,5.539166493032175e-07,6.37950004903973e-06,0.08682759542992642
Tuvalu,2003,china,0.0,0.0,0.08682759542992642
Tuvalu,2003,us,5.229948738232018e-05,0.0006023371616288522,0.08682759542992642
Tuvalu,2004,aus,3.8256732424093407e-07,4.398782746243398e-06,0.08697117959909481
Tuvalu,2004,china,0.0,0.0,0.08697117959909481
Tuvalu,2004,us,5.459868332524059e-05,0.0006277790364224156,0.08697117959909481
Tuvalu,2005,aus,2.76062003349897e-05,0.0005493783597411181,0.05024988670467196
Tuvalu,2005,china,0.0,0.0,0.05024988670467196
Tuvalu,2005,us,0.00027153261241136164,0.0054036462610793515,0.05024988670467196
Tuvalu,2006,aus,0.00041145024252739113,0.004572542073099555,0.08998282267274677
Tuvalu,2006,china,0.00011739101126143458,0.0013045935632444766,0.08998282267274677
Tuvalu,2006,us,8.129933501904627e-05,0.0009034983856276552,0.08998282267274677
Tuvalu,2007,aus,0.00014056765934359808,0.002929100712631535,0.04799003965190074
Tuvalu,2007,china,3.5648112492997e-05,0.0007428231514617031,0.04799003965190074
Tuvalu,2007,us,3.458712296897682e-05,0.0007207146153630429,0.04799003965190074
Tuvalu,2008,aus,0.0003266093548276906,0.0027425044509093734,0.11909164075171942
Tuvalu,2008,china,0.0,0.0,0.11909164075171942
Tuvalu,2008,us,0.0001958796911049451,0.0016447811942847635,0.11909164075171942
Tuvalu,2009,aus,0.00019860987906796288,0.001347815325437225,0.14735689327730025
Tuvalu,2009,china,6.59745066965792e-07,4.477191750536336e-06,0.14735689327730025
Tuvalu,2009,us,0.0003435072440502283,0.002331124363512516,0.14735689327730025
Tuvalu,2010,aus,0.000142491306462982,0.0003001817766334079,0.47468340037509055
Tuvalu,2010,china,1.9913541081901224e-12,4.195120593255572e-12,0.47468340037509055
Tuvalu,2010,us,7.823165659293157e-05,0.00016480807319386694,0.47468340037509055
Tuvalu,2011,aus,4.209675701182656e-05,0.0001259996442423593,0.33410218945423203
Tuvalu,2011,china,1.2593448898596126e-12,3.769340428198923e-12,0.33410218945423203
Tuvalu,2011,us,7.585984543361651e-07,2.2705581653785717e-06,0.33410218945423203
Tuvalu,2012,aus,0.00011785564855461769,0.00014822713533770568,0.7951017085104378
Tuvalu,2012,china,1.1482885342511266e-08,1.4442033289078918e-08,0.7951017085104378
Tuvalu,2012,us,5.945823802276634e-05,7.478066942423856e-05,0.7951017085104378
Tuvalu,2013,aus,0.0002016161513357159,0.0003097085493945081,0.6509867155100597
Tuvalu,2013,china,4.673163139548316e-11,7.178584490601793e-11,0.6509867155100597
Tuvalu,2013,us,0.00010784391688806267,0.00016566223905746684,0.6509867155100597
Tuvalu,2014,aus,9.079348961716849e-05,0.0002686347758316276,0.3379811468418191
Tuvalu,2014,china,3.4509902681820545e-11,1.0210599911944723e-10,0.3379811468418191
Tuvalu,2014,us,0.0001959715240210262,0.0005798297504231624,0.3379811468418191
Tuvalu,2015,aus,0.00010566124410260384,0.00010030844202371908,1.0533634255591273
Tuvalu,2015,china,0.0002877233750374774,0.00027314729945626627,1.0533634255591273
Tuvalu,2015,us,0.0007993055155863859,0.0007588126720482183,1.0533634255591273
Tuvalu,2016,aus,3.106249066891682e-05,2.9696143912880875e-05,1.0460109150886518
Tuvalu,2016,china,3.767875917517321e-06,3.6021382407830655e-06,1.0460109150886518
Tuvalu,2016,us,1.757212147601055e-05,1.679917601483276e-05,1.0460109150886518
Tuvalu,2017,aus,2.9229520698801812e-05,0.000135175262613244,0.2162342438529726
Tuvalu,2017,china,7.059066514345616e-06,3.2645460721500674e-05,0.2162342438529726
Tuvalu,2017,us,0.0002839667845927012,0.0013132368839127212,0.2162342438529726
Tuvalu,2018,aus,1.0178041266027782e-05,1.6201784019379898e-05,0.6282049713694019
Tuvalu,2018,china,7.5823993750149726e-06,1.2069944875613396e-05,0.6282049713694019
Tuvalu,2018,us,3.120994800297933e-05,4.9681154122269784e-05,0.6282049713694019
Tuvalu,2019,aus,8.852078955530572e-06,2.2101992739970386e-05,0.4005104453555455
Tuvalu,2019,china,6.376633794010142e-06,1.592126714285668e-05,0.4005104453555455
Tuvalu,2019,us,0.0002807728661825249,0.0007010375620373001,0.4005104453555455
Tuvalu,2020,aus,1.125012750747654e-06,3.6692225822469134e-06,0.3066079327514475
Tuvalu,2020,china,3.0873681918312415e-06,1.0069433507886518e-05,0.3066079327514475
Tuvalu,2020,us,2.273171703715823e-05,7.413936369215128e-05,0.3066079327514475
Tuvalu,2021,aus,1.6699739714581743e-05,7.99172321483611e-06,2.089629391015416
Tuvalu,2021,china,9.797561848352426e-06,4.688660051623549e-06,2.089629391015416
Tuvalu,2021,us,0.00014160050943822758,6.776345606883883e-05,2.089629391015416
Tuvalu,2022,aus,3.77298359903933e-05,2.5569052192078406e-05,1.4756055761066673
Tuvalu,2022,china,7.08059841922469e-07,4.798435661856603e-07,1.4756055761066673
Tuvalu,2022,us,0.0006824669724990822,0.00046249958901602075,1.4756055761066673
Tuvalu,2023,aus,6.863155452228245e-05,6.131194361078453e-05,1.11938311657454
Tuvalu,2023,china,1.4223408575575772e-09,1.2706470523783918e-09,1.11938311657454
Tuvalu,2023,us,0.0006557341098634584,0.0005857995356139472,1.11938311657454
Tuvalu,2024,aus,1.1917818164742847e-06,8.434543293392485e-07,1.412977294701791
Tuvalu,2024,china,1.1400327738435104e-10,8.068302145535286e-11,1.412977294701791
Tuvalu,2024,us,0.0003309929671015873,0.0002342521485254605,1.412977294701791
Vanuatu,2002,aus,4.339853496455082e-05,0.00022544684609853176,0.19250007580759612
Vanuatu,2002,china,4.793454952503458e-06,2.490105488215245e-05,0.19250007580759612
Vanuatu,2002,us,0.0013231680620397605,0.00687359761542259,0.19250007580759612
Vanuatu,2003,aus,4.765050283196641e-05,0.00022906783135593904,0.20801918169786252
Vanuatu,2003,china,1.8356576120248012e-06,8.824463191529146e-06,0.20801918169786252
Vanuatu,2003,us,0.00010137466320190334,0.0004873332467442593,0.20801918169786252
Vanuatu,2004,aus,3.193573693451461e-05,5.1444303359513126e-05,0.6207827660010294
Vanuatu,2004,china,2.4489510294163327e-06,3.944940426088233e-06,0.6207827660010294
Vanuatu,2004,us,4.912746689237406e-05,7.913793613963277e-05,0.6207827660010294
Vanuatu,2005,aus,4.331995982406623e-05,7.313606552263793e-05,0.5923200751161181
Vanuatu,2005,china,9.763478540913902e-06,1.6483450335529953e-05,0.5923200751161181
Vanuatu,2005,us,3.7880477611925815e-05,6.395271611298967e-05,0.5923200751161181
Vanuatu,2006,aus,2.363836089932606e-05,3.724514071155998e-05,0.634669662880057
Vanuatu,2006,china,6.416370943029531e-07,1.0109780439028372e-06,0.634669662880057
Vanuatu,2006,us,0.00037641360829710586,0.0005930858686217721,0.634669662880057
Vanuatu,2007,aus,1.804162056432382e-05,3.067151262343404e-05,0.5882207632152915
Vanuatu,2007,china,5.237894852508771e-07,8.904641216467358e-07,0.5882207632152915
Vanuatu,2007,us,3.3265695390070756e-05,5.655307916748148e-05,0.5882207632152915
Vanuatu,2008,aus,9.048605851682801e-06,9.742613184160078e-06,0.9287657921587587
Vanuatu,2008,china,2.9001716397655504e-06,3.1226081583222322e-06,0.9287657921587587
Vanuatu,2008,us,0.00013328383432513992,0.00014350639897637083,0.9287657921587587
Vanuatu,2009,aus,5.620036964855098e-06,1.5577133843738125e-05,0.3607876147969483
Vanuatu,2009,china,2.4744018570885334e-06,6.858333699955664e-06,0.3607876147969483
Vanuatu,2009,us,0.00020543014823846097,0.0005693935706581205,0.3607876147969483
Vanuatu,2010,aus,2.115999501395819e-05,2.7048840705901422e-05,0.7822884257417204
Vanuatu,2010,china,1.812393243673413e-05,2.316783917587694e-05,0.7822884257417204
Vanuatu,2010,us,4.273774532362872e-05,5.4631698382993816e-05,0.7822884257417204
Vanuatu,2011,aus,1.5011863084886345e-05,1.5157820619393848e-05,0.9903708100146827
Vanuatu,2011,china,6.43327609476603e-06,6.495825633906409e-06,0.9903708100146827
Vanuatu,2011,us,6.460467199899964e-05,6.523281113065302e-05,0.9903708100146827
Vanuatu,2012,aus,1.0583948729853323e-05,1.7371229203045002e-05,0.6092803569708276
Vanuatu,2012,china,2.2838651833207633e-05,3.748463506480835e-05,0.6092803569708276
Vanuatu,2012,us,0.00019207644647723147,0.0003152513359074665,0.6092803569708276
Vanuatu,2013,aus,1.3497341362468025e-05,4.0326940411106734e-05,0.3346978775198781
Vanuatu,2013,china,3.1416194655676674e-05,9.38643378573885e-05,0.3346978775198781
Vanuatu,2013,us,2.9044645730100096e-05,8.677869709040835e-05,0.3346978775198781
Vanuatu,2014,aus,8.982360242277023e-06,1.2062911337209703e-05,0.7446262341802764
Vanuatu,2014,china,0.0002504468293309499,0.0003363389816726709,0.7446262341802764
Vanuatu,2014,us,0.0001560335274923767,0.00020954610558966756,0.7446262341802764
Vanuatu,2015,aus,1.4945826504203136e-05,1.3837755168075931e-05,1.080075946038094
Vanuatu,2015,china,0.00018458354333128173,0.00017089867060586452,1.080075946038094
Vanuatu,2015,us,3.152393156449043e-05,2.918677309695275e-05,1.080075946038094
Vanuatu,2016,aus,7.89277625129079e-06,1.096256328215577e-05,0.7199754334953941
Vanuatu,2016,china,0.00023479430546410638,0.0003261143291017699,0.7199754334953941
Vanuatu,2016,us,0.00016908363974491077,0.00023484640152793832,0.7199754334953941
Vanuatu,2017,aus,7.698184274312945e-06,2.9028751857947195e-05,0.2651917075864705
Vanuatu,2017,china,0.0009774449670505937,0.0036858051707061032,0.2651917075864705
Vanuatu,2017,us,7.590381348173024e-05,0.0002862224244209463,0.2651917075864705
Vanuatu,2018,aus,4.015648588299119e-06,2.1869186622011874e-05,0.18362130506752683
Vanuatu,2018,china,0.00034277795222764114,0.0018667656898614482,0.18362130506752683
Vanuatu,2018,us,7.025490964688768e-05,0.0003826076152821776,0.18362130506752683
Vanuatu,2019,aus,5.8258169269258485e-06,3.471836702431718e-05,0.16780215851872796
Vanuatu,2019,china,0.00032670059254515,0.001946939153995971,0.16780215851872796
Vanuatu,2019,us,0.00013856757575417112,0.0008257794594382763,0.16780215851872796
Vanuatu,2020,aus,5.100535519727101e-06,2.2639087248687944e-05,0.22529775444116917
Vanuatu,2020,china,0.0002323292226903692,0.00103120966858565,0.22529775444116917
Vanuatu,2020,us,7.742986449158378e-05,0.0003436779238374639,0.22529775444116917
Vanuatu,2021,aus,1.053378893840861e-05,3.72437588818276e-05,0.2828336681007882
Vanuatu,2021,china,0.000298495641383868,0.0010553752082920293,0.2828336681007882
Vanuatu,2021,us,4.163453159827269e-05,0.00014720500525218998,0.2828336681007882
Vanuatu,2022,aus,9.937646506416026e-06,5.0085357232753455e-05,0.19841420837300677
Vanuatu,2022,china,0.00045276491272986004,0.002281917794307801,0.19841420837300677
Vanuatu,2022,us,4.832349611134746e-05,0.0002435485669478982,0.19841420837300677
Vanuatu,2023,aus,3.944687482545113e-05,0.0002195844654325515,0.17964328554730025
Vanuatu,2023,china,0.001373734488946584,0.007647012716124468,0.17964328554730025
Vanuatu,2023,us,5.523975920212122e-05,0.00030749693223338726,0.17964328554730025
Vanuatu,2024,aus,7.196822815523717e-06,2.9030107347585626e-05,0.24790892880119722
Vanuatu,2024,china,0.0007709001106342798,0.0031096101070747593,0.24790892880119722
Vanuatu,2024,us,0.00013376402587311065,0.0005395692140656157,0.24790892880119722
