country,year,partner,cwe
Cook Islands,2002,aus,0.00038499461266040347
Cook Islands,2002,china,0.0001475529513201315
Cook Islands,2002,us,0.024186049002966042
Cook Islands,2003,aus,2.322279757518547e-05
Cook Islands,2003,china,0.0002776268241877985
Cook Islands,2003,us,0.1481718853853226
Cook Islands,2004,aus,3.417915013062003e-06
Cook Islands,2004,china,5.776480376518753e-05
Cook Islands,2004,us,0.023284544324112148
Cook Islands,2005,aus,0.00014834641781100665
Cook Islands,2005,china,0.045298429768414625
Cook Islands,2005,us,0.027242435994934793
Cook Islands,2006,aus,0.0005818743816271617
Cook Islands,2006,china,0.039687667675150924
Cook Islands,2006,us,0.005008468712271221
Cook Islands,2007,aus,0.0
Cook Islands,2007,china,0.08470777272650334
Cook Islands,2007,us,0.0004997121950919986
Cook Islands,2008,aus,2.3593330114491583e-06
Cook Islands,2008,china,0.01611827200349365
Cook Islands,2008,us,0.004974859377847343
Cook Islands,2009,aus,0.0
Cook Islands,2009,china,0.0006406646773536833
Cook Islands,2009,us,3.823671380222683e-05
Cook Islands,2010,aus,0.0
Cook Islands,2010,china,0.003582270488650229
Cook Islands,2010,us,5.796095999567948e-06
Cook Islands,2011,aus,4.497684386363036e-06
Cook Islands,2011,china,0.001950015118977073
Cook Islands,2011,us,0.00026804852168039247
Cook Islands,2012,aus,0.00030495404729001725
Cook Islands,2012,china,0.0018989395830956845
Cook Islands,2012,us,0.013949940022159543
Cook Islands,2013,aus,0.0017165882057115732
Cook Islands,2013,china,0.0040878760425311885
Cook Islands,2013,us,4.238123027738428e-05
Cook Islands,2014,aus,0.00017386329185387352
Cook Islands,2014,china,0.005336400426791816
Cook Islands,2014,us,0.0
Cook Islands,2015,aus,0.0025150457792834846
Cook Islands,2015,china,0.009117246723648017
Cook Islands,2015,us,4.248639834461506e-08
Cook Islands,2016,aus,0.00042754760974127154
Cook Islands,2016,china,0.0030288015065512374
Cook Islands,2016,us,4.764954760683402e-08
Cook Islands,2017,aus,8.489150016975823e-05
Cook Islands,2017,china,0.03427498954430519
Cook Islands,2017,us,0.0
Cook Islands,2018,aus,0.0036380554765177305
Cook Islands,2018,china,0.011142558316256082
Cook Islands,2018,us,0.0027536169080774856
Cook Islands,2019,aus,2.193761199846306e-06
Cook Islands,2019,china,0.007931716418793932
Cook Islands,2019,us,1.6309246313678762e-07
Cook Islands,2020,aus,0.00016752953698401344
Cook Islands,2020,china,0.014854505115440873
Cook Islands,2020,us,0.07914442550427
Cook Islands,2021,aus,0.0016866749876444606
Cook Islands,2021,china,0.009247258694722937
Cook Islands,2021,us,0.00123210784144629
Cook Islands,2022,aus,0.0008889647484938153
Cook Islands,2022,china,0.002481210214737235
Cook Islands,2022,us,0.0
Cook Islands,2023,aus,0.0004022842382476203
Cook Islands,2023,china,0.019103845956076497
Cook Islands,2023,us,0.0025720458908888326
Cook Islands,2024,aus,6.293485188329058e-05
Cook Islands,2024,china,0.0
Cook Islands,2024,us,0.0
Fiji,2002,aus,0.009471787230822142
Fiji,2002,china,0.00015061481329486893
Fiji,2002,us,0.2110212054878094
Fiji,2003,aus,0.007441131525256545
Fiji,2003,china,0.0004718938964828893
Fiji,2003,us,0.1390780724504645
Fiji,2004,aus,0.015326267988519939
Fiji,2004,china,0.00041917011600463343
Fiji,2004,us,0.1923729210793184
Fiji,2005,aus,0.010918364575574747
Fiji,2005,china,0.00010053349873801869
Fiji,2005,us,0.11783342241860244
Fiji,2006,aus,0.012418313738772302
Fiji,2006,china,4.35011056906233e-05
Fiji,2006,us,0.12302872074753474
Fiji,2007,aus,0.01779241084148951
Fiji,2007,china,0.00018449739239354614
Fiji,2007,us,0.09811134920414148
Fiji,2008,aus,0.009784901120372369
Fiji,2008,china,5.933569358609237e-05
Fiji,2008,us,0.08523995156364206
Fiji,2009,aus,0.014736072107899447
Fiji,2009,china,0.0004982238978543709
Fiji,2009,us,0.11012138638470646
Fiji,2010,aus,0.022972903481464937
Fiji,2010,china,0.00028696650182221723
Fiji,2010,us,0.12629202664308004
Fiji,2011,aus,0.016047282088877273
Fiji,2011,china,0.00032704746901854857
Fiji,2011,us,0.032828829635858356
Fiji,2012,aus,0.010945500192013865
Fiji,2012,china,0.0006061996579295356
Fiji,2012,us,0.08977505513028736
Fiji,2013,aus,0.007937550322416572
Fiji,2013,china,0.0011249946835113285
Fiji,2013,us,0.0885435615242685
Fiji,2014,aus,0.006895908235713586
Fiji,2014,china,0.010880742102037903
Fiji,2014,us,0.07719316623057264
Fiji,2015,aus,0.0068066764728772254
Fiji,2015,china,0.010199208011056043
Fiji,2015,us,0.10809667551772273
Fiji,2016,aus,0.006668217016549553
Fiji,2016,china,0.01168550075326271
Fiji,2016,us,0.1445423364487618
Fiji,2017,aus,0.009702939480352566
Fiji,2017,china,0.015189867427344681
Fiji,2017,us,0.11036003698325177
Fiji,2018,aus,0.007868336393855825
Fiji,2018,china,0.014439527463702789
Fiji,2018,us,0.12378871366940074
Fiji,2019,aus,0.008735198613555798
Fiji,2019,china,0.005394100114973031
Fiji,2019,us,0.12330876831025622
Fiji,2020,aus,0.013024746957035916
Fiji,2020,china,0.012772033872420872
Fiji,2020,us,0.16693977380456204
Fiji,2021,aus,0.0145072487078433
Fiji,2021,china,0.0027166007542510674
Fiji,2021,us,0.1481159329308683
Fiji,2022,aus,0.010903187140570987
Fiji,2022,china,0.004174022388777702
Fiji,2022,us,0.1421755953571534
Fiji,2023,aus,0.013033335225764744
Fiji,2023,china,0.001760592644442553
Fiji,2023,us,0.10164611987268257
Fiji,2024,aus,0.012039489129004353
Fiji,2024,china,0.0052815962973053725
Fiji,2024,us,0.09841262273844234
Kiribati,2002,aus,2.1496956978381883e-05
Kiribati,2002,china,0.0
Kiribati,2002,us,0.0010763099915594419
Kiribati,2003,aus,9.168836372247988e-06
Kiribati,2003,china,0.0
Kiribati,2003,us,0.002188052455709372
Kiribati,2004,aus,0.0026639609864934277
Kiribati,2004,china,0.0
Kiribati,2004,us,0.014756833971449529
Kiribati,2005,aus,0.032519446646752874
Kiribati,2005,china,0.0029939796169130613
Kiribati,2005,us,0.07509862216443192
Kiribati,2006,aus,0.09793154369692382
Kiribati,2006,china,0.0
Kiribati,2006,us,0.03183313432652743
Kiribati,2007,aus,0.1615825252144678
Kiribati,2007,china,0.0
Kiribati,2007,us,0.023038344428622966
Kiribati,2008,aus,0.04430451268960596
Kiribati,2008,china,0.0
Kiribati,2008,us,0.0017978565279681918
Kiribati,2009,aus,0.01615778122859199
Kiribati,2009,china,0.0
Kiribati,2009,us,0.0009789092102807208
Kiribati,2010,aus,0.004658428345504529
Kiribati,2010,china,0.0
Kiribati,2010,us,0.01714099770319052
Kiribati,2011,aus,1.5361328330908987e-05
Kiribati,2011,china,0.0
Kiribati,2011,us,0.00015725584070938074
Kiribati,2012,aus,9.625192119431004e-05
Kiribati,2012,china,0.0
Kiribati,2012,us,6.855495573202082e-05
Kiribati,2013,aus,0.0019085975496979637
Kiribati,2013,china,0.0
Kiribati,2013,us,0.00021637881891389544
Kiribati,2014,aus,0.0009431309973730998
Kiribati,2014,china,0.001158787626796882
Kiribati,2014,us,0.0016833341449691965
Kiribati,2015,aus,4.6972591454003616e-05
Kiribati,2015,china,0.0014534276638128818
Kiribati,2015,us,0.0007116528104152647
Kiribati,2016,aus,0.00034554194660019774
Kiribati,2016,china,0.005172890059732334
Kiribati,2016,us,0.0008775024221442068
Kiribati,2017,aus,0.0005645293809835764
Kiribati,2017,china,8.865310755580934e-05
Kiribati,2017,us,0.0007208539458140767
Kiribati,2018,aus,4.2744897721337195e-06
Kiribati,2018,china,7.972060760555989e-07
Kiribati,2018,us,0.001110847684353285
Kiribati,2019,aus,0.0
Kiribati,2019,china,6.708960091314354e-05
Kiribati,2019,us,0.0006184211856446691
Kiribati,2020,aus,7.458956927550838e-05
Kiribati,2020,china,2.3365877047047078e-06
Kiribati,2020,us,0.0006861723386180085
Kiribati,2021,aus,0.0
Kiribati,2021,china,0.0
Kiribati,2021,us,0.0005698435647320962
Kiribati,2022,aus,0.0
Kiribati,2022,china,0.0
Kiribati,2022,us,0.00011288022849993497
Kiribati,2023,aus,0.0
Kiribati,2023,china,0.0
Kiribati,2023,us,0.0001551122342043761
Kiribati,2024,aus,0.0
Kiribati,2024,china,0.0
Kiribati,2024,us,0.0004630991016730339
Marshall Islands,2002,aus,0.00023935099047079524
Marshall Islands,2002,china,0.0
Marshall Islands,2002,us,0.004770747302391251
Marshall Islands,2003,aus,0.0005489400372847757
Marshall Islands,2003,china,1.0574186252401283e-06
Marshall Islands,2003,us,0.032036713299800804
Marshall Islands,2004,aus,4.140107975868201e-05
Marshall Islands,2004,china,0.0
Marshall Islands,2004,us,0.03158035395850681
Marshall Islands,2005,aus,2.3672738343926536e-05
Marshall Islands,2005,china,0.0
Marshall Islands,2005,us,0.08034437690168295
Marshall Islands,2006,aus,0.005460118503275215
Marshall Islands,2006,china,2.594183376767432e-05
Marshall Islands,2006,us,0.06404373737435454
Marshall Islands,2007,aus,0.0017979537083431722
Marshall Islands,2007,china,1.4605864632965187e-07
Marshall Islands,2007,us,0.0418031920531256
Marshall Islands,2008,aus,0.0020969399035900803
Marshall Islands,2008,china,0.0
Marshall Islands,2008,us,0.0715447455177822
Marshall Islands,2009,aus,0.0008752552716160516
Marshall Islands,2009,china,0.012885022435961891
Marshall Islands,2009,us,0.033273751367052185
Marshall Islands,2010,aus,0.0007620467870411235
Marshall Islands,2010,china,0.003208003233774189
Marshall Islands,2010,us,0.061474153195353126
Marshall Islands,2011,aus,5.1095222173202095e-05
Marshall Islands,2011,china,0.012259748593779644
Marshall Islands,2011,us,0.047378464343494596
Marshall Islands,2012,aus,0.0
Marshall Islands,2012,china,0.01886156454605181
Marshall Islands,2012,us,0.021340409512392963
Marshall Islands,2013,aus,8.038273223639142e-07
Marshall Islands,2013,china,0.15566136661846733
Marshall Islands,2013,us,0.024942407438190296
Marshall Islands,2014,aus,0.0001140759862186576
Marshall Islands,2014,china,0.10750581580890851
Marshall Islands,2014,us,0.022984061356542868
Marshall Islands,2015,aus,3.143410300098057e-06
Marshall Islands,2015,china,0.07148872303827082
Marshall Islands,2015,us,0.024914202348989396
Marshall Islands,2016,aus,0.0009974207230985196
Marshall Islands,2016,china,0.04267709066303244
Marshall Islands,2016,us,0.007303220731266754
Marshall Islands,2017,aus,1.6023743854845914e-07
Marshall Islands,2017,china,0.04787499531703134
Marshall Islands,2017,us,0.008444605899349299
Marshall Islands,2018,aus,5.218615419304528e-07
Marshall Islands,2018,china,0.12225487466199636
Marshall Islands,2018,us,0.006485531003434197
Marshall Islands,2019,aus,4.1879171821864335e-08
Marshall Islands,2019,china,0.09862895695587455
Marshall Islands,2019,us,0.002464629005322755
Marshall Islands,2020,aus,7.595028098035156e-08
Marshall Islands,2020,china,0.006524930034127621
Marshall Islands,2020,us,0.006053624567407147
Marshall Islands,2021,aus,1.2370254001644195e-09
Marshall Islands,2021,china,0.0002488056357498907
Marshall Islands,2021,us,0.005607563860904088
Marshall Islands,2022,aus,1.1790606682864523e-09
Marshall Islands,2022,china,0.0
Marshall Islands,2022,us,0.014596504260506727
Marshall Islands,2023,aus,1.4386617236324463e-10
Marshall Islands,2023,china,3.4751467812967326e-05
Marshall Islands,2023,us,0.011803104218714227
Marshall Islands,2024,aus,2.3175015008645505e-10
Marshall Islands,2024,china,0.0029236393567102616
Marshall Islands,2024,us,0.019928433349058215
Micronesia,2002,aus,0.0
Micronesia,2002,china,0.0
Micronesia,2002,us,5.853775270304823e-05
Micronesia,2003,aus,0.00027937941564710377
Micronesia,2003,china,0.0
Micronesia,2003,us,4.341944380937943e-05
Micronesia,2004,aus,0.0
Micronesia,2004,china,0.0
Micronesia,2004,us,9.096347491109735e-05
Micronesia,2005,aus,0.0
Micronesia,2005,china,2.7395083493461933e-06
Micronesia,2005,us,1.801760395176174e-05
Micronesia,2006,aus,0.0
Micronesia,2006,china,0.0
Micronesia,2006,us,0.001882122872788874
Micronesia,2007,aus,0.0
Micronesia,2007,china,2.865859849931708e-06
Micronesia,2007,us,0.09513764565531023
Micronesia,2008,aus,0.0
Micronesia,2008,china,0.0
Micronesia,2008,us,0.029101843511153764
Micronesia,2009,aus,0.0
Micronesia,2009,china,0.00536430567386517
Micronesia,2009,us,0.01035014460564232
Micronesia,2010,aus,0.0
Micronesia,2010,china,0.0022255940713181758
Micronesia,2010,us,0.007950974326941878
Micronesia,2011,aus,0.0
Micronesia,2011,china,0.0009049482119062366
Micronesia,2011,us,0.001975202892794995
Micronesia,2012,aus,0.0
Micronesia,2012,china,0.017720416712646035
Micronesia,2012,us,0.00022656985849666832
Micronesia,2013,aus,0.0
Micronesia,2013,china,0.07330073140759326
Micronesia,2013,us,0.0011298996228885875
Micronesia,2014,aus,0.0
Micronesia,2014,china,0.025423430094487585
Micronesia,2014,us,2.1881313056193314e-08
Micronesia,2015,aus,0.0
Micronesia,2015,china,0.0043518909296083015
Micronesia,2015,us,3.007451209649901e-06
Micronesia,2016,aus,0.0
Micronesia,2016,china,0.013036883171514838
Micronesia,2016,us,6.561330197762049e-05
Micronesia,2017,aus,0.0
Micronesia,2017,china,0.015140945736277103
Micronesia,2017,us,4.7170724833887814e-05
Micronesia,2018,aus,0.0
Micronesia,2018,china,0.031881834078592707
Micronesia,2018,us,1.3434871426781203e-06
Micronesia,2019,aus,0.0
Micronesia,2019,china,0.005692218350417336
Micronesia,2019,us,4.244921053080124e-05
Micronesia,2020,aus,0.0
Micronesia,2020,china,0.0024020558689433493
Micronesia,2020,us,0.0028982474004625946
Micronesia,2021,aus,0.0
Micronesia,2021,china,0.007901879162995434
Micronesia,2021,us,0.0001489349638822214
Micronesia,2022,aus,0.0
Micronesia,2022,china,1.1633716221859997e-07
Micronesia,2022,us,0.0008504644999233294
Micronesia,2023,aus,0.0
Micronesia,2023,china,0.02784227630964363
Micronesia,2023,us,1.0980989447971282e-05
Micronesia,2024,aus,0.0
Micronesia,2024,china,0.0829192509792245
Micronesia,2024,us,0.0004836478751457982
Nauru,2002,aus,0.07153919081653146
Nauru,2002,china,0.0
Nauru,2002,us,0.038691578804134534
Nauru,2003,aus,0.0005671282815669056
Nauru,2003,china,0.0
Nauru,2003,us,1.0301665169623383e-05
Nauru,2004,aus,0.0
Nauru,2004,china,0.0
Nauru,2004,us,0.0
Nauru,2005,aus,0.0
Nauru,2005,china,0.0
Nauru,2005,us,0.0
Nauru,2006,aus,0.0
Nauru,2006,china,0.0
Nauru,2006,us,0.0
Nauru,2007,aus,0.10314265603283464
Nauru,2007,china,0.0
Nauru,2007,us,0.0036822189028653768
Nauru,2008,aus,0.01845064649381521
Nauru,2008,china,0.0
Nauru,2008,us,0.0005053951170822916
Nauru,2009,aus,0.00207622858689265
Nauru,2009,china,0.0
Nauru,2009,us,0.0
Nauru,2010,aus,0.010512778708767613
Nauru,2010,china,0.0
Nauru,2010,us,0.0
Nauru,2011,aus,0.01612196910192771
Nauru,2011,china,0.0
Nauru,2011,us,0.0
Nauru,2012,aus,0.007280835085098598
Nauru,2012,china,0.0
Nauru,2012,us,0.0
Nauru,2013,aus,0.05314819072510111
Nauru,2013,china,0.0
Nauru,2013,us,0.0
Nauru,2014,aus,0.03671004734240258
Nauru,2014,china,0.0
Nauru,2014,us,0.0
Nauru,2015,aus,0.27037133195597235
Nauru,2015,china,0.0
Nauru,2015,us,0.0
Nauru,2016,aus,0.07955170382709567
Nauru,2016,china,0.0
Nauru,2016,us,0.0014764589370974707
Nauru,2017,aus,0.10242582895876091
Nauru,2017,china,0.0
Nauru,2017,us,0.003607146491398421
Nauru,2018,aus,0.1379851467292983
Nauru,2018,china,3.384986176681974e-08
Nauru,2018,us,0.0020545285093550815
Nauru,2019,aus,0.08899874105101756
Nauru,2019,china,0.0
Nauru,2019,us,0.0
Nauru,2020,aus,0.0002328727929657348
Nauru,2020,china,0.0
Nauru,2020,us,0.0
Nauru,2021,aus,0.00236926096846248
Nauru,2021,china,0.0
Nauru,2021,us,0.0
Nauru,2022,aus,0.001342527785006713
Nauru,2022,china,0.0
Nauru,2022,us,1.4121975874288782e-07
Nauru,2023,aus,0.00021364617626238062
Nauru,2023,china,0.0
Nauru,2023,us,1.227650592559247e-07
Nauru,2024,aus,0.00010106155609841581
Nauru,2024,china,0.016376021843583374
Nauru,2024,us,0.0
Niue,2002,aus,0.0
Niue,2002,china,0.0
Niue,2002,us,0.08534046330184751
Niue,2003,aus,0.0
Niue,2003,china,0.0
Niue,2003,us,0.0
Niue,2004,aus,0.0
Niue,2004,china,0.0
Niue,2004,us,0.0
Niue,2005,aus,0.0
Niue,2005,china,0.0
Niue,2005,us,0.018010081979718474
Niue,2006,aus,0.0
Niue,2006,china,0.0
Niue,2006,us,0.0
Niue,2007,aus,0.00022062759603955984
Niue,2007,china,0.0
Niue,2007,us,0.23442508201856124
Niue,2008,aus,0.0
Niue,2008,china,0.0
Niue,2008,us,0.0
Niue,2009,aus,0.0
Niue,2009,china,0.0
Niue,2009,us,0.0
Niue,2010,aus,0.0
Niue,2010,china,0.0
Niue,2010,us,0.0
Niue,2011,aus,0.0
Niue,2011,china,0.0
Niue,2011,us,0.0
Niue,2012,aus,0.0
Niue,2012,china,0.0
Niue,2012,us,0.0
Niue,2013,aus,0.0
Niue,2013,china,0.0
Niue,2013,us,0.0
Niue,2014,aus,0.0
Niue,2014,china,0.0
Niue,2014,us,0.0
Niue,2015,aus,5.249259688609001e-05
Niue,2015,china,0.0
Niue,2015,us,0.0
Niue,2016,aus,0.008123974127788142
Niue,2016,china,0.0
Niue,2016,us,0.29105509010844416
Niue,2017,aus,0.0
Niue,2017,china,0.0
Niue,2017,us,0.0
Niue,2018,aus,0.0
Niue,2018,china,0.0
Niue,2018,us,0.0
Niue,2019,aus,0.0
Niue,2019,china,0.0
Niue,2019,us,0.0
Niue,2020,aus,0.14801101787657847
Niue,2020,china,0.0
Niue,2020,us,0.0
Niue,2021,aus,0.14633465665025755
Niue,2021,china,0.0
Niue,2021,us,0.0
Niue,2022,aus,0.46787187999869323
Niue,2022,china,0.0
Niue,2022,us,0.0
Niue,2023,aus,0.0
Niue,2023,china,0.0
Niue,2023,us,0.0
Niue,2024,aus,0.0
Niue,2024,china,0.0
Niue,2024,us,0.0
Palau,2002,aus,0.0
Palau,2002,china,0.0
Palau,2002,us,0.0005374340603724569
Palau,2003,aus,0.0
Palau,2003,china,0.0
Palau,2003,us,7.402356354459987e-05
Palau,2004,aus,0.0
Palau,2004,china,0.0
Palau,2004,us,3.065479529645919e-05
Palau,2005,aus,0.0
Palau,2005,china,0.0
Palau,2005,us,0.00040705456902553937
Palau,2006,aus,0.0
Palau,2006,china,0.0
Palau,2006,us,0.0005590747436245936
Palau,2007,aus,0.0
Palau,2007,china,1.0212040600301295e-09
Palau,2007,us,0.0003358000885474902
Palau,2008,aus,0.0
Palau,2008,china,0.0
Palau,2008,us,0.0
Palau,2009,aus,0.0
Palau,2009,china,0.0
Palau,2009,us,0.0
Palau,2010,aus,0.0
Palau,2010,china,0.0
Palau,2010,us,0.0
Palau,2011,aus,0.0
Palau,2011,china,0.0
Palau,2011,us,0.00015337258878294613
Palau,2012,aus,0.0
Palau,2012,china,0.0
Palau,2012,us,6.36672186414886e-06
Palau,2013,aus,0.0
Palau,2013,china,0.0
Palau,2013,us,3.937070555011888e-05
Palau,2014,aus,0.0
Palau,2014,china,0.0
Palau,2014,us,8.239086801570584e-05
Palau,2015,aus,0.0
Palau,2015,china,0.0
Palau,2015,us,0.0025904121798023825
Palau,2016,aus,0.0
Palau,2016,china,0.0
Palau,2016,us,0.005528600761272937
Palau,2017,aus,0.0
Palau,2017,china,0.0
Palau,2017,us,0.0020771840430496083
Palau,2018,aus,7.577569561517962e-09
Palau,2018,china,0.0
Palau,2018,us,0.001010320877096607
Palau,2019,aus,0.0
Palau,2019,china,0.0
Palau,2019,us,0.0012737698058607463
Palau,2020,aus,0.0
Palau,2020,china,0.0
Palau,2020,us,0.8397624839032766
Palau,2021,aus,0.0
Palau,2021,china,0.0
Palau,2021,us,0.8516960379761417
Palau,2022,aus,0.0007369949591082569
Palau,2022,china,0.0
Palau,2022,us,0.8189080744721234
Palau,2023,aus,0.0
Palau,2023,china,0.0
Palau,2023,us,0.27578088499220366
Palau,2024,aus,0.0
Palau,2024,china,0.0
Palau,2024,us,0.8033966806646423
Papua New Guinea,2002,aus,0.21280541125311084
Papua New Guinea,2002,china,0.0037850923336581856
Papua New Guinea,2002,us,0.025135663993859882
Papua New Guinea,2003,aus,0.21847705530571787
Papua New Guinea,2003,china,0.0009951667826355013
Papua New Guinea,2003,us,0.008890505642526629
Papua New Guinea,2004,aus,0.308114702337389
Papua New Guinea,2004,china,0.0010946020120043397
Papua New Guinea,2004,us,0.00927024660933271
Papua New Guinea,2005,aus,0.3752402235994256
Papua New Guinea,2005,china,7.767562958973654e-05
Papua New Guinea,2005,us,0.008177338691413436
Papua New Guinea,2006,aus,0.4831697835468907
Papua New Guinea,2006,china,0.0011966190993353146
Papua New Guinea,2006,us,0.010073037857854504
Papua New Guinea,2007,aus,0.4626366025405022
Papua New Guinea,2007,china,0.0023677864158052286
Papua New Guinea,2007,us,0.012344261889978461
Papua New Guinea,2008,aus,0.27940408731521865
Papua New Guinea,2008,china,2.969508618481959e-05
Papua New Guinea,2008,us,0.008995779659384938
Papua New Guinea,2009,aus,0.26092469573533394
Papua New Guinea,2009,china,0.002306574390449578
Papua New Guinea,2009,us,0.01152340856427402
Papua New Guinea,2010,aus,0.20127942992345305
Papua New Guinea,2010,china,0.03979266186074447
Papua New Guinea,2010,us,0.008849989554378504
Papua New Guinea,2011,aus,0.26361916842863686
Papua New Guinea,2011,china,0.05527595979089104
Papua New Guinea,2011,us,0.005498092934986411
Papua New Guinea,2012,aus,0.2369157241397961
Papua New Guinea,2012,china,0.01818650853851555
Papua New Guinea,2012,us,0.007320760468014102
Papua New Guinea,2013,aus,0.1573757973426662
Papua New Guinea,2013,china,1.3719476457145463e-05
Papua New Guinea,2013,us,0.007547288833365942
Papua New Guinea,2014,aus,0.1649910273407715
Papua New Guinea,2014,china,0.003759881077389931
Papua New Guinea,2014,us,0.004258058288244278
Papua New Guinea,2015,aus,0.011333496196513115
Papua New Guinea,2015,china,0.028490774624543174
Papua New Guinea,2015,us,0.003543343111398781
Papua New Guinea,2016,aus,0.04277196104370204
Papua New Guinea,2016,china,0.04086300659726182
Papua New Guinea,2016,us,0.003906723098877332
Papua New Guinea,2017,aus,0.02435232460430225
Papua New Guinea,2017,china,0.0368674798391018
Papua New Guinea,2017,us,0.003635207145211783
Papua New Guinea,2018,aus,0.028708564657587452
Papua New Guinea,2018,china,0.07214124873414161
Papua New Guinea,2018,us,0.0033505601121038495
Papua New Guinea,2019,aus,0.007910825490892011
Papua New Guinea,2019,china,0.06665649703499124
Papua New Guinea,2019,us,0.0020893540697798176
Papua New Guinea,2020,aus,0.0016162666189379355
Papua New Guinea,2020,china,0.05398996793159803
Papua New Guinea,2020,us,0.003670886887179156
Papua New Guinea,2021,aus,0.0006382523428302966
Papua New Guinea,2021,china,0.06765134589124748
Papua New Guinea,2021,us,0.0019268075342099569
Papua New Guinea,2022,aus,0.00048002664499139974
Papua New Guinea,2022,china,0.060074588095993475
Papua New Guinea,2022,us,0.0013308873897931398
Papua New Guinea,2023,aus,0.000805342919036964
Papua New Guinea,2023,china,0.06251023794594751
Papua New Guinea,2023,us,0.0015980179114660595
Papua New Guinea,2024,aus,0.0005259110653631871
Papua New Guinea,2024,china,0.07576018383153513
Papua New Guinea,2024,us,0.0009815390177629535
Samoa,2002,aus,0.16544246808396265
Samoa,2002,china,0.0
Samoa,2002,us,0.49093682088187507
Samoa,2003,aus,0.0634120421599124
Samoa,2003,china,0.016056442524961224
Samoa,2003,us,0.28100831812446186
Samoa,2004,aus,0.013364679577115736
Samoa,2004,china,9.328536752465898e-05
Samoa,2004,us,0.26471150947569305
Samoa,2005,aus,0.046575158423747084
Samoa,2005,china,0.0
Samoa,2005,us,0.40817738291921635
Samoa,2006,aus,0.09282413684223334
Samoa,2006,china,0.0
Samoa,2006,us,0.29503352322640763
Samoa,2007,aus,0.03985617177993678
Samoa,2007,china,0.02563200728938668
Samoa,2007,us,0.34276693859998675
Samoa,2008,aus,0.020012337001868594
Samoa,2008,china,0.2354773843742858
Samoa,2008,us,0.11367396937536928
Samoa,2009,aus,0.006775707254827617
Samoa,2009,china,0.0
Samoa,2009,us,0.03538543479122419
Samoa,2010,aus,0.01561121012400344
Samoa,2010,china,2.34567930963227e-05
Samoa,2010,us,0.0593001317016281
Samoa,2011,aus,0.01460270590694442
Samoa,2011,china,0.00018941943721106466
Samoa,2011,us,0.05412281121099678
Samoa,2012,aus,0.0644491866604325
Samoa,2012,china,7.951855691266981e-06
Samoa,2012,us,0.04108836596375061
Samoa,2013,aus,0.006736521425983759
Samoa,2013,china,1.1746575739804232e-06
Samoa,2013,us,0.04309392846377747
Samoa,2014,aus,0.09859182065805835
Samoa,2014,china,5.484518177574706e-06
Samoa,2014,us,0.08253959278075763
Samoa,2015,aus,0.0749965263303321
Samoa,2015,china,0.0012952367459487782
Samoa,2015,us,0.03268552543778
Samoa,2016,aus,0.03461381528090129
Samoa,2016,china,0.0006768296403447665
Samoa,2016,us,0.046261351529606295
Samoa,2017,aus,0.04943866537566333
Samoa,2017,china,0.00111223537122505
Samoa,2017,us,0.019863437169675705
Samoa,2018,aus,0.013904831953755652
Samoa,2018,china,0.0009950322983553266
Samoa,2018,us,0.05477725751213375
Samoa,2019,aus,0.007941933369626102
Samoa,2019,china,0.0006470929632897759
Samoa,2019,us,0.10281816677208598
Samoa,2020,aus,0.018609386030315027
Samoa,2020,china,0.012900088420511232
Samoa,2020,us,0.3204096653607333
Samoa,2021,aus,0.010406488033369247
Samoa,2021,china,0.001827166231053731
Samoa,2021,us,0.2674273080409079
Samoa,2022,aus,0.005726449835090529
Samoa,2022,china,0.0017185242624038846
Samoa,2022,us,0.2816398500192036
Samoa,2023,aus,0.03359627695133048
Samoa,2023,china,0.002662501891873553
Samoa,2023,us,0.18908838686501653
Samoa,2024,aus,0.04234532463394647
Samoa,2024,china,0.003523850363439596
Samoa,2024,us,0.16099418572059432
Solomon Islands,2002,aus,0.003288375095637898
Solomon Islands,2002,china,2.5669908746350754e-05
Solomon Islands,2002,us,4.503154807966492e-05
Solomon Islands,2003,aus,0.003870478785381226
Solomon Islands,2003,china,1.1794657368014394e-06
Solomon Islands,2003,us,0.0002985941623244519
Solomon Islands,2004,aus,0.00019844927897621055
Solomon Islands,2004,china,0.0
Solomon Islands,2004,us,4.988447806044068e-05
Solomon Islands,2005,aus,0.0017298462991410116
Solomon Islands,2005,china,0.0
Solomon Islands,2005,us,0.0003197346690215455
Solomon Islands,2006,aus,0.0011893412096149723
Solomon Islands,2006,china,0.0
Solomon Islands,2006,us,0.0005005995530714839
Solomon Islands,2007,aus,0.0016344505051310411
Solomon Islands,2007,china,0.0
Solomon Islands,2007,us,0.0001247733393180817
Solomon Islands,2008,aus,8.357806881421147e-05
Solomon Islands,2008,china,0.0009723051408481884
Solomon Islands,2008,us,0.00021431927366681846
Solomon Islands,2009,aus,0.0033836324251477804
Solomon Islands,2009,china,0.0024227026699000192
Solomon Islands,2009,us,8.46848031395654e-06
Solomon Islands,2010,aus,0.008015304530939975
Solomon Islands,2010,china,0.007981976725434613
Solomon Islands,2010,us,0.00013209755833864335
Solomon Islands,2011,aus,0.00040920605075815474
Solomon Islands,2011,china,0.021989636336558625
Solomon Islands,2011,us,3.563039342886905e-06
Solomon Islands,2012,aus,0.003945340094002801
Solomon Islands,2012,china,0.0006255109164036046
Solomon Islands,2012,us,0.0001962024926460243
Solomon Islands,2013,aus,0.0019581948547963326
Solomon Islands,2013,china,7.540186236671144e-05
Solomon Islands,2013,us,0.010739761251782573
Solomon Islands,2014,aus,0.003984107572133377
Solomon Islands,2014,china,0.003999400765665204
Solomon Islands,2014,us,0.005611683422708325
Solomon Islands,2015,aus,0.0023935343305249114
Solomon Islands,2015,china,0.00021767255989435774
Solomon Islands,2015,us,0.001524041212083883
Solomon Islands,2016,aus,0.005070203501208971
Solomon Islands,2016,china,8.04325579908436e-05
Solomon Islands,2016,us,0.0009813436214546089
Solomon Islands,2017,aus,0.0008731434919497782
Solomon Islands,2017,china,0.004068291284116565
Solomon Islands,2017,us,0.0009974741018218593
Solomon Islands,2018,aus,0.012924299986953694
Solomon Islands,2018,china,0.0007336739905722385
Solomon Islands,2018,us,0.0014661292997191747
Solomon Islands,2019,aus,0.00125638827449566
Solomon Islands,2019,china,2.4747454277029997e-05
Solomon Islands,2019,us,0.0018748888680309825
Solomon Islands,2020,aus,0.001336243381622468
Solomon Islands,2020,china,9.668999002632209e-11
Solomon Islands,2020,us,0.0017270933715960658
Solomon Islands,2021,aus,0.015477799749979905
Solomon Islands,2021,china,0.0
Solomon Islands,2021,us,0.0035383569718824615
Solomon Islands,2022,aus,0.00553020114271166
Solomon Islands,2022,china,0.0
Solomon Islands,2022,us,0.0007384191999439888
Solomon Islands,2023,aus,0.002468819653923344
Solomon Islands,2023,china,0.0
Solomon Islands,2023,us,0.0007138752799329644
Solomon Islands,2024,aus,0.003059680604324966
Solomon Islands,2024,china,3.559552998013381e-05
Solomon Islands,2024,us,0.0006050647970845152
Tonga,2002,aus,0.00029716912513271415
Tonga,2002,china,0.0
Tonga,2002,us,0.2034592341346999
Tonga,2003,aus,0.00022147737402516488
Tonga,2003,china,0.0
Tonga,2003,us,0.3292237668735112
Tonga,2004,aus,0.00036300408040056755
Tonga,2004,china,0.0
Tonga,2004,us,0.10374500918464082
Tonga,2005,aus,0.001205469640688915
Tonga,2005,china,0.0
Tonga,2005,us,0.11474819280832495
Tonga,2006,aus,0.0008658821209746099
Tonga,2006,china,0.0
Tonga,2006,us,0.1760855361929963
Tonga,2007,aus,0.0031230507030583624
Tonga,2007,china,0.0
Tonga,2007,us,0.12900327262150277
Tonga,2008,aus,0.017150024062666847
Tonga,2008,china,3.0378217565332084e-09
Tonga,2008,us,0.1075830651918563
Tonga,2009,aus,0.013922072333480874
Tonga,2009,china,0.002607506302048857
Tonga,2009,us,0.027847799816988934
Tonga,2010,aus,0.005497280365945105
Tonga,2010,china,4.693812335669282e-05
Tonga,2010,us,0.0263277752033588
Tonga,2011,aus,0.0029109957971421743
Tonga,2011,china,1.4059444482025205e-05
Tonga,2011,us,0.02647930735878764
Tonga,2012,aus,0.007644592497752661
Tonga,2012,china,6.390038444347305e-05
Tonga,2012,us,0.026174202133849054
Tonga,2013,aus,0.011403213619222623
Tonga,2013,china,2.929583469044717e-05
Tonga,2013,us,0.03799531780195506
Tonga,2014,aus,0.017397578833429687
Tonga,2014,china,4.09556755290977e-09
Tonga,2014,us,0.07438989325811339
Tonga,2015,aus,0.009926357904312465
Tonga,2015,china,1.1150948494103434e-06
Tonga,2015,us,0.14832587144710563
Tonga,2016,aus,0.04807763867615839
Tonga,2016,china,0.0
Tonga,2016,us,0.18604533090092507
Tonga,2017,aus,0.014225753753597524
Tonga,2017,china,0.0002568596259360543
Tonga,2017,us,0.16653236272084404
Tonga,2018,aus,0.03572554789378481
Tonga,2018,china,1.6959318219940817e-05
Tonga,2018,us,0.1970218375089476
Tonga,2019,aus,0.01955310060154346
Tonga,2019,china,0.00018180891166952272
Tonga,2019,us,0.11890305742376078
Tonga,2020,aus,0.12218053620504414
Tonga,2020,china,0.0006909421220309532
Tonga,2020,us,0.022874179678591823
Tonga,2021,aus,0.03151278674431297
Tonga,2021,china,8.130165465730675e-07
Tonga,2021,us,0.01955905305827111
Tonga,2022,aus,0.07943672832017407
Tonga,2022,china,0.0
Tonga,2022,us,0.0733771089642261
Tonga,2023,aus,0.06259220515715026
Tonga,2023,china,0.0
Tonga,2023,us,0.02471702403560982
Tonga,2024,aus,0.030831078287938556
Tonga,2024,china,0.0
Tonga,2024,us,0.016851710352834635
Tuvalu,2002,aus,0.0
Tuvalu,2002,china,0.0
Tuvalu,2002,us,0.0
Tuvalu,2003,aus,0.0
Tuvalu,2003,china,0.0
Tuvalu,2003,us,0.0
Tuvalu,2004,aus,0.0
Tuvalu,2004,china,0.0
Tuvalu,2004,us,0.0
Tuvalu,2005,aus,0.0
Tuvalu,2005,china,0.0
Tuvalu,2005,us,0.0
Tuvalu,2006,aus,0.9902836879432624
Tuvalu,2006,china,0.0
Tuvalu,2006,us,0.0
Tuvalu,2007,aus,0.030879943590700763
Tuvalu,2007,china,0.0
Tuvalu,2007,us,0.0
Tuvalu,2008,aus,0.29935237004906273
Tuvalu,2008,china,0.0
Tuvalu,2008,us,0.0
Tuvalu,2009,aus,0.0
Tuvalu,2009,china,0.0
Tuvalu,2009,us,0.0
Tuvalu,2010,aus,0.0021632121767305055
Tuvalu,2010,china,0.0
Tuvalu,2010,us,0.0
Tuvalu,2011,aus,9.31547280112205e-05
Tuvalu,2011,china,0.0
Tuvalu,2011,us,0.0
Tuvalu,2012,aus,0.004027889844297445
Tuvalu,2012,china,0.0
Tuvalu,2012,us,0.0
Tuvalu,2013,aus,0.0005038346248967562
Tuvalu,2013,china,0.0
Tuvalu,2013,us,0.0
Tuvalu,2014,aus,0.0
Tuvalu,2014,china,0.0
Tuvalu,2014,us,0.0
Tuvalu,2015,aus,0.03289159527509006
Tuvalu,2015,china,0.02439532225616668
Tuvalu,2015,us,0.0
Tuvalu,2016,aus,0.0
Tuvalu,2016,china,0.0
Tuvalu,2016,us,0.0
Tuvalu,2017,aus,0.0023842711162775734
Tuvalu,2017,china,0.0
Tuvalu,2017,us,0.0
Tuvalu,2018,aus,1.552521454016396e-05
Tuvalu,2018,china,0.0
Tuvalu,2018,us,0.0
Tuvalu,2019,aus,0.0004887666171581994
Tuvalu,2019,china,0.0
Tuvalu,2019,us,0.0
Tuvalu,2020,aus,0.0
Tuvalu,2020,china,0.0
Tuvalu,2020,us,0.0
Tuvalu,2021,aus,0.0
Tuvalu,2021,china,0.0
Tuvalu,2021,us,0.0
Tuvalu,2022,aus,0.0
Tuvalu,2022,china,0.0
Tuvalu,2022,us,0.0
Tuvalu,2023,aus,0.0005019472214325516
Tuvalu,2023,china,0.0
Tuvalu,2023,us,0.0
Tuvalu,2024,aus,0.0
Tuvalu,2024,china,0.0
Tuvalu,2024,us,0.0
Vanuatu,2002,aus,0.0407686662969641
Vanuatu,2002,china,0.0
Vanuatu,2002,us,0.02903203768522124
Vanuatu,2003,aus,0.015676594244265114
Vanuatu,2003,china,0.0
Vanuatu,2003,us,0.0005017751003630453
Vanuatu,2004,aus,0.002242049537833769
Vanuatu,2004,china,3.4456313239649424e-11
Vanuatu,2004,us,8.579740114370834e-05
Vanuatu,2005,aus,0.006706955118555966
Vanuatu,2005,china,0.0
Vanuatu,2005,us,7.452777078813852e-05
Vanuatu,2006,aus,0.003961412613748701
Vanuatu,2006,china,2.7111715864393102e-05
Vanuatu,2006,us,5.834816414062908e-05
Vanuatu,2007,aus,0.002990108583275885
Vanuatu,2007,china,2.0338178258553107e-06
Vanuatu,2007,us,1.847002760694105e-05
Vanuatu,2008,aus,0.0011256673199663229
Vanuatu,2008,china,3.0325733721636696e-06
Vanuatu,2008,us,1.619927362340928e-05
Vanuatu,2009,aus,0.0003114494237414604
Vanuatu,2009,china,0.0002054455075078227
Vanuatu,2009,us,0.0004993590862882502
Vanuatu,2010,aus,0.0028203496238758505
Vanuatu,2010,china,3.47429334612576e-08
Vanuatu,2010,us,0.0003352347673388131
Vanuatu,2011,aus,0.0034594921038822684
Vanuatu,2011,china,0.00014703773011808788
Vanuatu,2011,us,0.00010710624940061588
Vanuatu,2012,aus,0.0027538201864631107
Vanuatu,2012,china,6.670626984644674e-05
Vanuatu,2012,us,0.004970729828793303
Vanuatu,2013,aus,0.0048985125951728865
Vanuatu,2013,china,8.184576615655461e-05
Vanuatu,2013,us,0.00030374109648467746
Vanuatu,2014,aus,0.0051899989397313365
Vanuatu,2014,china,0.0010074091977394421
Vanuatu,2014,us,0.0016071703544960105
Vanuatu,2015,aus,0.009972835236299646
Vanuatu,2015,china,0.01225994247945955
Vanuatu,2015,us,0.00022893044536201508
Vanuatu,2016,aus,0.006135626836488914
Vanuatu,2016,china,0.0008750378401242916
Vanuatu,2016,us,9.759886399659955e-05
Vanuatu,2017,aus,0.0017395905566399065
Vanuatu,2017,china,0.0052617180671742
Vanuatu,2017,us,0.00032695278690702265
Vanuatu,2018,aus,0.0017501823504649898
Vanuatu,2018,china,0.012195795283454632
Vanuatu,2018,us,0.0002478832487424889
Vanuatu,2019,aus,0.0025301443653180326
Vanuatu,2019,china,0.007949930154387169
Vanuatu,2019,us,0.0002417450102051127
Vanuatu,2020,aus,0.0016364390575546856
Vanuatu,2020,china,0.0003511953737268528
Vanuatu,2020,us,1.8728236813415433e-05
Vanuatu,2021,aus,0.008069392714220256
Vanuatu,2021,china,0.0032354024507134957
Vanuatu,2021,us,0.0006500659539044045
Vanuatu,2022,aus,0.0011943019870575635
Vanuatu,2022,china,0.00044927759704458845
Vanuatu,2022,us,7.316727303325643e-05
Vanuatu,2023,aus,0.0018174794288774822
Vanuatu,2023,china,7.634177934626902e-05
Vanuatu,2023,us,3.9459321274347555e-05
Vanuatu,2024,aus,0.001340165626575736
Vanuatu,2024,china,0.004078094233469979
Vanuatu,2024,us,0.0005511686674496004
