country,year,partner,cwi,cwi_trade,import_openness
Cook Islands,2002,aus,,0.0008099439810138814,
Cook Islands,2002,china,,1.780210826596549e-05,
Cook Islands,2002,us,,0.00039269794350336675,
Cook Islands,2003,aus,,0.0004132218522224944,
Cook Islands,2003,china,,0.000298283552362409,
Cook Islands,2003,us,,0.001731053721153499,
Cook Islands,2004,aus,,0.00019257480764815627,
Cook Islands,2004,china,,0.00023967828324259884,
Cook Islands,2004,us,,9.459544270027933e-05,
Cook Islands,2005,aus,,0.0009525870868291142,
Cook Islands,2005,china,,0.00019007582411804423,
Cook Islands,2005,us,,0.00010117459136338306,
Cook Islands,2006,aus,,0.00010690981972007811,
Cook Islands,2006,china,,7.018797510624493e-05,
Cook Islands,2006,us,,0.0022548248360706345,
Cook Islands,2007,aus,,0.00020952779285301942,
Cook Islands,2007,china,,4.9718088940944244e-05,
Cook Islands,2007,us,,0.00020079856019495913,
Cook Islands,2008,aus,,0.0001792682488574455,
Cook Islands,2008,china,,8.531796071478406e-05,
Cook Islands,2008,us,,0.0008435334613366784,
Cook Islands,2009,aus,,0.00015481215193162345,
Cook Islands,2009,china,,0.008154090653332198,
Cook Islands,2009,us,,0.0002772192148601229,
Cook Islands,2010,aus,,0.0001922488627506469,
Cook Islands,2010,china,,0.004593325202040511,
Cook Islands,2010,us,,0.0006341351777444566,
Cook Islands,2011,aus,,3.965512563853853e-05,
Cook Islands,2011,china,,0.005901162614027772,
Cook Islands,2011,us,,0.0005723530584484616,
Cook Islands,2012,aus,,4.266629289221028e-05,
Cook Islands,2012,china,,0.0036504478597515965,
Cook Islands,2012,us,,0.0008198216008238316,
Cook Islands,2013,aus,,3.091238455852479e-05,
Cook Islands,2013,china,,0.018188187425991126,
Cook Islands,2013,us,,0.0008655866287484529,
Cook Islands,2014,aus,,0.0038618243312397286,
Cook Islands,2014,china,,0.009836698780252907,
Cook Islands,2014,us,,0.000841274450133104,
Cook Islands,2015,aus,,4.81286762279156e-05,
Cook Islands,2015,china,,0.0066516929843464965,
Cook Islands,2015,us,,0.0006716472302826769,
Cook Islands,2016,aus,,4.124879316934118e-05,
Cook Islands,2016,china,,0.00036450150794628533,
Cook Islands,2016,us,,0.000646497672594493,
Cook Islands,2017,aus,,3.918811006682662e-05,
Cook Islands,2017,china,,0.001534151337139437,
Cook Islands,2017,us,,0.0008609678856206518,
Cook Islands,2018,aus,,5.436520239368962e-05,
Cook Islands,2018,china,,0.0007770818825618481,
Cook Islands,2018,us,,0.0008690820481022763,
Cook Islands,2019,aus,,6.253150463807333e-05,
Cook Islands,2019,china,,0.019525423067561436,
Cook Islands,2019,us,,0.0010625289668877832,
Cook Islands,2020,aus,,6.987260251868344e-05,
Cook Islands,2020,china,,0.004119126297938063,
Cook Islands,2020,us,,0.0008834266637032851,
Cook Islands,2021,aus,,6.991654243093524e-05,
Cook Islands,2021,china,,0.0005944416665825119,
Cook Islands,2021,us,,0.0008718640327373808,
Cook Islands,2022,aus,,2.4857962377608356e-05,
Cook Islands,2022,china,,0.0017475819253274436,
Cook Islands,2022,us,,0.0006960510536523734,
Cook Islands,2023,aus,,2.394675048852186e-05,
Cook Islands,2023,china,,0.0029984846981129885,
Cook Islands,2023,us,,0.00036271571430623184,
Cook Islands,2024,aus,,5.378539155835559e-05,
Cook Islands,2024,china,,0.006700860301138246,
Cook Islands,2024,us,,0.0005071199032950256,
Fiji,2002,aus,0.001002779022988193,0.0027802639807892678,0.36067762986431307
Fiji,2002,china,0.0004199246422497264,0.0011642658359702043,0.36067762986431307
Fiji,2002,us,0.00019221770913800378,0.0005329349347513348,0.36067762986431307
Fiji,2003,aus,0.0017017077465569786,0.0034085518327984818,0.4992465510374376
Fiji,2003,china,0.0003218295854898233,0.0006446305634381635,0.4992465510374376
Fiji,2003,us,0.009849577499603022,0.019728884414194823,0.4992465510374376
Fiji,2004,aus,0.0013397916144265696,0.002638986243528288,0.50769177661013
Fiji,2004,china,0.0005880699071409542,0.001158320725751185,0.50769177661013
Fiji,2004,us,0.0008692077851186564,0.0017120777313400215,0.50769177661013
Fiji,2005,aus,0.0008238161072002468,0.0013920387425342571,0.5918054447970749
Fiji,2005,china,0.0005478096378277417,0.0009256583268097187,0.5918054447970749
Fiji,2005,us,0.0016653531801377,0.0028140213895949126,0.5918054447970749
Fiji,2006,aus,0.0009473070821755332,0.0014657099299233008,0.6463127954827357
Fiji,2006,china,0.0005866459137724268,0.0009076811071553313,0.6463127954827357
Fiji,2006,us,0.0007589530364678804,0.0011742813104930298,0.6463127954827357
Fiji,2007,aus,0.0006957496212656221,0.0012378657000914658,0.5620558201218543
Fiji,2007,china,0.0006490946209209304,0.0011548579299120254,0.5620558201218543
Fiji,2007,us,0.0012876958759826594,0.0022910462446656733,0.5620558201218543
Fiji,2008,aus,0.0008531598778097029,0.0012332433456066186,0.6918017282226187
Fiji,2008,china,0.0011449292915210476,0.0016549962869601485,0.6918017282226187
Fiji,2008,us,0.005099009223984593,0.007370622269309733,0.6918017282226187
Fiji,2009,aus,0.0008362045795653339,0.001496547358228359,0.5587558422175484
Fiji,2009,china,0.001624508058901409,0.002907366574377429,0.5587558422175484
Fiji,2009,us,0.0019227309025364654,0.0034410931524325094,0.5587558422175484
Fiji,2010,aus,0.0010119509496325813,0.0016267720426305153,0.6220606963445482
Fiji,2010,china,0.0018899687170728743,0.003038238435861659,0.6220606963445482
Fiji,2010,us,0.0014943205586209361,0.00240221021421559,0.6220606963445482
Fiji,2011,aus,0.001372594684388844,0.0022104355808157,0.6209611790099424
Fiji,2011,china,0.002460329157513228,0.003962130388627459,0.6209611790099424
Fiji,2011,us,0.0020339544622174147,0.003275493752218685,0.6209611790099424
Fiji,2012,aus,0.0011623137095017088,0.0019457006071968022,0.5973754159311644
Fiji,2012,china,0.0025371614750981943,0.004247180930844586,0.5973754159311644
Fiji,2012,us,0.0004579636862666617,0.0007666262689314166,0.5973754159311644
Fiji,2013,aus,0.001152147258821216,0.0016203702741206761,0.711039493393848
Fiji,2013,china,0.0037276957031155138,0.00524260007742035,0.711039493393848
Fiji,2013,us,0.0008884444119273783,0.0012495007945153124,0.711039493393848
Fiji,2014,aus,0.0008441729419085914,0.0011824731553332656,0.7139045297571018
Fiji,2014,china,0.005149815285662713,0.0072135909929229355,0.7139045297571018
Fiji,2014,us,0.00041322764396929283,0.000578827597731995,0.7139045297571018
Fiji,2015,aus,0.0007875711633573823,0.001323276854143436,0.5951673384835112
Fiji,2015,china,0.00471321839883419,0.007919148269868925,0.5951673384835112
Fiji,2015,us,8.929525669726393e-05,0.00015003386597925317,0.5951673384835112
Fiji,2016,aus,0.0005641140906484693,0.0010620647064986596,0.5311485140186996
Fiji,2016,china,0.004256135836469126,0.008013080568120135,0.5311485140186996
Fiji,2016,us,0.00039976730030999495,0.0007526469335013912,0.5311485140186996
Fiji,2017,aus,0.0005201235325092539,0.0010329216103999227,0.5035459876842682
Fiji,2017,china,0.0039673640443996,0.007878851468253985,0.5035459876842682
Fiji,2017,us,0.00029120664977164894,0.0005783119256115301,0.5035459876842682
Fiji,2018,aus,0.0004064874821765813,0.0007695516217487026,0.5282134046484018
Fiji,2018,china,0.005092095100130337,0.009640223166089134,0.5282134046484018
Fiji,2018,us,0.00021335310121053968,0.0004039145908320053,0.5282134046484018
Fiji,2019,aus,0.0004809518826257106,0.0008702152819251337,0.5526814945857131
Fiji,2019,china,0.004475978684724568,0.008098658501457039,0.5526814945857131
Fiji,2019,us,0.00018631146560325404,0.0003371045845182713,0.5526814945857131
Fiji,2020,aus,0.0004133436879349435,0.0009066749347859583,0.455889616086633
Fiji,2020,china,0.004289988210809481,0.009410146797452505,0.455889616086633
Fiji,2020,us,0.00098504206637075,0.002160703011457848,0.455889616086633
Fiji,2021,aus,0.0007187388683486995,0.0012959420900267291,0.5546072420056017
Fiji,2021,china,0.005447048613750058,0.009821452374210145,0.5546072420056017
Fiji,2021,us,0.009460546949373013,0.017058102081684425,0.5546072420056017
Fiji,2022,aus,0.0011445671094451047,0.0017855294857146362,0.6410239195725215
Fiji,2022,china,0.007292794420046144,0.011376789847264167,0.6410239195725215
Fiji,2022,us,0.0009587291672404332,0.0014956215173371054,0.6410239195725215
Fiji,2023,aus,0.0009329671764143818,0.0015621249500700756,0.5972423501542112
Fiji,2023,china,0.006299111965254669,0.010546994806426912,0.5972423501542112
Fiji,2023,us,0.0022981319686919137,0.0038479052399725566,0.5972423501542112
Fiji,2024,aus,0.0005076442023663603,0.0009241982697308158,0.5492806240745485
Fiji,2024,china,0.006344275856573131,0.011550154107952085,0.5492806240745485
Fiji,2024,us,0.0010993486633663538,0.0020014335390376886,0.5492806240745485
Kiribati,2002,aus,0.003139686993184697,0.006814982662784533,0.4607035921499839
Kiribati,2002,china,8.741337474842244e-05,0.00018973886081609856,0.4607035921499839
Kiribati,2002,us,0.00575767528437097,0.012497569766064545,0.4607035921499839
Kiribati,2003,aus,0.002070523871782818,0.006661681816901017,0.3108109826755454
Kiribati,2003,china,0.00017649174554507725,0.000567842693413818,0.3108109826755454
Kiribati,2003,us,0.000125525522385347,0.00040386450087699345,0.3108109826755454
Kiribati,2004,aus,0.002468356317010696,0.006225707449982055,0.3964780447590436
Kiribati,2004,china,7.650407639579098e-05,0.00019295917493309303,0.3964780447590436
Kiribati,2004,us,8.070835887177166e-05,0.0002035632488069334,0.3964780447590436
Kiribati,2005,aus,0.0042610901736612646,0.005507076516649669,0.7737481331117544
Kiribati,2005,china,0.00024724462670998315,0.00031954148401709036,0.7737481331117544
Kiribati,2005,us,0.00015483838482706358,0.00020011471201146003,0.7737481331117544
Kiribati,2006,aus,0.004314943120946453,0.0064565424847808466,0.6683055414128378
Kiribati,2006,china,0.00043345854452995076,0.0006485933718484415,0.6683055414128378
Kiribati,2006,us,0.0002923147292840688,0.0004373968359832809,0.6683055414128378
Kiribati,2007,aus,0.0025675118750517413,0.0035574182650546025,0.7217346074463732
Kiribati,2007,china,0.006798466673033257,0.009419621288616677,0.7217346074463732
Kiribati,2007,us,0.0002433895152867786,0.0003372285501840274,0.7217346074463732
Kiribati,2008,aus,0.0018794127328606493,0.002970790086505121,0.6326306060458202
Kiribati,2008,china,0.0006292699927120829,0.0009946878742482246,0.6326306060458202
Kiribati,2008,us,0.0037819029739554607,0.00597805881949623,0.6326306060458202
Kiribati,2009,aus,0.00215438396339856,0.0033883822582978207,0.6358149108243858
Kiribati,2009,china,0.00044933834941415123,0.000706712506681461,0.6358149108243858
Kiribati,2009,us,0.0015059659007125499,0.002368560213160057,0.6358149108243858
Kiribati,2010,aus,0.0016072334723728082,0.0021971545195639164,0.7315068003008757
Kiribati,2010,china,0.0022878258542404282,0.0031275524073042433,0.7315068003008757
Kiribati,2010,us,0.0018342718409830744,0.002507525343891022,0.7315068003008757
Kiribati,2011,aus,0.0025622571863452865,0.0030200530620231206,0.8484146250823955
Kiribati,2011,china,0.0010557587722715956,0.0012443901142900069,0.8484146250823955
Kiribati,2011,us,0.0031813747533138846,0.0037497877326253294,0.8484146250823955
Kiribati,2012,aus,0.0027627922206756848,0.0031614560068136473,0.8738986766607688
Kiribati,2012,china,0.008015401986356063,0.0091720038036715,0.8738986766607688
Kiribati,2012,us,0.0011294289119428884,0.0012924025886599572,0.8738986766607688
Kiribati,2013,aus,0.0027188415455973868,0.0032698386416996207,0.8314910439079549
Kiribati,2013,china,0.0011641961037133334,0.0014001306595458755,0.8314910439079549
Kiribati,2013,us,0.000271805427147203,0.0003268891819564704,0.8314910439079549
Kiribati,2014,aus,0.002362681895665359,0.0023284391115224127,1.0147063257842963
Kiribati,2014,china,0.001582968766978547,0.0015600265089064306,1.0147063257842963
Kiribati,2014,us,0.00025455284001694995,0.0002508635587939186,1.0147063257842963
Kiribati,2015,aus,0.0025256936941887506,0.002585191265588883,0.9769852342485849
Kiribati,2015,china,0.010399047893599273,0.0106440174621445,0.9769852342485849
Kiribati,2015,us,0.0022705253868911357,0.0023240119781722532,0.9769852342485849
Kiribati,2016,aus,0.0022064152078195135,0.002750793550610966,0.8021013453843008
Kiribati,2016,china,0.0036539060364518083,0.004555416915179413,0.8021013453843008
Kiribati,2016,us,0.00014622348847158757,0.00018230051515688374,0.8021013453843008
Kiribati,2017,aus,0.0006506035512011541,0.000934354202127331,0.6963136139591009
Kiribati,2017,china,0.0020969827666224915,0.0030115492855287782,0.6963136139591009
Kiribati,2017,us,6.959021626210041e-05,9.99409100540549e-05,0.6963136139591009
Kiribati,2018,aus,0.0009686420282699377,0.0015946653272657437,0.6074265312652138
Kiribati,2018,china,0.001920085144667513,0.0031610162642519936,0.6074265312652138
Kiribati,2018,us,0.00020146555075648576,0.00033167064720872737,0.6074265312652138
Kiribati,2019,aus,0.0012339899912368868,0.0026920734807909384,0.45837901529877156
Kiribati,2019,china,0.005996192779582255,0.013081298618511004,0.45837901529877156
Kiribati,2019,us,3.290974580234389e-05,7.179592586910488e-05,0.45837901529877156
Kiribati,2020,aus,0.001057937794429993,0.0013420896224158976,0.788276562727307
Kiribati,2020,china,0.004012330890770177,0.005090004042347997,0.788276562727307
Kiribati,2020,us,5.5045905496723845e-05,6.983070168453834e-05,0.788276562727307
Kiribati,2021,aus,0.000991255040713956,0.0012607802118306142,0.7862235078029057
Kiribati,2021,china,0.007969119639046092,0.010135946788611959,0.7862235078029057
Kiribati,2021,us,6.042233923126493e-05,7.68513515960806e-05,0.7862235078029057
Kiribati,2022,aus,0.0008765913020100884,0.0012460732942708153,0.703482937994476
Kiribati,2022,china,0.012320725418726104,0.017513893732590925,0.703482937994476
Kiribati,2022,us,0.0009471701172311793,0.0013464009801451883,0.703482937994476
Kiribati,2023,aus,0.0010121396431763566,0.0017771021429505384,0.5695450017835735
Kiribati,2023,china,0.008969462844595929,0.015748470825847606,0.5695450017835735
Kiribati,2023,us,1.9071522326443122e-05,3.348554068022579e-05,0.5695450017835735
Kiribati,2024,aus,0.00021783272242705093,0.0003999689474637559,0.5446240859655495
Kiribati,2024,china,0.014806968548388859,0.02718750222392016,0.5446240859655495
Kiribati,2024,us,0.000249535590863909,0.00045817949902365055,0.5446240859655495
Marshall Islands,2002,aus,5.8868862137372e-05,5.435343682208821e-06,10.830752493179752
Marshall Islands,2002,china,0.00024351793147486418,2.2483934669194056e-05,10.830752493179752
Marshall Islands,2002,us,0.02801479978089935,0.002586597727031486,10.830752493179752
Marshall Islands,2003,aus,0.00044299961471059234,3.646657313700481e-05,12.148101030668391
Marshall Islands,2003,china,0.00394786516396088,0.0003249779660207244,12.148101030668391
Marshall Islands,2003,us,0.02269460430780212,0.0018681606491836576,12.148101030668391
Marshall Islands,2004,aus,1.4060915055039078e-05,1.3463332539338224e-06,10.443859285176824
Marshall Islands,2004,china,0.005914356846128805,0.0005662999361283207,10.443859285176824
Marshall Islands,2004,us,0.007302269313445873,0.0006991926177912152,10.443859285176824
Marshall Islands,2005,aus,4.8663632973214145e-05,2.804535515776995e-06,17.35176206521739
Marshall Islands,2005,china,0.022748529991375083,0.0013110213190956454,17.35176206521739
Marshall Islands,2005,us,0.008359734245936213,0.00048178013359771596,17.35176206521739
Marshall Islands,2006,aus,3.814977491871962e-05,2.116021569244146e-06,18.029010418994414
Marshall Islands,2006,china,0.04204103404033127,0.0023318547753480167,18.029010418994414
Marshall Islands,2006,us,0.007121647509717955,0.0003950104495039264,18.029010418994414
Marshall Islands,2007,aus,4.665853447147791e-05,1.4153159754721786e-06,32.96686766777409
Marshall Islands,2007,china,0.03182798268323653,0.0009654536489176116,32.96686766777409
Marshall Islands,2007,us,0.007344554156022849,0.00022278592646526527,32.96686766777409
Marshall Islands,2008,aus,9.72400069335023e-05,1.6650672775169653e-06,58.40004680081855
Marshall Islands,2008,china,0.03571221159472631,0.0006115099824581949,58.40004680081855
Marshall Islands,2008,us,0.009860914787638139,0.00016885114529565626,58.40004680081855
Marshall Islands,2009,aus,9.69362557536076e-05,1.160050694441057e-06,83.56208587962963
Marshall Islands,2009,china,0.13773378402523329,0.0016482808270683604,83.56208587962963
Marshall Islands,2009,us,0.00851005309285079,0.00010184108023714771,83.56208587962963
Marshall Islands,2010,aus,7.027518153476091e-05,1.1633357044580334e-06,60.40834237740534
Marshall Islands,2010,china,0.3760631723225616,0.006225351624003861,60.40834237740534
Marshall Islands,2010,us,0.025684372845287542,0.00042517923575559525,60.40834237740534
Marshall Islands,2011,aus,7.113405742355996e-06,1.0034097292309929e-07,70.89233376088218
Marshall Islands,2011,china,0.38453176600751754,0.005424165711690804,70.89233376088218
Marshall Islands,2011,us,0.03309578308940845,0.00046684572694474384,70.89233376088218
Marshall Islands,2012,aus,9.737629256869645e-06,2.0197219053532147e-07,48.21272290536801
Marshall Islands,2012,china,0.29504568944996107,0.006119664513225629,48.21272290536801
Marshall Islands,2012,us,0.015440110319170183,0.0003202497056529259,48.21272290536801
Marshall Islands,2013,aus,3.9754505230945296e-05,6.927336886470515e-07,57.387861861587986
Marshall Islands,2013,china,0.14124159993659827,0.00246117550567147,57.387861861587986
Marshall Islands,2013,us,0.008377490355444535,0.00014598017914746407,57.387861861587986
Marshall Islands,2014,aus,1.186468647148891e-05,1.7189221476584788e-07,69.02398975806452
Marshall Islands,2014,china,0.12882426312601833,0.0018663694112374452,69.02398975806452
Marshall Islands,2014,us,0.009014136395206906,0.00013059425319808795,69.02398975806452
Marshall Islands,2015,aus,2.347656606421296e-05,2.9268620113264874e-07,80.21070338595536
Marshall Islands,2015,china,0.6991066495263615,0.008715877308324077,80.21070338595536
Marshall Islands,2015,us,0.009077893716702829,0.00011317559045732468,80.21070338595536
Marshall Islands,2016,aus,1.030905582530307e-05,1.3417671874365309e-07,76.83192674430128
Marshall Islands,2016,china,0.806854441548035,0.010501551578073373,76.83192674430128
Marshall Islands,2016,us,0.06677997219003656,0.0008691695629641321,76.83192674430128
Marshall Islands,2017,aus,2.6713390545065026e-06,4.24405822725294e-08,62.94303497894244
Marshall Islands,2017,china,0.3980442796430532,0.006323881264642207,62.94303497894244
Marshall Islands,2017,us,0.12651344867988817,0.0020099674050069747,62.94303497894244
Marshall Islands,2018,aus,3.4653610682787748e-06,7.898808649624251e-08,43.87194603636364
Marshall Islands,2018,china,0.25363631114650764,0.005781286996849399,43.87194603636364
Marshall Islands,2018,us,0.05018431637211809,0.0011438817035953315,43.87194603636364
Marshall Islands,2019,aus,7.633085768411695e-06,1.9553813789805528e-07,39.03630182052383
Marshall Islands,2019,china,0.6459640278656213,0.016547777267312692,39.03630182052383
Marshall Islands,2019,us,0.008552728804002853,0.00021909679977692319,39.03630182052383
Marshall Islands,2020,aus,8.568384016100818e-06,1.7223490220130865e-07,49.74824444168735
Marshall Islands,2020,china,1.0555648808170832,0.021218133276127336,49.74824444168735
Marshall Islands,2020,us,0.007368672854363327,0.00014811925399700393,49.74824444168735
Marshall Islands,2021,aus,6.814923860794874e-06,1.665697196838892e-07,40.91334171497691
Marshall Islands,2021,china,0.682389624381879,0.016678902181487675,40.91334171497691
Marshall Islands,2021,us,0.010572234772547522,0.00025840555499472695,40.91334171497691
Marshall Islands,2022,aus,1.1954335865609592e-05,2.912307979816819e-07,41.047636268062234
Marshall Islands,2022,china,0.6593147941066524,0.016062186621441165,41.047636268062234
Marshall Islands,2022,us,0.008906230990365136,0.00021697305375156938,41.047636268062234
Marshall Islands,2023,aus,9.149628271824155e-06,1.7490436999522864e-07,52.31217648863636
Marshall Islands,2023,china,0.5583543901596674,0.010673507157190397,52.31217648863636
Marshall Islands,2023,us,0.004129153139155615,7.893292568418712e-05,52.31217648863636
Marshall Islands,2024,aus,4.367998243002587e-06,9.745629980942753e-08,44.82007065263158
Marshall Islands,2024,china,1.3453708487058478,0.030017151448351303,44.82007065263158
Marshall Islands,2024,us,0.005548181064742416,0.00012378786967433438,44.82007065263158
Micronesia,2002,aus,0.0001794058882376017,0.00047519343489675,0.3775428595232655
Micronesia,2002,china,0.00037996716294625836,0.0010064212667829399,0.3775428595232655
Micronesia,2002,us,0.010466029974166222,0.02772143535539776,0.3775428595232655
Micronesia,2003,aus,0.00017793790327490756,0.0003405262775467776,0.5225379508354226
Micronesia,2003,china,0.0008616616832800355,0.0016489934977974882,0.5225379508354226
Micronesia,2003,us,0.013042930872429253,0.024960734146824152,0.5225379508354226
Micronesia,2004,aus,0.0003359461594026506,0.0004960400643394072,0.6772560999685401
Micronesia,2004,china,0.0012957915190743943,0.0019132961949469137,0.6772560999685401
Micronesia,2004,us,0.01402190579278839,0.0207039933541237,0.6772560999685401
Micronesia,2005,aus,9.851987134331022e-05,0.00017443479295256852,0.5647948421052632
Micronesia,2005,china,0.00011599177313165994,0.00020536974576343964,0.5647948421052632
Micronesia,2005,us,0.013341826621563977,0.02362242999924104,0.5647948421052632
Micronesia,2006,aus,0.0007685069715710298,0.0012148480796241954,0.632595124
Micronesia,2006,china,0.0002611802043423319,0.00041287103620218853,0.632595124
Micronesia,2006,us,0.01546027071329667,0.02443944021499709,0.632595124
Micronesia,2007,aus,0.00045163910576616166,0.0006434195095399742,0.7019356719367589
Micronesia,2007,china,0.0018152425818657699,0.0025860526176953074,0.7019356719367589
Micronesia,2007,us,0.017598260201321228,0.02507104412112959,0.7019356719367589
Micronesia,2008,aus,0.0003050121382425624,0.0004300923456220842,0.7091782528735632
Micronesia,2008,china,0.00042784248446267235,0.0006032932943573368,0.7091782528735632
Micronesia,2008,us,0.017711651676919727,0.02497489397785788,0.7091782528735632
Micronesia,2009,aus,4.7266407800128455e-05,6.161766983857095e-05,0.7670917761732852
Micronesia,2009,china,0.0011604536073907634,0.0015127963086500593,0.7670917761732852
Micronesia,2009,us,0.015216077237057994,0.019836058356621854,0.7670917761732852
Micronesia,2010,aus,0.00011097423339651571,0.00018106378535662167,0.6129013219178082
Micronesia,2010,china,0.0003948399837356275,0.0006442146061949212,0.6129013219178082
Micronesia,2010,us,0.013792117679718482,0.022502998747925763,0.6129013219178082
Micronesia,2011,aus,0.0002304330558476334,0.0003317078640143641,0.6946867435064935
Micronesia,2011,china,0.0003451843275498572,0.0004968920607402243,0.6946867435064935
Micronesia,2011,us,0.013584838028993636,0.019555343694084258,0.6946867435064935
Micronesia,2012,aus,0.0005016392866029616,0.0006799651021698291,0.7377426944444444
Micronesia,2012,china,0.00030372587887995083,0.00041169622033149504,0.7377426944444444
Micronesia,2012,us,0.012132759778916887,0.01644578776622578,0.7377426944444444
Micronesia,2013,aus,0.0004184757034015181,0.0005993957518341213,0.6981626114649682
Micronesia,2013,china,0.000736248490503072,0.0010545515878574298,0.6981626114649682
Micronesia,2013,us,0.01025253728896146,0.014685027700707665,0.6981626114649682
Micronesia,2014,aus,1.7164416341943326e-05,3.9414317941296655e-05,0.43548682911392406
Micronesia,2014,china,0.0013216763978761896,0.00303494000166521,0.43548682911392406
Micronesia,2014,us,0.008348938653981312,0.01917150668131278,0.43548682911392406
Micronesia,2015,aus,1.8976515635859632e-05,3.659109613110443e-05,0.5186101987179487
Micronesia,2015,china,0.002879241542507652,0.005551841343701681,0.5186101987179487
Micronesia,2015,us,0.00820649377614502,0.015824011553247922,0.5186101987179487
Micronesia,2016,aus,4.1590579134299625e-05,7.961357278979003e-05,0.522405636085627
Micronesia,2016,china,0.0017507851547501497,0.003351390248904551,0.522405636085627
Micronesia,2016,us,0.007356096184034048,0.014081196058972683,0.522405636085627
Micronesia,2017,aus,1.6901088506018476e-05,3.0551016842960186e-05,0.5532087063711911
Micronesia,2017,china,0.0029846460613173137,0.005395153812555294,0.5532087063711911
Micronesia,2017,us,0.006370237768856272,0.011515071428724008,0.5532087063711911
Micronesia,2018,aus,1.194515687598245e-05,3.8622123073035376e-05,0.3092827614213198
Micronesia,2018,china,0.0026912726332365793,0.008701657411711992,0.3092827614213198
Micronesia,2018,us,0.00573736124909671,0.018550536805641754,0.3092827614213198
Micronesia,2019,aus,1.3273711119277236e-05,4.341129001364191e-05,0.3057663367088608
Micronesia,2019,china,0.0030177086545141816,0.00986932926297747,0.3057663367088608
Micronesia,2019,us,0.005900947664450248,0.019298879425268155,0.3057663367088608
Micronesia,2020,aus,4.4573399292614626e-05,0.0001249950588995066,0.35660129036341115
Micronesia,2020,china,0.005303206696441696,0.014871529744149879,0.35660129036341115
Micronesia,2020,us,0.008333021184794398,0.023367894087826337,0.35660129036341115
Micronesia,2021,aus,1.4192573394447592e-05,4.493294260714034e-05,0.3158612049635101
Micronesia,2021,china,0.004073083373615789,0.012895168224557153,0.3158612049635101
Micronesia,2021,us,0.0065289888639795375,0.0206704361326482,0.3158612049635101
Micronesia,2022,aus,2.2367619739341762e-05,6.242032852169814e-05,0.3583387058202758
Micronesia,2022,china,0.007931485304833176,0.022134045739427323,0.3583387058202758
Micronesia,2022,us,0.0074268630525673235,0.020725818707098456,0.3583387058202758
Micronesia,2023,aus,2.604795778545804e-05,6.770351820119736e-05,0.3847356603840031
Micronesia,2023,china,0.004551974173237553,0.011831432960215453,0.3847356603840031
Micronesia,2023,us,0.005255106048471504,0.013659004323192721,0.3847356603840031
Micronesia,2024,aus,1.7988904611421518e-05,5.4442977592505805e-05,0.3304173542098427
Micronesia,2024,china,0.005504925910132815,0.016660522941651323,0.3304173542098427
Micronesia,2024,us,0.004793532266939951,0.014507507568430125,0.3304173542098427
Nauru,2002,aus,0.01074411990690127,0.011295760024437204,0.9511639662720774
Nauru,2002,china,0.00027647801949328647,0.0002906733531726335,0.9511639662720774
Nauru,2002,us,0.0158522692612832,0.016666179358553104,0.9511639662720774
Nauru,2003,aus,0.00838560737613082,0.014861611133364008,0.5642461844062995
Nauru,2003,china,0.00011657833331691031,0.00020660898830813392,0.5642461844062995
Nauru,2003,us,0.005157311633427042,0.009140179900115003,0.5642461844062995
Nauru,2004,aus,0.0037538774936971605,0.01178526742091851,0.3185228946976745
Nauru,2004,china,4.336107628467562e-06,1.3613174125468035e-05,0.3185228946976745
Nauru,2004,us,0.0019883908285393804,0.006242536601416544,0.3185228946976745
Nauru,2005,aus,0.0022172129349968977,0.003195536642536222,0.6938468191800011
Nauru,2005,china,2.481282386317761e-05,3.576124178604982e-05,0.6938468191800011
Nauru,2005,us,0.0039390110515040025,0.005677061481897671,0.6938468191800011
Nauru,2006,aus,0.0030653859014886744,0.0033057904863414605,0.927277731046155
Nauru,2006,china,0.0,0.0,0.927277731046155
Nauru,2006,us,0.007622296245630141,0.00822007904474387,0.927277731046155
Nauru,2007,aus,0.004612930586865177,0.0027308280159220972,1.6892058232775837
Nauru,2007,china,0.00018257940125948532,0.00010808594118224421,1.6892058232775837
Nauru,2007,us,0.018951735616144424,0.011219317003875923,1.6892058232775837
Nauru,2008,aus,0.0023647132373544235,0.0010709699419629208,2.2080108364388575
Nauru,2008,china,4.783472396451051e-08,2.166417083426081e-08,2.2080108364388575
Nauru,2008,us,0.0159549853829932,0.007225954293198059,2.2080108364388575
Nauru,2009,aus,0.0020319969321567133,0.0009175987605788493,2.2144721848521978
Nauru,2009,china,1.8412202690961545e-06,8.314488128100126e-07,2.2144721848521978
Nauru,2009,us,0.004527203856102377,0.0020443715152848214,2.2144721848521978
Nauru,2010,aus,0.0017661607475555675,0.004038525930231502,0.4373280692181479
Nauru,2010,china,1.0812928579819735e-05,2.472498186350356e-05,0.4373280692181479
Nauru,2010,us,0.0031438888721096966,0.007188856818018381,0.4373280692181479
Nauru,2011,aus,0.0013203749934007027,0.0025789240128162583,0.5119867769809998
Nauru,2011,china,2.119857889277187e-05,4.140454372234415e-05,0.5119867769809998
Nauru,2011,us,0.00012049223127667752,0.0002353424672160021,0.5119867769809998
Nauru,2012,aus,0.0008272530220183046,0.0021573021222882254,0.3834664665053251
Nauru,2012,china,0.00045134010693901916,0.0011770001978328175,0.3834664665053251
Nauru,2012,us,0.0019277356917238174,0.005027129775628105,0.3834664665053251
Nauru,2013,aus,0.005040659988882749,0.003686832124910291,1.3672062676315646
Nauru,2013,china,4.073561042151778e-05,2.9794780338510873e-05,1.3672062676315646
Nauru,2013,us,0.00012033301737202559,8.801379881068025e-05,1.3672062676315646
Nauru,2014,aus,0.007414159221257702,0.006253459554162213,1.1856092067186945
Nauru,2014,china,0.0006760081451184174,0.0005701778809472517,1.1856092067186945
Nauru,2014,us,5.463231158349224e-05,4.607952711053353e-05,1.1856092067186945
Nauru,2015,aus,0.004976351082764742,0.00594547782329369,0.8369976696015882
Nauru,2015,china,0.0013006699134086126,0.001553970770346031,0.8369976696015882
Nauru,2015,us,0.0002705920484772016,0.00032328889112200716,0.8369976696015882
Nauru,2016,aus,0.004210536783614175,0.009865710616241002,0.4267849471159999
Nauru,2016,china,0.0009272094515810189,0.0021725448796791886,0.4267849471159999
Nauru,2016,us,5.285203875124177e-05,0.00012383763557826847,0.4267849471159999
Nauru,2017,aus,0.0034427575620424194,0.009458927060571793,0.3639691415311859
Nauru,2017,china,5.951084448934294e-05,0.00016350519233302607,0.3639691415311859
Nauru,2017,us,4.9264465781633e-06,1.3535341368331875e-05,0.3639691415311859
Nauru,2018,aus,0.002258922702795469,0.0025298199146971925,0.8929183811353827
Nauru,2018,china,0.0005235149444357491,0.0005862965255235066,0.8929183811353827
Nauru,2018,us,6.0047692161937225e-05,6.724880283636238e-05,0.8929183811353827
Nauru,2019,aus,0.0023220440138015134,0.0033062797177393875,0.7023132378494495
Nauru,2019,china,0.00035899619649187045,0.0005111625086138932,0.7023132378494495
Nauru,2019,us,0.00011669683571543623,0.00016616066653217748,0.7023132378494495
Nauru,2020,aus,0.0019353092307310168,0.0023489825951969433,0.8238925374279994
Nauru,2020,china,0.0015609873834404662,0.0018946492564594715,0.8238925374279994
Nauru,2020,us,4.29257845750666e-05,5.210119357200503e-05,0.8238925374279994
Nauru,2021,aus,0.001704624310995377,0.0027282268021409212,0.6248103382232398
Nauru,2021,china,0.009017460916863645,0.014432317081222458,0.6248103382232398
Nauru,2021,us,6.491844843287858e-05,0.00010390104718415163,0.6248103382232398
Nauru,2022,aus,0.0013762091945328724,0.0033214960793736315,0.4143341318627714
Nauru,2022,china,0.008103688102349491,0.019558340670407175,0.4143341318627714
Nauru,2022,us,5.388777947255894e-05,0.00013005875048306838,0.4143341318627714
Nauru,2023,aus,0.001075621256841758,0.0025539588918024317,0.4211584063839997
Nauru,2023,china,0.002155495115444941,0.005118015176170138,0.4211584063839997
Nauru,2023,us,7.332581762569193e-05,0.00017410507902538606,0.4211584063839997
Nauru,2024,aus,0.0015174664188037223,0.004205451640266745,0.36083316338110877
Nauru,2024,china,0.007707290468051104,0.021359706507660253,0.36083316338110877
Nauru,2024,us,3.2290522079632676e-05,8.948878694258963e-05,0.36083316338110877
Niue,2002,aus,,2.530148242664974e-05,
Niue,2002,china,,0.0,
Niue,2002,us,,0.006008559592971316,
Niue,2003,aus,,4.536420504853489e-06,
Niue,2003,china,,0.0,
Niue,2003,us,,0.0002133163857761261,
Niue,2004,aus,,6.925200348871725e-06,
Niue,2004,china,,0.0,
Niue,2004,us,,0.0023257247175483956,
Niue,2005,aus,,2.2322064897485744e-06,
Niue,2005,china,,0.0,
Niue,2005,us,,0.0014015532716034796,
Niue,2006,aus,,7.693067282350853e-06,
Niue,2006,china,,0.0,
Niue,2006,us,,0.007724687382848934,
Niue,2007,aus,,0.0009395621705327609,
Niue,2007,china,,0.0,
Niue,2007,us,,0.004090089104420528,
Niue,2008,aus,,1.0049488289459444e-06,
Niue,2008,china,,0.0,
Niue,2008,us,,0.000758957747883896,
Niue,2009,aus,,2.016698652807203e-08,
Niue,2009,china,,0.0,
Niue,2009,us,,7.940501398904842e-05,
Niue,2010,aus,,6.982794899872151e-07,
Niue,2010,china,,0.0,
Niue,2010,us,,0.0007212581405223853,
Niue,2011,aus,,9.599660282794591e-08,
Niue,2011,china,,0.0,
Niue,2011,us,,3.119474485653825e-05,
Niue,2012,aus,,1.1645385632837007e-05,
Niue,2012,china,,0.0,
Niue,2012,us,,0.0023675274074936477,
Niue,2013,aus,,1.0439963159257741e-05,
Niue,2013,china,,0.0,
Niue,2013,us,,0.00011966717328508419,
Niue,2014,aus,,1.5869762488272316e-05,
Niue,2014,china,,0.0,
Niue,2014,us,,2.7981282472535985e-05,
Niue,2015,aus,,5.659724179855684e-06,
Niue,2015,china,,0.0,
Niue,2015,us,,2.469732460703261e-05,
Niue,2016,aus,,4.345653050534192e-06,
Niue,2016,china,,0.0,
Niue,2016,us,,2.5460341590088003e-05,
Niue,2017,aus,,4.7946857503532655e-06,
Niue,2017,china,,0.0,
Niue,2017,us,,1.332633750602506e-05,
Niue,2018,aus,,2.934285907368833e-06,
Niue,2018,china,,0.0,
Niue,2018,us,,0.0013036062626938536,
Niue,2019,aus,,6.9807492528513235e-06,
Niue,2019,china,,0.0,
Niue,2019,us,,0.0001819882658506945,
Niue,2020,aus,,1.357399471596553e-05,
Niue,2020,china,,0.0,
Niue,2020,us,,0.0001517542122861538,
Niue,2021,aus,,4.854830711047932e-07,
Niue,2021,china,,0.0,
Niue,2021,us,,7.932614282312157e-05,
Niue,2022,aus,,7.806134631667801e-07,
Niue,2022,china,,0.0,
Niue,2022,us,,0.0006940972899521547,
Niue,2023,aus,,4.138242836498144e-06,
Niue,2023,china,,0.0,
Niue,2023,us,,1.9194889007552675e-06,
Niue,2024,aus,,8.702252827479333e-07,
Niue,2024,china,,0.0,
Niue,2024,us,,0.0002930811089312125,
Palau,2002,aus,1.4844507996137025e-05,6.921828326228564e-05,0.21445934941621445
Palau,2002,china,4.6661971282969566e-05,0.00021757956186097447,0.21445934941621445
Palau,2002,us,0.011853871988796724,0.0552732814916415,0.21445934941621445
Palau,2003,aus,1.5425501695609012e-05,9.018777229655911e-05,0.17103761743760837
Palau,2003,china,2.1140166262341023e-05,0.00012359951324773685,0.17103761743760837
Palau,2003,us,0.007910579670184756,0.04625052540310556,0.17103761743760837
Palau,2004,aus,8.434886697326114e-06,3.676849903806911e-05,0.22940524954779526
Palau,2004,china,3.161827327211239e-05,0.00013782715667770676,0.22940524954779526
Palau,2004,us,0.006925411085715225,0.030188546684814882,0.22940524954779526
Palau,2005,aus,1.5037273655976328e-05,9.204157558102962e-05,0.16337479623801235
Palau,2005,china,0.00011273061368410635,0.0006900122679870089,0.16337479623801235
Palau,2005,us,0.004482747142322844,0.027438425299041596,0.16337479623801235
Palau,2006,aus,1.0174373806349247e-05,6.0365925633785815e-05,0.1685449812875033
Palau,2006,china,0.00012335636983019772,0.0007318899019590322,0.1685449812875033
Palau,2006,us,0.004026845853348101,0.02389181702467381,0.1685449812875033
Palau,2007,aus,6.959498469386491e-06,1.100301955363189e-05,0.632508052490854
Palau,2007,china,0.000706793377558454,0.0011174456590316282,0.632508052490854
Palau,2007,us,0.009047346043056516,0.014303922309648921,0.632508052490854
Palau,2008,aus,5.1890087419098185e-06,6.5500740831381395e-06,0.7922061149304994
Palau,2008,china,0.0006208434511418589,0.0007836892942896885,0.7922061149304994
Palau,2008,us,0.009437378661046358,0.01191278189246785,0.7922061149304994
Palau,2009,aus,3.0207066451156594e-06,4.701566647138133e-06,0.6424893810564992
Palau,2009,china,0.00030066513874638264,0.00046796903981817365,0.6424893810564992
Palau,2009,us,0.010454408617171174,0.01627172203216824,0.6424893810564992
Palau,2010,aus,2.233015466455357e-06,3.199013894955543e-06,0.6980324374259679
Palau,2010,china,0.0006060975654366529,0.0008682942696354775,0.6980324374259679
Palau,2010,us,0.010843406326848605,0.015534244177583279,0.6980324374259679
Palau,2011,aus,1.7224819804111247e-05,2.2792207503017577e-05,0.7557328442991212
Palau,2011,china,0.00019522417786619215,0.00025832432629978677,0.7557328442991212
Palau,2011,us,0.009877733994163473,0.013070404533395981,0.7557328442991212
Palau,2012,aus,4.485856354073447e-05,5.8642091952670865e-05,0.7649550356583311
Palau,2012,china,0.0001847184420258913,0.00024147620894726183,0.7649550356583311
Palau,2012,us,0.011599122898428444,0.015163143397632613,0.7649550356583311
Palau,2013,aus,1.5163229087891234e-05,1.803980342850614e-05,0.8405429220991733
Palau,2013,china,0.0014663585225175076,0.0017445373507582712,0.8405429220991733
Palau,2013,us,0.010721887839001569,0.012755907589138587,0.8405429220991733
Palau,2014,aus,2.714030919240227e-05,3.5729046628100865e-05,0.7596147043861069
Palau,2014,china,0.0029628115477481633,0.003900413631595771,0.7596147043861069
Palau,2014,us,0.01302510978936272,0.017146995330862034,0.7596147043861069
Palau,2015,aus,3.1053707795697604e-05,5.235714881396385e-05,0.5931130418510387
Palau,2015,china,0.0015291393829105664,0.0025781584200851413,0.5931130418510387
Palau,2015,us,0.010409170773895098,0.017550062196253942,0.5931130418510387
Palau,2016,aus,1.037590015002148e-05,1.6313378184006353e-05,0.6360362662464369
Palau,2016,china,0.001487074024171619,0.0023380333843973627,0.6360362662464369
Palau,2016,us,0.012714024307151543,0.01998946440929109,0.6360362662464369
Palau,2017,aus,6.405271696409328e-06,9.34706028226325e-06,0.6852712513862581
Palau,2017,china,0.002126280551073108,0.0031028305167797193,0.6852712513862581
Palau,2017,us,0.009456927949223221,0.01380026949925666,0.6852712513862581
Palau,2018,aus,1.6621674488043315e-06,2.6410915527833186e-06,0.6293486672405028
Palau,2018,china,0.0011735818894059351,0.0018647562956663195,0.6293486672405028
Palau,2018,us,0.008361256963462132,0.013285571891529747,0.6293486672405028
Palau,2019,aus,1.737132796361756e-06,4.782900330793195e-06,0.36319652851174306
Palau,2019,china,0.004460075900169406,0.01228006203265569,0.36319652851174306
Palau,2019,us,0.003213894197223374,0.00884891221398186,0.36319652851174306
Palau,2020,aus,2.4571865002530817e-06,7.132045490102689e-06,0.3445275978207063
Palau,2020,china,0.017055396500903063,0.049503716418615513,0.3445275978207063
Palau,2020,us,0.005398021435324227,0.01566789270139509,0.3445275978207063
Palau,2021,aus,2.658090937223282e-06,5.987474464429558e-06,0.44394192459850856
Palau,2021,china,0.024187380003010177,0.05448320751612887,0.44394192459850856
Palau,2021,us,0.00512462829281596,0.011543465504976945,0.44394192459850856
Palau,2022,aus,1.7214312554604127e-06,2.7740116603359997e-06,0.6205566040237573
Palau,2022,china,0.0236131371952177,0.038051544439471785,0.6205566040237573
Palau,2022,us,0.004855454413042105,0.007824353784262071,0.6205566040237573
Palau,2023,aus,2.151764597013987e-06,3.3040122448217507e-06,0.6512580576498661
Palau,2023,china,0.016611687689159802,0.025507074337175716,0.6512580576498661
Palau,2023,us,0.0037162471333369116,0.005706258970134487,0.6512580576498661
Palau,2024,aus,1.9680719711843833e-06,3.6687985421295612e-06,0.5364350068788493
Palau,2024,china,0.009914881807604997,0.018482913457294588,0.5364350068788493
Palau,2024,us,0.0031183654289373623,0.005813128130993933,0.5364350068788493
Papua New Guinea,2002,aus,0.002855792267687333,0.006595193201902009,0.43301116135062456
Papua New Guinea,2002,china,0.0004970191701942325,0.0011478206904504671,0.43301116135062456
Papua New Guinea,2002,us,0.0011587575967790824,0.0026760455623470523,0.43301116135062456
Papua New Guinea,2003,aus,0.0017124699477598232,0.00412267508401858,0.41537834363861437
Papua New Guinea,2003,china,0.0006490950346292871,0.0015626597885276606,0.41537834363861437
Papua New Guinea,2003,us,0.0007401391119041088,0.0017818432839340353,0.41537834363861437
Papua New Guinea,2004,aus,0.0025997529739085166,0.005719287997667407,0.454558849802426
Papua New Guinea,2004,china,0.0005192319866379668,0.0011422767082054414,0.454558849802426
Papua New Guinea,2004,us,0.0005599366903863916,0.0012318244175199057,0.454558849802426
Papua New Guinea,2005,aus,0.0019795945981367696,0.0059008334450321295,0.3354771180337883
Papua New Guinea,2005,china,0.0007147027705089109,0.0021304069103065563,0.3354771180337883
Papua New Guinea,2005,us,0.00027821856101850856,0.0008293220194841639,0.3354771180337883
Papua New Guinea,2006,aus,0.0010678887926024521,0.004740005980211864,0.2252927099798133
Papua New Guinea,2006,china,0.0007711546526595735,0.003422901046059904,0.2252927099798133
Papua New Guinea,2006,us,7.048382232465148e-05,0.00031285442982583405,0.2252927099798133
Papua New Guinea,2007,aus,0.0011307521092325983,0.004460283805211573,0.2535157309746484
Papua New Guinea,2007,china,0.0009559498738190656,0.0037707714237056977,0.2535157309746484
Papua New Guinea,2007,us,0.0002465188886528364,0.0009724007567699549,0.2535157309746484
Papua New Guinea,2008,aus,0.0006666766495161572,0.002722372538201079,0.24488810409345796
Papua New Guinea,2008,china,0.0013055519882843448,0.005331218489021011,0.24488810409345796
Papua New Guinea,2008,us,0.00015565558529875983,0.0006356192183159544,0.24488810409345796
Papua New Guinea,2009,aus,0.0009011151175245554,0.003297935643706408,0.27323611339845033
Papua New Guinea,2009,china,0.0028512129039610446,0.010434978262932704,0.27323611339845033
Papua New Guinea,2009,us,0.000978261870851911,0.0035802802882990326,0.27323611339845033
Papua New Guinea,2010,aus,0.0007927511672533391,0.0026322192539401782,0.3011721634003957
Papua New Guinea,2010,china,0.0014710111412097671,0.004884286531003597,0.3011721634003957
Papua New Guinea,2010,us,0.0005859480555863964,0.0019455584771538236,0.3011721634003957
Papua New Guinea,2011,aus,0.0008842548019763781,0.002265964108764841,0.3902333662550279
Papua New Guinea,2011,china,0.001360206800435561,0.0034856240343800575,0.3902333662550279
Papua New Guinea,2011,us,0.00024796637087676524,0.000635430981354661,0.3902333662550279
Papua New Guinea,2012,aus,0.0012231972826106672,0.002846789598033898,0.4296760404967947
Papua New Guinea,2012,china,0.0014279274062234597,0.003323265138480794,0.4296760404967947
Papua New Guinea,2012,us,0.00033514276035765154,0.0007799894077644099,0.4296760404967947
Papua New Guinea,2013,aus,0.0006860311764301728,0.0024785789170867793,0.27678407643219444
Papua New Guinea,2013,china,0.001581627570326459,0.005714301164698398,0.27678407643219444
Papua New Guinea,2013,us,8.743640965002463e-05,0.00031590115579298685,0.27678407643219444
Papua New Guinea,2014,aus,0.0005888184395496279,0.002577898979370729,0.2284102070180267
Papua New Guinea,2014,china,0.0019505311875859445,0.008539597301936703,0.2284102070180267
Papua New Guinea,2014,us,9.431075986064367e-05,0.00041290081162266286,0.2284102070180267
Papua New Guinea,2015,aus,0.00042391100655142874,0.0019434208779582694,0.218126197654511
Papua New Guinea,2015,china,0.004283757366374437,0.01963889442184042,0.218126197654511
Papua New Guinea,2015,us,0.00018654019062090118,0.0008551938860473846,0.218126197654511
Papua New Guinea,2016,aus,0.00043758672271605433,0.0023118429508098173,0.18928047104703705
Papua New Guinea,2016,china,0.00309728878016182,0.016363488335741354,0.18928047104703705
Papua New Guinea,2016,us,7.218984473977338e-05,0.0003813908764091879,0.18928047104703705
Papua New Guinea,2017,aus,0.0003853906545484802,0.002052581009937276,0.18775904711320365
Papua New Guinea,2017,china,0.003582456710570728,0.01908007505178056,0.18775904711320365
Papua New Guinea,2017,us,3.235811349288759e-05,0.0001723385050701618,0.18775904711320365
Papua New Guinea,2018,aus,0.0004758803755118808,0.0026353718869105047,0.18057427791330208
Papua New Guinea,2018,china,0.0028058450052184593,0.015538453414531226,0.18057427791330208
Papua New Guinea,2018,us,2.6013689435701688e-05,0.00014406088029985902,0.18057427791330208
Papua New Guinea,2019,aus,0.0004947610986620238,0.0023449908903927837,0.210986362756894
Papua New Guinea,2019,china,0.0021236738384635754,0.010065455466951426,0.210986362756894
Papua New Guinea,2019,us,9.388724309527292e-05,0.00044499199791151026,0.210986362756894
Papua New Guinea,2020,aus,0.0003793773298872867,0.0020493960603003075,0.18511664838064282
Papua New Guinea,2020,china,0.0029924170401260395,0.01616503467571936,0.18511664838064282
Papua New Guinea,2020,us,4.430836953858962e-05,0.00023935378004187567,0.18511664838064282
Papua New Guinea,2021,aus,0.0004370777551449708,0.0023311607578772706,0.18749361392946964
Papua New Guinea,2021,china,0.0027688439752774235,0.014767670840879907,0.18749361392946964
Papua New Guinea,2021,us,4.218811832149034e-05,0.00022501096137258542,0.18749361392946964
Papua New Guinea,2022,aus,0.0004511174739776468,0.0022372359637081152,0.20164054274808832
Papua New Guinea,2022,china,0.0036669441455893827,0.018185549868165823,0.20164054274808832
Papua New Guinea,2022,us,6.67055654339558e-05,0.00033081425255481367,0.20164054274808832
Papua New Guinea,2023,aus,0.00044281652346681065,0.0020579404097914263,0.21517460921606102
Papua New Guinea,2023,china,0.004092452879095477,0.019019218364124763,0.21517460921606102
Papua New Guinea,2023,us,7.138370766060189e-05,0.0003317478206219216,0.21517460921606102
Papua New Guinea,2024,aus,0.0004860425267239877,0.00273433782813176,0.1777551119409692
Papua New Guinea,2024,china,0.005283428036175183,0.029723072256452234,0.1777551119409692
Papua New Guinea,2024,us,4.429181474455792e-06,2.4917322636137074e-05,0.1777551119409692
Samoa,2002,aus,0.0011001209561111835,0.0026763127096866846,0.4110584507293897
Samoa,2002,china,0.00037414380753303,0.0009101961214254136,0.4110584507293897
Samoa,2002,us,0.000949537540708168,0.002309981801914767,0.4110584507293897
Samoa,2003,aus,0.00012029946657806615,0.0002715389294120278,0.44302843367083516
Samoa,2003,china,0.0001925875414246415,0.00043470695510196473,0.44302843367083516
Samoa,2003,us,0.0012155170724852235,0.002743654763676722,0.44302843367083516
Samoa,2004,aus,0.00016964928632834817,0.00037537058084520313,0.45195147138690883
Samoa,2004,china,0.0006371168543213645,0.0014097019141595811,0.45195147138690883
Samoa,2004,us,0.0014494022428384221,0.0032069864456699838,0.45195147138690883
Samoa,2005,aus,0.00011041136555547002,0.00024468110440485413,0.4512459833137798
Samoa,2005,china,0.00013648475367065326,0.00030246198020060115,0.4512459833137798
Samoa,2005,us,0.001574228984552971,0.003488627140772376,0.4512459833137798
Samoa,2006,aus,8.637161168169438e-05,0.00018702415420044372,0.4618206244586212
Samoa,2006,china,0.0005767567188995802,0.0012488760535017145,0.4618206244586212
Samoa,2006,us,0.001131852649058226,0.00245084907237537,0.4618206244586212
Samoa,2007,aus,6.206770316538708e-05,0.00014614102496258072,0.4247110158237871
Samoa,2007,china,0.0005364469603331768,0.0012630869940885852,0.4247110158237871
Samoa,2007,us,0.0009650440992355349,0.002272237034783982,0.4247110158237871
Samoa,2008,aus,5.308018845660039e-05,0.00013028369808436993,0.4074200321073661
Samoa,2008,china,0.002077847968213301,0.005100014246883502,0.4074200321073661
Samoa,2008,us,0.000792905146594576,0.001946161416004268,0.4074200321073661
Samoa,2009,aus,0.0011356555646474453,0.0027186147502122914,0.4177331725867978
Samoa,2009,china,0.0015750577769000785,0.0037704876707458715,0.4177331725867978
Samoa,2009,us,0.0026639247557536314,0.006377096506981651,0.4177331725867978
Samoa,2010,aus,0.0010768308302387727,0.0015866453191462678,0.6786840242393852
Samoa,2010,china,0.007591700369027613,0.011185912881234803,0.6786840242393852
Samoa,2010,us,0.0021412043118449707,0.003154935485986518,0.6786840242393852
Samoa,2011,aus,0.000241531001688802,0.0003835754019875931,0.6296832394289309
Samoa,2011,china,0.0029195858130344494,0.004636594449746297,0.6296832394289309
Samoa,2011,us,0.0026361355821003657,0.004186447116634574,0.6296832394289309
Samoa,2012,aus,0.00022634556544243387,0.00042376301481560964,0.5341324219644858
Samoa,2012,china,0.005647989012299905,0.010574136262927391,0.5341324219644858
Samoa,2012,us,0.0033452846873379444,0.00626302495368905,0.5341324219644858
Samoa,2013,aus,0.000211325837268925,0.0003919851544746898,0.5391169406712064
Samoa,2013,china,0.002832315250485028,0.005253619459553181,0.5391169406712064
Samoa,2013,us,0.0028499595967180634,0.005286347695121272,0.5391169406712064
Samoa,2014,aus,0.0002657415395730756,0.0004314198403318028,0.6159696767044723
Samoa,2014,china,0.005940898146100106,0.009644789947915582,0.6159696767044723
Samoa,2014,us,0.002498964122011679,0.004056959646749986,0.6159696767044723
Samoa,2015,aus,0.00041982671259253564,0.0007482526046166899,0.5610761793573733
Samoa,2015,china,0.005596586094257894,0.009974734804582016,0.5610761793573733
Samoa,2015,us,0.0021957422862997123,0.0039134477047565955,0.5610761793573733
Samoa,2016,aus,0.00016286579869980242,0.0003065688188550792,0.5312536327342283
Samoa,2016,china,0.0044308036437163125,0.008340279238961783,0.5312536327342283
Samoa,2016,us,0.0022802643775909908,0.0042922330071514915,0.5312536327342283
Samoa,2017,aus,0.00023532453149205878,0.00045502231649983163,0.5171714066735139
Samoa,2017,china,0.0029214102830502388,0.005648824055917889,0.5171714066735139
Samoa,2017,us,0.002579737842112258,0.004988167962929987,0.5171714066735139
Samoa,2018,aus,0.00030274771516547195,0.0005705538044011314,0.5306207983018255
Samoa,2018,china,0.004767763296390824,0.008985255217378125,0.5306207983018255
Samoa,2018,us,0.0023803688691703263,0.004486007478011322,0.5306207983018255
Samoa,2019,aus,0.0002392420086673799,0.0004256703775959255,0.562035841015191
Samoa,2019,china,0.005529799751536149,0.009838873872434564,0.562035841015191
Samoa,2019,us,0.001995444972273775,0.003550387407090362,0.562035841015191
Samoa,2020,aus,7.145049735834387e-05,0.00017196378434609832,0.4154973538762146
Samoa,2020,china,0.009604506046108654,0.02311568523001963,0.4154973538762146
Samoa,2020,us,0.0017380118720672297,0.004182967366345779,0.4154973538762146
Samoa,2021,aus,0.00015230044354179223,0.0002749187019318595,0.5539835684934267
Samoa,2021,china,0.005464202320898481,0.009863473632906707,0.5539835684934267
Samoa,2021,us,0.003174734632776347,0.005730737901505137,0.5539835684934267
Samoa,2022,aus,0.00014953161160585732,0.00022892126518226125,0.6532010535884645
Samoa,2022,china,0.0058349742450784945,0.008932891661798661,0.6532010535884645
Samoa,2022,us,0.003153188993839812,0.004827287060419245,0.6532010535884645
Samoa,2023,aus,0.0001860017577980726,0.00032552724428428593,0.5713861468247357
Samoa,2023,china,0.007610117017107724,0.013318693600462833,0.5713861468247357
Samoa,2023,us,0.00186548501831392,0.003264841173837787,0.5713861468247357
Samoa,2024,aus,0.00014845428792691103,0.00028877964835947735,0.5140746197672242
Samoa,2024,china,0.006706333132295449,0.013045446856201758,0.5140746197672242
Samoa,2024,us,0.002440268594360646,0.004746915137467033,0.5140746197672242
Solomon Islands,2002,aus,0.00030857147205921436,0.00199020336293461,0.15504519679045117
Solomon Islands,2002,china,7.762401589377237e-05,0.0005006541157072015,0.15504519679045117
Solomon Islands,2002,us,2.9419758820239416e-05,0.00018974956612168524,0.15504519679045117
Solomon Islands,2003,aus,0.00023027060983550653,0.0011216712586222908,0.20529242241469198
Solomon Islands,2003,china,0.00010212268407022349,0.0004974498467553519,0.20529242241469198
Solomon Islands,2003,us,2.2118143494194297e-05,0.00010773969752042532,0.20529242241469198
Solomon Islands,2004,aus,0.00032664119776786065,0.0015209144544328014,0.2147663182605992
Solomon Islands,2004,china,0.00016674967970638717,0.0007764237942750956,0.2147663182605992
Solomon Islands,2004,us,6.381322777185865e-05,0.0002971286572712354,0.2147663182605992
Solomon Islands,2005,aus,0.00035153393357299117,0.0015845031197194114,0.2218575206309735
Solomon Islands,2005,china,0.00038713904869523274,0.0017449895211764316,0.2218575206309735
Solomon Islands,2005,us,2.7272083607558447e-05,0.00012292611731166617,0.2218575206309735
Solomon Islands,2006,aus,0.000423318139380791,0.0017179876841293545,0.24640347733070103
Solomon Islands,2006,china,0.0003397952412952574,0.001379019667158407,0.24640347733070103
Solomon Islands,2006,us,0.00017744551828519786,0.0007201421027311482,0.24640347733070103
Solomon Islands,2007,aus,0.0003958410675079123,0.001282664247286782,0.3086084829644503
Solomon Islands,2007,china,0.000517633910595116,0.001677315884588772,0.3086084829644503
Solomon Islands,2007,us,2.7255010366381164e-05,8.831581719521548e-05,0.3086084829644503
Solomon Islands,2008,aus,0.0004597495367963658,0.0015114018764757896,0.3041874857720744
Solomon Islands,2008,china,0.0006102062994652948,0.00200602039205031,0.3041874857720744
Solomon Islands,2008,us,3.3919674435273666e-05,0.00011150910547546143,0.3041874857720744
Solomon Islands,2009,aus,0.00019538015857449703,0.0006323076757433775,0.308995392701499
Solomon Islands,2009,china,0.0009998899402841057,0.0032359380233544016,0.308995392701499
Solomon Islands,2009,us,0.005396909877248433,0.017465988182102272,0.308995392701499
Solomon Islands,2010,aus,0.0003903413043026683,0.0012963127219551356,0.30111661923208194
Solomon Islands,2010,china,0.0017353255710786622,0.005762968432310876,0.30111661923208194
Solomon Islands,2010,us,1.7643663123403292e-05,5.85941193428605e-05,0.30111661923208194
Solomon Islands,2011,aus,0.00119857014822002,0.0029323062672499027,0.4087465765791623
Solomon Islands,2011,china,0.0016217561402257657,0.003967632350094261,0.4087465765791623
Solomon Islands,2011,us,2.6358996629049627e-05,6.448738200977851e-05,0.4087465765791623
Solomon Islands,2012,aus,0.002957180640088304,0.007158686097966148,0.4130898602927244
Solomon Islands,2012,china,0.0018646377077795233,0.004513879150793488,0.4130898602927244
Solomon Islands,2012,us,2.9083446379551065e-05,7.040464841945505e-05,0.4130898602927244
Solomon Islands,2013,aus,0.0025272025525683098,0.005974666616635237,0.42298637141222767
Solomon Islands,2013,china,0.0017442532795161078,0.0041236630714426015,0.42298637141222767
Solomon Islands,2013,us,4.260513118485126e-05,0.00010072459555281935,0.42298637141222767
Solomon Islands,2014,aus,0.002505673654486964,0.007024605893815861,0.3566995348013536
Solomon Islands,2014,china,0.002108313413045011,0.005910614417311011,0.3566995348013536
Solomon Islands,2014,us,3.10164201292747e-05,8.695391247579783e-05,0.3566995348013536
Solomon Islands,2015,aus,0.0027205555460636747,0.007773012479730946,0.3500001515703013
Solomon Islands,2015,china,0.002243084779650346,0.006408810880756999,0.3500001515703013
Solomon Islands,2015,us,9.127308914394486e-05,0.00026078014176405775,0.3500001515703013
Solomon Islands,2016,aus,0.0007064643118560493,0.0017642770395932322,0.40042708486357115
Solomon Islands,2016,china,0.0032033176366856085,0.00799975265853209,0.40042708486357115
Solomon Islands,2016,us,5.243193475171522e-05,0.00013094003061650842,0.40042708486357115
Solomon Islands,2017,aus,0.0008996202605457919,0.0019859930509826926,0.4529825822404813
Solomon Islands,2017,china,0.0027852588931951035,0.006148710794616057,0.4529825822404813
Solomon Islands,2017,us,7.063985521933175e-05,0.00015594386625185992,0.4529825822404813
Solomon Islands,2018,aus,0.0008776139080508516,0.002107398308841434,0.41644424994026386
Solomon Islands,2018,china,0.0037776895050340626,0.009071297071759177,0.41644424994026386
Solomon Islands,2018,us,6.363308674894161e-05,0.00015280097337895613,0.41644424994026386
Solomon Islands,2019,aus,0.00045584336503550155,0.00175465486008862,0.25979089985393417
Solomon Islands,2019,china,0.005444937616469352,0.020958923578657813,0.25979089985393417
Solomon Islands,2019,us,4.680301173891735e-05,0.0001801564710897574,0.25979089985393417
Solomon Islands,2020,aus,0.00039881041498823224,0.0016967787577173734,0.23503972640766682
Solomon Islands,2020,china,0.008425347841401712,0.035846484210027924,0.23503972640766682
Solomon Islands,2020,us,8.797865028173587e-06,3.7431395801210425e-05,0.23503972640766682
Solomon Islands,2021,aus,0.0005170867143040104,0.0017381185959754319,0.29749794720642836
Solomon Islands,2021,china,0.012578748867473835,0.042281800548847726,0.29749794720642836
Solomon Islands,2021,us,1.9113154136083334e-05,6.424633956489477e-05,0.29749794720642836
Solomon Islands,2022,aus,0.0004983234060951187,0.0013514441933763011,0.3687339873429488
Solomon Islands,2022,china,0.019074332570672627,0.05172924988043519,0.3687339873429488
Solomon Islands,2022,us,2.9632876579416513e-05,8.036383299773186e-05,0.3687339873429488
Solomon Islands,2023,aus,0.0005723747212178055,0.0014667438233879262,0.3902349627051561
Solomon Islands,2023,china,0.02210547620126563,0.056646580429461746,0.3902349627051561
Solomon Islands,2023,us,3.096358485473361e-05,7.934600385390965e-05,0.3902349627051561
Solomon Islands,2024,aus,0.0005484426995064548,0.0015613757120536435,0.3512560719835331
Solomon Islands,2024,china,0.01968964488558479,0.05605495948980446,0.3512560719835331
Solomon Islands,2024,us,6.0751585116356796e-05,0.0001729552596010492,0.3512560719835331
Tonga,2002,aus,0.0003086051004050832,0.0009598237600338441,0.3215226724479102
Tonga,2002,china,0.00047002185411836663,0.001461862239884544,0.3215226724479102
Tonga,2002,us,0.0076036934360771535,0.023649011679912013,0.3215226724479102
Tonga,2003,aus,0.00012527742398226775,0.00035005429478235785,0.35787997990471027
Tonga,2003,china,0.0001406409724711762,0.00039298362682546123,0.35787997990471027
Tonga,2003,us,0.000647286874652819,0.0018086702553888785,0.35787997990471027
Tonga,2004,aus,0.00027321458824717203,0.0007879052036458903,0.346760735914575
Tonga,2004,china,0.001448332099294472,0.004176747680138938,0.346760735914575
Tonga,2004,us,0.0004407213317143896,0.0012709666524152318,0.346760735914575
Tonga,2005,aus,0.00014588417556774455,0.0004454173219151379,0.327522456783885
Tonga,2005,china,0.00020032255245511362,0.0006116299762226566,0.327522456783885
Tonga,2005,us,0.0008161280433501148,0.002491823160353964,0.327522456783885
Tonga,2006,aus,2.982330319255381e-05,9.743491363010098e-05,0.30608436012756285
Tonga,2006,china,0.0003501869035440516,0.0011440862362196772,0.30608436012756285
Tonga,2006,us,0.001290331614535347,0.004215607795176441,0.30608436012756285
Tonga,2007,aus,4.6023570248792905e-05,0.00012804055124025657,0.3594452679482285
Tonga,2007,china,0.0009012583357604531,0.0025073590227101357,0.3594452679482285
Tonga,2007,us,0.00124655549256945,0.0034679980618050406,0.3594452679482285
Tonga,2008,aus,0.00011761901314914352,0.0001824753063828259,0.6445749591036911
Tonga,2008,china,0.0005254194756637432,0.0008151409983322362,0.6445749591036911
Tonga,2008,us,0.001583422204200349,0.0024565369501821244,0.6445749591036911
Tonga,2009,aus,0.00010227483755155025,0.00018952242281688116,0.5396450511313347
Tonga,2009,china,0.0010965085179594175,0.0020319069278234847,0.5396450511313347
Tonga,2009,us,0.0024704672513609716,0.004577948498150367,0.5396450511313347
Tonga,2010,aus,5.936946681941775e-05,0.00010581219816611965,0.5610833897072129
Tonga,2010,china,0.0010345890456380017,0.00184391315910791,0.5610833897072129
Tonga,2010,us,0.002902881204265804,0.005173707255494764,0.5610833897072129
Tonga,2011,aus,3.716680712040349e-05,7.12937716503703e-05,0.5213191315318839
Tonga,2011,china,0.0014168144600104071,0.002717748830446969,0.5213191315318839
Tonga,2011,us,0.002595812359240169,0.004979315360271617,0.5213191315318839
Tonga,2012,aus,4.155542611215238e-05,8.633810205671829e-05,0.4813103962472245
Tonga,2012,china,0.0018912941045401434,0.003929468632480323,0.4813103962472245
Tonga,2012,us,0.0027021445286531383,0.005614141206426767,0.4813103962472245
Tonga,2013,aus,2.806227745119531e-05,5.368302015252447e-05,0.5227402886697623
Tonga,2013,china,0.0017633178400365693,0.003373219700596932,0.5227402886697623
Tonga,2013,us,0.0023035246946507505,0.004406633168667026,0.5227402886697623
Tonga,2014,aus,5.248487510730033e-05,9.082709465915953e-05,0.5778548273976686
Tonga,2014,china,0.0017047012684404802,0.002950051098677311,0.5778548273976686
Tonga,2014,us,0.002553796024170504,0.004419442225085074,0.5778548273976686
Tonga,2015,aus,0.00014103318093917439,0.00036090229062846576,0.39077940096634717
Tonga,2015,china,0.004709811660618522,0.012052353959732176,0.39077940096634717
Tonga,2015,us,0.0013889392855997603,0.003554279683537802,0.39077940096634717
Tonga,2016,aus,0.000281975436482895,0.0006066608916264476,0.4647991000819644
Tonga,2016,china,0.00596013040804899,0.01282302484449294,0.4647991000819644
Tonga,2016,us,0.001501992789374324,0.003231488161464721,0.4647991000819644
Tonga,2017,aus,0.00038130259799590407,0.0007994240422323546,0.47697164189750185
Tonga,2017,china,0.0025197951424263216,0.0052829034707430455,0.47697164189750185
Tonga,2017,us,0.0013936018217818927,0.0029217708127003677,0.47697164189750185
Tonga,2018,aus,0.0003077460243937423,0.0006938917533222374,0.4435072515566094
Tonga,2018,china,0.002380201277113088,0.0053667696948789985,0.4435072515566094
Tonga,2018,us,0.0012934612967998933,0.00291643776344161,0.4435072515566094
Tonga,2019,aus,0.0002972476413312009,0.0004767125898178403,0.6235363774319116
Tonga,2019,china,0.002581153292433965,0.00413953922474366,0.6235363774319116
Tonga,2019,us,0.0022169307231138208,0.0035554152144970934,0.6235363774319116
Tonga,2020,aus,0.0003990293498005541,0.000759445174184736,0.5254221942076489
Tonga,2020,china,0.0026348041314766648,0.00501464186424409,0.5254221942076489
Tonga,2020,us,0.0012152620931889277,0.0023129249327230577,0.5254221942076489
Tonga,2021,aus,0.000439758552679092,0.0007558964818947656,0.5817708683823645
Tonga,2021,china,0.005520731729844371,0.009489529348891206,0.5817708683823645
Tonga,2021,us,0.002153663628913295,0.003701910401429409,0.5817708683823645
Tonga,2022,aus,0.00024259041110686773,0.0004449534707544197,0.5452039978372459
Tonga,2022,china,0.006097465345008628,0.011183823613173213,0.5452039978372459
Tonga,2022,us,0.00181457230956256,0.0033282446877879374,0.5452039978372459
Tonga,2023,aus,0.000530400556258366,0.0008904554242674752,0.5956508790933527
Tonga,2023,china,0.006903207209326317,0.011589351164618058,0.5956508790933527
Tonga,2023,us,0.0007611541869055366,0.0012778528725821718,0.5956508790933527
Tonga,2024,aus,0.0003754685640852709,0.0008078015080388207,0.46480299968346545
Tonga,2024,china,0.017651326619614115,0.03797593094630372,0.46480299968346545
Tonga,2024,us,0.0008797330821681174,0.0018927009566789,0.46480299968346545
Tuvalu,2002,aus,0.002091701245260963,7.543855265874816e-05,27.72721866394929
Tuvalu,2002,china,4.5991896272657057e-07,1.6587273620940335e-08,27.72721866394929
Tuvalu,2002,us,2.956539877432753e-07,1.0662951496382228e-08,27.72721866394929
Tuvalu,2003,aus,0.002189353151089897,0.002728793017928277,0.8023155793443331
Tuvalu,2003,china,1.988848665954713e-06,2.478885761610209e-06,0.8023155793443331
Tuvalu,2003,us,4.4637873860827944e-05,5.563630447922603e-05,0.8023155793443331
Tuvalu,2004,aus,0.002676066858897584,0.003932850355658139,0.6804395328816828
Tuvalu,2004,china,0.0012327283477969462,0.001811664796394623,0.6804395328816828
Tuvalu,2004,us,0.0004995111362028606,0.0007341006982463457,0.6804395328816828
Tuvalu,2005,aus,0.0015736025320653073,0.0014310894773855545,1.099583608804188
Tuvalu,2005,china,0.005422725556257503,0.004931617307532249,1.099583608804188
Tuvalu,2005,us,4.884940009240994e-06,4.4425362201910524e-06,1.099583608804188
Tuvalu,2006,aus,0.001599833350412042,0.0011133434733852125,1.436962975628372
Tuvalu,2006,china,0.011123753380670223,0.007741155178897979,1.436962975628372
Tuvalu,2006,us,2.3523463935753863e-05,1.6370264463819778e-05,1.436962975628372
Tuvalu,2007,aus,0.0015425862202642043,0.0012280585112486302,1.256117852801474
Tuvalu,2007,china,0.0068697786137702785,0.005469055788395062,1.256117852801474
Tuvalu,2007,us,4.989929457078043e-06,3.972501024445425e-06,1.256117852801474
Tuvalu,2008,aus,0.0009642812532880076,0.0002907919009141615,3.316052648841319
Tuvalu,2008,china,0.06732562573144643,0.02030294234169384,3.316052648841319
Tuvalu,2008,us,1.5432298758208843e-05,4.653815965075564e-06,3.316052648841319
Tuvalu,2009,aus,0.0012510434199142439,0.0003340669224905746,3.744888630659149
Tuvalu,2009,china,0.021062694133173836,0.005624384650783735,3.744888630659149
Tuvalu,2009,us,0.00018699716720886123,4.993397284980069e-05,3.744888630659149
Tuvalu,2010,aus,0.0003977128033381484,0.00018299811598981907,2.1733163819034877
Tuvalu,2010,china,0.014390320129075629,0.006621364587732938,2.1733163819034877
Tuvalu,2010,us,0.0006658438399398204,0.00030637225462619693,2.1733163819034877
Tuvalu,2011,aus,0.00020801167845346647,0.0001249495384453619,1.6647654808619088
Tuvalu,2011,china,0.04345148724530359,0.02610066567622918,1.6647654808619088
Tuvalu,2011,us,0.0007392387864432335,0.00044404980457698047,1.6647654808619088
Tuvalu,2012,aus,9.52852984164806e-05,2.0879404582422107e-05,4.563602282830379
Tuvalu,2012,china,0.5544230622276781,0.12148803245050113,4.563602282830379
Tuvalu,2012,us,0.00104301334669241,0.0002285504481002945,4.563602282830379
Tuvalu,2013,aus,6.287246387481286e-05,4.334288735564326e-05,1.4505831916300989
Tuvalu,2013,china,0.01523897473461521,0.010505412459309107,1.4505831916300989
Tuvalu,2013,us,0.0010414797943366632,0.0007179731575176298,1.4505831916300989
Tuvalu,2014,aus,4.8725717352501475e-05,2.3756894976275663e-05,2.0510137120680296
Tuvalu,2014,china,0.01138008076472564,0.005548515203855534,2.0510137120680296
Tuvalu,2014,us,0.001356009257988214,0.0006611410006717872,2.0510137120680296
Tuvalu,2015,aus,0.0001029008794585773,6.833838585284919e-05,1.5057551941620393
Tuvalu,2015,china,0.04908864899237297,0.03260068381812294,1.5057551941620393
Tuvalu,2015,us,0.0011080846737852451,0.0007358996190625131,1.5057551941620393
Tuvalu,2016,aus,0.00010577276678379651,0.00011156735259468339,0.9480619941575721
Tuvalu,2016,china,0.013770835797338489,0.014525248224484479,0.9480619941575721
Tuvalu,2016,us,0.0011419182383638293,0.0012044763374134766,0.9480619941575721
Tuvalu,2017,aus,0.00013510305521510234,9.521025594193844e-05,1.418996870436852
Tuvalu,2017,china,0.027576839084026437,0.019434037987368244,1.418996870436852
Tuvalu,2017,us,0.0012687313599412714,0.0008941044102166906,1.418996870436852
Tuvalu,2018,aus,0.0001959417313377885,0.00014768059667037782,1.3267940119115935
Tuvalu,2018,china,0.013165843837702184,0.009923050390266192,1.3267940119115935
Tuvalu,2018,us,0.0013989948089468765,0.00105441748785952,1.3267940119115935
Tuvalu,2019,aus,7.984569071705169e-05,6.343111994551805e-05,1.25877788041
Tuvalu,2019,china,0.021007827746158687,0.016689066493062437,1.25877788041
Tuvalu,2019,us,0.0011017842439053163,0.0008752809062282308,1.25877788041
Tuvalu,2020,aus,9.499783572025874e-05,6.815992539722693e-05,1.3937491152847374
Tuvalu,2020,china,0.02617148042244489,0.018777755720474958,1.3937491152847374
Tuvalu,2020,us,0.0011775763417923538,0.0008448983600264238,1.3937491152847374
Tuvalu,2021,aus,0.00016575773303476656,8.081109215306176e-05,2.051175508441465
Tuvalu,2021,china,0.03641581317973903,0.01775363104223523,2.051175508441465
Tuvalu,2021,us,0.00037497447187952805,0.0001828095501025376,2.051175508441465
Tuvalu,2022,aus,0.00030475917020824343,0.000167646686090537,1.8178657587282059
Tuvalu,2022,china,0.03726738115336763,0.020500623313043864,1.8178657587282059
Tuvalu,2022,us,0.00012821828263567358,7.053231627255919e-05,1.8178657587282059
Tuvalu,2023,aus,0.0018419221950108531,0.0008970479714390201,2.0533151555496985
Tuvalu,2023,china,0.061605681804442786,0.030003032723902614,2.0533151555496985
Tuvalu,2023,us,0.00012256311224719303,5.969035582089264e-05,2.0533151555496985
Tuvalu,2024,aus,0.000254966180667652,0.0001913829595472403,1.3322303159635118
Tuvalu,2024,china,0.027650332557489464,0.020754919195403426,1.3322303159635118
Tuvalu,2024,us,0.0004036271782460758,0.0003029710204081039,1.3322303159635118
Vanuatu,2002,aus,0.0007830727622816961,0.0030630084707819094,0.2556547818105763
Vanuatu,2002,china,9.412388781915156e-05,0.00036816791437482783,0.2556547818105763
Vanuatu,2002,us,1.5553699633054614e-05,6.0838680672825825e-05,0.2556547818105763
Vanuatu,2003,aus,0.0005826899255049589,0.002250336851339073,0.258934534693429
Vanuatu,2003,china,0.00014673399730182163,0.0005666837661324337,0.258934534693429
Vanuatu,2003,us,7.413578076193088e-05,0.0002863109042202714,0.258934534693429
Vanuatu,2004,aus,0.0005180476973109616,0.0011896745174453933,0.4354533023228685
Vanuatu,2004,china,0.0010356315038290748,0.0023782837294025203,0.4354533023228685
Vanuatu,2004,us,0.0015133563903634813,0.0034753586258059826,0.4354533023228685
Vanuatu,2005,aus,0.0004569492120441621,0.001023072401546219,0.44664406092232817
Vanuatu,2005,china,0.0003110775926821328,0.0006964776203219894,0.44664406092232817
Vanuatu,2005,us,0.0016313504034324302,0.003652461873250171,0.44664406092232817
Vanuatu,2006,aus,0.0004417530051497703,0.0012017549826709101,0.36758990935737224
Vanuatu,2006,china,0.0025913837762161665,0.007049659716575119,0.36758990935737224
Vanuatu,2006,us,0.001062431818722043,0.0028902638284587488,0.36758990935737224
Vanuatu,2007,aus,0.0008155749851182759,0.0015400686743571967,0.5295705306509696
Vanuatu,2007,china,0.0008276513087332225,0.001562872669134062,0.5295705306509696
Vanuatu,2007,us,0.0017653215210021937,0.003333496519967206,0.5295705306509696
Vanuatu,2008,aus,0.0005285643278082529,0.0009497235876035821,0.5565454356482483
Vanuatu,2008,china,0.0014654767494527564,0.002633166414788418,0.5565454356482483
Vanuatu,2008,us,0.03039806641583095,0.0546191999228673,0.5565454356482483
Vanuatu,2009,aus,0.0007682407090054203,0.0010258821278586547,0.7488586535852665
Vanuatu,2009,china,0.003350799413111236,0.004474541887269127,0.7488586535852665
Vanuatu,2009,us,0.00012359356639114795,0.00016504258286851106,0.7488586535852665
Vanuatu,2010,aus,0.0008129875173081995,0.0005676115174403063,1.4322956675975105
Vanuatu,2010,china,0.0013892022171773542,0.0009699130204782091,1.4322956675975105
Vanuatu,2010,us,0.00012062281470470043,8.421642083650892e-05,1.4322956675975105
Vanuatu,2011,aus,0.0008144630956477886,0.0013705391892830348,0.5942647258951097
Vanuatu,2011,china,0.007671150965069234,0.012908642614643806,0.5942647258951097
Vanuatu,2011,us,4.979335857050984e-05,8.37898606475569e-05,0.5942647258951097
Vanuatu,2012,aus,0.00038405969807040857,0.0005616703895288544,0.6837812803209532
Vanuatu,2012,china,0.011704460789459463,0.0171172582904955,0.6837812803209532
Vanuatu,2012,us,0.004863564214783791,0.00711274841057499,0.6837812803209532
Vanuatu,2013,aus,0.00021246140298557714,0.00020863156374687603,1.0183569502615994
Vanuatu,2013,china,0.02966595225001116,0.029131192400062136,1.0183569502615994
Vanuatu,2013,us,0.0006786428422980809,0.0006664095945176675,1.0183569502615994
Vanuatu,2014,aus,0.0002125679438828775,0.0002885650163615359,0.7366379561982539
Vanuatu,2014,china,0.00968548044872104,0.013148223448472907,0.7366379561982539
Vanuatu,2014,us,0.0002375792403592492,0.00032251832580740475,0.7366379561982539
Vanuatu,2015,aus,0.00018704106794500123,0.0004033937982122354,0.46366867506127185
Vanuatu,2015,china,0.008398922960402833,0.01811406163958122,0.46366867506127185
Vanuatu,2015,us,1.6012383130721527e-05,3.4534105907856634e-05,0.46366867506127185
Vanuatu,2016,aus,0.00023817912975467175,0.0006407028580917521,0.37174663222832577
Vanuatu,2016,china,0.007205881108926352,0.019383850408362328,0.37174663222832577
Vanuatu,2016,us,3.776297743343e-05,0.00010158256769421406,0.37174663222832577
Vanuatu,2017,aus,0.00022992695000152624,0.0007167621407491037,0.3207855673867269
Vanuatu,2017,china,0.006103233131635904,0.01902589689852872,0.3207855673867269
Vanuatu,2017,us,4.066697363114846e-05,0.00012677307761206695,0.3207855673867269
Vanuatu,2018,aus,0.00030535935455787,0.0011112939433209838,0.274778204626344
Vanuatu,2018,china,0.006002985345531839,0.021846657574952036,0.274778204626344
Vanuatu,2018,us,5.60853583108414e-05,0.00020411137916527566,0.274778204626344
Vanuatu,2019,aus,0.00033175600878428965,0.0010518295439696746,0.3154085285836528
Vanuatu,2019,china,0.008779693644942674,0.027835942434302686,0.3154085285836528
Vanuatu,2019,us,3.5234226502522625e-05,0.00011170980905539395,0.3154085285836528
Vanuatu,2020,aus,0.0002629190485090317,0.000950099097636952,0.2767280267531601
Vanuatu,2020,china,0.009022802269415497,0.03260530700587038,0.2767280267531601
Vanuatu,2020,us,4.786785225015156e-05,0.00017297796978420774,0.2767280267531601
Vanuatu,2021,aus,0.00040255313354535993,0.0011878701075440138,0.33888649187212944
Vanuatu,2021,china,0.009366814807679943,0.027639976901806647,0.33888649187212944
Vanuatu,2021,us,1.62213871005489e-05,4.7866726734772437e-05,0.33888649187212944
Vanuatu,2022,aus,0.00042511829441603354,0.0012309319965096508,0.3453629409435052
Vanuatu,2022,china,0.011236988095329994,0.032536751235182904,0.3453629409435052
Vanuatu,2022,us,9.144965840512904e-05,0.00026479291077176825,0.3453629409435052
Vanuatu,2023,aus,0.0005702328244897902,0.0014030527069114522,0.406422953094219
Vanuatu,2023,china,0.01176546398689502,0.028948817721344323,0.406422953094219
Vanuatu,2023,us,4.593028309661961e-05,0.0001130110461206452,0.406422953094219
Vanuatu,2024,aus,0.0005704912987934076,0.001401007996969676,0.40720060130089003
Vanuatu,2024,china,0.0210449952516315,0.05168213206070603,0.40720060130089003
Vanuatu,2024,us,2.1442993791936204e-05,5.2659533712455095e-05,0.40720060130089003
