country,partner,n_years,latest_year,mean_import_index,mean_export_index,mean_import_index_gdp,mean_export_index_gdp,mean_cwi,mean_cwe,mean_cwi_trade,mean_cwe_trade,mean_import_openness,mean_export_openness
Cook Islands,aus,23,2024,0.053961819550472225,0.02477092636522646,,,,,0.0003336519249576266,0.00013218582961769558,,
Cook Islands,china,23,2024,0.05313000684182084,0.05169370636297273,,,,,0.004186448782469646,0.0004938348162958563,,
Cook Islands,us,23,2024,0.025941760019976192,0.07253447625573066,,,,,0.0007417812981853656,0.00882768981907364,,
Fiji,aus,23,2024,0.1942402659224657,0.17439350452724195,0.10856899772363922,0.0461855157532896,0.0008791393213942613,0.0004245618369717587,0.0015552808086365681,0.0015943612887665,0.5735864953958447,0.258112124491463
Fiji,china,23,2024,0.10049222187348021,0.031487259992363,0.057646344219745065,0.00749620190881885,0.003209817092490343,0.0006775770572022759,0.00558595730796288,0.0027786754153582356,0.5735864953958447,0.258112124491463
Fiji,us,23,2024,0.04047509685003174,0.26498638304430644,0.023386159770357316,0.06761246937775378,0.0018658429810698184,0.008181376276370078,0.0033097129288837874,0.03215829899924162,0.5735864953958447,0.258112124491463
Kiribati,aus,23,2024,0.21262917402345619,0.0373577038695996,0.1365884348435736,0.005792931264012926,0.0020265572323490038,3.562620095769145e-05,0.0031366354316475593,0.0001810631052106506,0.6884174663735574,0.36319323678057025
Kiribati,china,23,2024,0.1079599400637206,0.007293879763358213,0.07532304076175782,0.004287785629502821,0.004136920036047791,4.649146290181892e-05,0.006072735517705535,0.0001045594695582283,0.6884174663735574,0.36319323678057025
Kiribati,us,23,2024,0.03463242585453474,0.03968584665430797,0.024241297545659134,0.009572702408705221,0.0009854658394100515,0.00017924052259688373,0.0015455779609609103,0.0012485955370508425,0.6884174663735574,0.36319323678057025
Marshall Islands,aus,23,2024,0.0006294512919697453,0.0005289710164737753,0.016837389814492253,0.0022221719364592042,4.6553638401216995e-05,1.0487507811689898e-05,2.451553986658383e-06,2.4581546336628987e-06,47.01709212334122,4.419488185653957
Marshall Islands,china,23,2024,0.18704069112525978,0.018499052055199538,9.365794081364868,0.0750575384869692,0.3787163487399927,0.0018030884558017928,0.0074956027937102135,0.00042608425340093817,47.01709212334122,4.419488185653957
Marshall Islands,us,23,2024,0.011230539529221942,0.019388829708151926,0.5000913597684147,0.0759192659608713,0.02123710012098928,0.0029882465948660067,0.0005736773282481476,0.0007594022615137787,47.01709212334122,4.419488185653957
Micronesia,aus,23,2024,0.039928368171175795,0.0008105244302499071,0.02163851023928787,0.00023271795608262254,0.00016829472379668024,5.550002786899456e-07,0.00027178273566735395,3.2318234294027937e-06,0.5255278536047707,0.28763183445562895
Micronesia,china,23,2024,0.0868879593376092,0.07740310305109516,0.03887395805082267,0.025489803384690365,0.0021786145912880647,0.0005062647426582065,0.005512759136036395,0.0012329408531971079,0.5255278536047707,0.28763183445562895
Micronesia,us,23,2024,0.3189862609262804,0.06808271164831375,0.17106341877056708,0.016913200637995583,0.010472990981715228,0.0029728056409021797,0.019821350009021722,0.009489159389438616,0.5255278536047707,0.28763183445562895
Nauru,aus,23,2024,0.41674411698844965,0.10690340394045834,0.30836163255059373,0.07799782252107507,0.003407143256505619,0.00016739029431284299,0.0049627277092084135,0.0002881640448018868,0.8400154426842741,0.8649883906796774
Nauru,china,23,2024,0.034077048434064505,0.002432809624869267,0.01780335024387597,0.002423438441158952,0.0014574605411766164,0.00012294479051082834,0.003036922033246858,0.00010448872416496804,0.8400154426842741,0.8649883906796774
Nauru,us,23,2024,0.05267856682672422,0.02522936407998486,0.05468054497325472,0.011536577373504891,0.00348403258319823,0.0009365655922355144,0.0034897751208918712,0.0020372402779111494,0.8400154426842741,0.8649883906796774
Niue,aus,23,2024,0.015934348130073498,0.006112050976163478,,,,,4.65473351427973e-05,2.3225668810774695e-05,,
Niue,china,23,2024,0.0,0.0,,,,,0.0,0.0,,
Niue,us,23,2024,0.027353921303702712,0.12900365699105637,,,,,0.0012451816843831742,0.017595490637881506,,
Palau,aus,23,2024,0.014280001570376658,0.006240511374379654,0.006559162794276187,0.0004624444408625118,1.0778105215123216e-05,2.7826322286134364e-06,2.6849860916022523e-05,2.8133811004864485e-05,0.536373410107885,0.10027813727123794
Palau,china,23,2024,0.0957668447557068,0.002101707688557998,0.05113634627536472,0.00011134791681860032,0.004762506720043444,3.6562247227923294e-06,0.009542406739146924,3.91250219731452e-05,0.536373410107885,0.10027813727123794
Palau,us,23,2024,0.2790548518249755,0.07568774724420989,0.14264748223173623,0.008189438687109364,0.00811190612190689,0.0017186058403846458,0.018227438976880464,0.013908651418972085,0.536373410107885,0.10027813727123794
Papua New Guinea,aus,23,2024,0.37551844944519136,0.3590698653879825,0.10702450051064936,0.19438203957486977,0.0009349155126686505,0.002323343126501357,0.003176448573433261,0.0042871886399300585,0.27024090728584527,0.5309430492432862
Papua New Guinea,china,23,2024,0.12878357747819047,0.1421958239077857,0.0298898440570748,0.07344406760442589,0.0022066230549360063,0.005023568704646828,0.010149435660256351,0.010145188280548468,0.27024090728584527,0.5309430492432862
Papua New Guinea,us,23,2024,0.034533439597543764,0.01530776222472309,0.011089746427919546,0.008820904040745519,0.00026864263075484184,0.000339997595126245,0.0008373822214413005,0.0005980318829810604,0.27024090728584527,0.5309430492432862
Samoa,aus,23,2024,0.09975450034191485,0.32312775674823113,0.05094451009087452,0.037993063182118744,0.0003011815774601926,0.0002882209968109343,0.0005984145325494373,0.0023465955930841616,0.5163850472920941,0.09958260730694309
Samoa,china,23,2024,0.10903263417532956,0.015473767809780081,0.05823296022848172,0.0014214516601256232,0.0038915402957688324,3.284140880008225e-05,0.007252119265571672,0.0003657638653061562,0.5163850472920941,0.09958260730694309
Samoa,us,23,2024,0.08204184345816952,0.10955476533136993,0.04289701426036189,0.009086318384958866,0.002087704706523687,0.0008002400467951109,0.003988100055646751,0.009670255850419867,0.5163850472920941,0.09958260730694309
Solomon Islands,aus,23,2024,0.2104952220189717,0.04183023258618377,0.06705330005069944,0.021358792373294834,0.0008898004244706477,0.00020378967265195154,0.002562957743422361,0.0003673538681402347,0.3213131705781424,0.4583464258116027
Solomon Islands,china,23,2024,0.14911207294492596,0.5523278227520316,0.05051999435638548,0.2622372423822096,0.004852316770829718,0.029105798438190916,0.014314919052605105,0.05927251684279369,0.3213131705781424,0.4583464258116027
Solomon Islands,us,23,2024,0.018646083928459865,0.006603238165276384,0.005861172015827889,0.0029110490168377523,0.0002782130867301252,0.00014731502220633762,0.0009043316616717284,0.00037399750847503404,0.3213131705781424,0.4583464258116027
Tonga,aus,23,2024,0.0799269957970576,0.11798733377270229,0.03716202732876289,0.00728806836099,0.00020712666000121063,7.290871240869839e-05,0.0004410770255608587,0.0010007603992846562,0.47739948817626354,0.06170038163865807
Tonga,china,23,2024,0.0974751088573719,0.003238339098154036,0.04769025277712581,0.00018985965377231305,0.00303921888025406,5.3972159990420635e-06,0.006211912446142942,8.205444632982012e-05,0.47739948817626354,0.06170038163865807
Tonga,us,23,2024,0.09159117573356829,0.19789705651880563,0.04391261166583912,0.013118179598791154,0.00190330766421083,0.001304199245882158,0.004227166424181408,0.01743770562170345,0.47739948817626354,0.06170038163865807
Tuvalu,aus,23,2024,0.04553243750579337,0.05521870911488066,0.06899677382425777,0.0077494182798061055,0.0007818714448165978,8.746135830011897e-05,0.000583549365158751,0.0005959900227762371,2.916242710749973,1.445530687902333
Tuvalu,china,23,2024,0.23894244641305792,0.00475436403762139,0.5113035077371736,0.0015239806752102075,0.04633236366118368,2.086149187232954e-05,0.018135189340118478,0.00010454495344517824,2.916242710749973,1.445530687902333
Tuvalu,us,23,2024,0.008465037400344893,0.009463774497397983,0.012271191921057694,0.002105070104154498,0.0006022752261114903,0.00020531833139223295,0.0004109690341349669,0.0007602284282275856,2.916242710749973,1.445530687902333
Vanuatu,aus,23,2024,0.15187624955995196,0.012790534509928711,0.0685845855376881,0.0044257151939321,0.0004719569301267535,1.7586208192142922e-05,0.00110162971651648,5.449124300322108e-05,0.5037207135267265,0.48426495791611834
Vanuatu,china,23,2024,0.17759091023382484,0.02334888259696154,0.0903583434183812,0.006329373895733435,0.007342039369651103,0.00024126809406810153,0.01620106423359949,0.0010297841922138975,0.5037207135267265,0.48426495791611834
Vanuatu,us,23,2024,0.030218050682213615,0.01745612525057808,0.016300971812062696,0.005221018657195687,0.0018670733113263745,0.0001559202843690306,0.003390551072915382,0.0005625278867846631,0.5037207135267265,0.48426495791611834
