country_comtrade,year,flow,partner,comtrade_value_musd,imf_value_musd,country,abs_diff_musd,symmetric_pct_diff,log_ratio,within_tolerance
Fiji,2008,export,aus,113.820061,113.8200607,"Fiji, Republic of",-2.9999999640040187e-07,-2.635739202386851e-07,-2.6357391859396286e-09,True
Fiji,2008,export,china,2.44468,2.444679976,"Fiji, Republic of",-2.3999999765322855e-08,-9.817235745835727e-07,-9.817235739234371e-09,True
Fiji,2008,export,us,112.487937,112.4879379,"Fiji, Republic of",9.000000034120603e-07,8.000857903649475e-07,8.00085794413572e-09,True
Fiji,2008,export,world,921.91105,1058.136353,"Fiji, Republic of",136.22530300000005,13.759802193988186,0.13781573833766672,False
Fiji,2008,import,aus,445.433871,445.4338684,"Fiji, Republic of",-2.6000000161729986e-06,-5.837005654563494e-07,-5.837005673630158e-09,True
Fiji,2008,import,china,96.271524,96.27153015,"Fiji, Republic of",6.150000004367939e-06,6.3881816267200205e-06,6.388181623921085e-08,True
Fiji,2008,import,us,152.639893,152.6398926,"Fiji, Republic of",-4.0000000467443897e-07,-2.6205469444252583e-07,-2.6205468940307304e-09,True
Fiji,2008,import,world,2263.879601,2391.020508,"Fiji, Republic of",127.14090699999997,5.462669617944318,0.054640286447245966,False
Fiji,2009,export,aus,99.993047,99.99304199,"Fiji, Republic of",-5.010000009519899e-06,-5.010348504560652e-06,-5.010348506147595e-08,True
Fiji,2009,export,china,7.214885,7.214881897,"Fiji, Republic of",-3.103000000059808e-06,-4.300831776714193e-05,-4.300831776313394e-07,True
Fiji,2009,export,us,69.986593,69.98659515,"Fiji, Republic of",2.1500000002561137e-06,3.072016903626002e-06,3.07201690474627e-08,True
Fiji,2009,export,world,628.674987,799.8208008,"Fiji, Republic of",171.14581380000004,23.961682668113223,0.24077329425003838,False
Fiji,2009,import,aus,317.811764,317.8117371,"Fiji, Republic of",-2.689999996619008e-05,-8.464130076889027e-06,-8.464130077539671e-08,True
Fiji,2009,import,china,79.486322,79.48632813,"Fiji, Republic of",6.130000002713132e-06,7.712018385175462e-06,7.712018392943976e-08,True
Fiji,2009,import,us,63.446039,63.44604111,"Fiji, Republic of",2.1100000040519262e-06,3.3256606751545297e-06,3.3256606692845275e-08,True
Fiji,2009,import,world,1437.019306,1488.980225,"Fiji, Republic of",51.9609190000001,3.551669673866404,0.0355204309478333,True
Fiji,2010,export,aus,177.141904,177.1419067,"Fiji, Republic of",2.6999999818144715e-06,1.5242017276938313e-06,1.5242017309816426e-08,True
Fiji,2010,export,china,6.949957,6.94995594,"Fiji, Republic of",-1.0600000006633081e-06,-1.525189409802603e-05,-1.5251894100596935e-07,True
Fiji,2010,export,us,96.148971,96.14897156,"Fiji, Republic of",5.600000037020436e-07,5.824295322632635e-07,5.824295251336211e-09,True
Fiji,2010,export,world,841.361402,944.0369873,"Fiji, Republic of",102.67558529999997,11.501700227281589,0.11514405027968753,False
Fiji,2010,import,aus,367.391118,367.3911438,"Fiji, Republic of",2.5800000003073364e-05,7.022488523299669e-06,7.022488521694543e-08,True
Fiji,2010,import,china,110.033096,110.0330887,"Fiji, Republic of",-7.30000000714881e-06,-6.634367762680451e-06,-6.634367764296815e-08,True
Fiji,2010,import,us,65.16796,65.16796112,"Fiji, Republic of",1.1200000074040872e-06,1.71863596432929e-06,1.7186359743100725e-08,True
Fiji,2010,import,world,1808.458759,1852.245117,"Fiji, Republic of",43.78635799999984,2.3922370933671138,0.023923511889147812,True
Fiji,2011,export,aus,194.501193,194.5012054,"Fiji, Republic of",1.2400000002799061e-05,6.375282031062696e-06,6.375282032239024e-08,True
Fiji,2011,export,china,7.120049,7.120049,"Fiji, Republic of",0.0,0.0,0.0,True
Fiji,2011,export,us,104.038756,104.0387497,"Fiji, Republic of",-6.3000000096735675e-06,-6.055435918918329e-06,-6.055435913964576e-08,True
Fiji,2011,export,world,1069.470693,1121.844238,"Fiji, Republic of",52.37354499999992,4.780102052797989,0.0478101255111129,True
Fiji,2011,import,aus,427.56533,427.5653381,"Fiji, Republic of",8.100000002286833e-06,1.8944473176910101e-06,1.8944473143954678e-08,True
Fiji,2011,import,china,181.052501,181.0524902,"Fiji, Republic of",-1.0800000012523014e-05,-5.965120766069692e-06,-5.965120764284212e-08,True
Fiji,2011,import,us,110.613089,110.6130905,"Fiji, Republic of",1.499999996212864e-06,1.356078199789066e-06,1.3560781960887549e-08,True
Fiji,2011,import,world,2181.871999,2204.963135,"Fiji, Republic of",23.091136000000006,1.0527469255013953,0.01052756648448417,True
Fiji,2012,export,aus,181.094729,181.0947418,"Fiji, Republic of",1.28000000074735e-05,7.068123752576796e-06,7.068123747408487e-08,True
Fiji,2012,export,china,16.21418,16.21417809,"Fiji, Republic of",-1.909999998161993e-06,-1.1779813167605199e-05,-1.1779813163734183e-07,True
Fiji,2012,export,us,150.438465,150.4384613,"Fiji, Republic of",-3.7000000077114237e-06,-2.459477403742291e-06,-2.4594774075597016e-08,True
Fiji,2012,export,world,1220.602428,1315.519775,"Fiji, Republic of",94.91734700000006,7.485234496012972,0.07488732338040845,False
Fiji,2012,import,aus,412.432952,412.4329529,"Fiji, Republic of",8.999999749903509e-07,2.1821728104993247e-07,2.182172884452261e-09,True
Fiji,2012,import,china,198.644508,198.644516,"Fiji, Republic of",8.000000008223651e-06,4.027294752660295e-06,4.02729474985947e-08,True
Fiji,2012,import,us,68.325512,68.32551575,"Fiji, Republic of",3.74999999053216e-06,5.488432911595369e-06,5.4884329129684496e-08,True
Fiji,2012,import,world,2252.597635,2217.199463,"Fiji, Republic of",-35.39817200000016,-1.5838827232600328,-0.015839158366895065,True
Fiji,2013,export,aus,150.495858,150.4958496,"Fiji, Republic of",-8.39999998447638e-06,-5.581549107418918e-06,-5.581549112125546e-08,True
Fiji,2013,export,china,28.859296,28.85929489,"Fiji, Republic of",-1.1099999994712562e-06,-3.846247742210798e-06,-3.846247738775231e-08,True
Fiji,2013,export,us,147.434911,147.434906,"Fiji, Republic of",-4.9999999873762135e-06,-3.3913270868114748e-06,-3.391327087816472e-08,True
Fiji,2013,export,world,1107.989819,1191.905884,"Fiji, Republic of",83.91606500000012,7.297380041237472,0.07300620949538296,False
Fiji,2013,import,aus,383.628285,383.6282959,"Fiji, Republic of",1.0900000006586197e-05,2.8412920209300473e-06,2.8412920279249447e-08,True
Fiji,2013,import,china,281.699026,281.6990356,"Fiji, Republic of",9.599999998499698e-06,3.407892448630923e-06,3.4078924434592984e-08,True
Fiji,2013,import,us,128.172201,128.1721954,"Fiji, Republic of",-5.600000008598727e-06,-4.369122233403911e-06,-4.369122237302396e-08,True
Fiji,2013,import,world,2825.730403,2910.786865,"Fiji, Republic of",85.05646200000001,2.965439064376927,0.02965656406076484,True
Fiji,2014,export,aus,158.640856,158.6408539,"Fiji, Republic of",-2.1000000174353772e-06,-1.3237447680783424e-06,-1.3237447670140884e-08,True
Fiji,2014,export,china,80.484802,80.48480225,"Fiji, Republic of",2.499999993688107e-07,3.1061764801327163e-07,3.1061764223569737e-09,True
Fiji,2014,export,us,170.792334,170.7923431,"Fiji, Republic of",9.099999999762076e-06,5.32810785133551e-06,5.3281078573036534e-08,True
Fiji,2014,export,world,1373.264423,1487.785522,"Fiji, Republic of",114.52109899999982,8.005529522484434,0.0800980915738847,False
Fiji,2014,import,aus,454.915652,454.9156494,"Fiji, Republic of",-2.6000000161729986e-06,-5.715345278124102e-07,-5.715345324465255e-09,True
Fiji,2014,import,china,443.419914,443.4198914,"Fiji, Republic of",-2.260000002252127e-05,-5.096749127612235e-06,-5.096749130505771e-08,True
Fiji,2014,import,us,119.337209,119.3372116,"Fiji, Republic of",2.600000001962144e-06,2.178700168561041e-06,2.1787001742963424e-08,True
Fiji,2014,import,world,3250.463588,3342.900391,"Fiji, Republic of",92.43680300000005,2.8039344800139405,0.02804118207257042,True
Fiji,2015,export,aus,141.14528568,141.1452789,"Fiji, Republic of",-6.7800000067563815e-06,-4.803561193654389e-06,-4.803561197604897e-08,True
Fiji,2015,export,china,51.16504868,51.16504669,"Fiji, Republic of",-1.990000001228509e-06,-3.889373881717138e-06,-3.889373876438931e-08,True
Fiji,2015,export,us,162.47756875,162.4775696,"Fiji, Republic of",8.500000205913238e-07,5.231491490839655e-07,5.23149144856996e-09,True
Fiji,2015,export,world,981.2405706339999,1188.985596,"Fiji, Republic of",207.74502536600005,19.14501157160137,0.1920381227300906,False
Fiji,2015,import,aus,365.303779831,365.303772,"Fiji, Republic of",-7.83100000489867e-06,-2.1436953355527572e-06,-2.1436953331299415e-08,True
Fiji,2015,import,china,331.72212391299996,331.7221069,"Fiji, Republic of",-1.7012999933285755e-05,-5.128690293210517e-06,-5.128690292966219e-08,True
Fiji,2015,import,us,66.051700457,66.05169678,"Fiji, Republic of",-3.676999995150254e-06,-5.566851530023161e-06,-5.566851534817076e-08,True
Fiji,2015,import,world,2267.694584051,2325.340088,"Fiji, Republic of",57.6455039489997,2.5101270974407144,0.02510258907009247,True
Fiji,2016,export,aus,138.31895530199998,138.3189545,"Fiji, Republic of",-8.019999881980766e-07,-5.798192943057571e-07,-5.798192942597281e-09,True
Fiji,2016,export,china,47.098941811,47.09894562,"Fiji, Republic of",3.8089999989665557e-06,8.087230197718925e-06,8.087230202679928e-08,True
Fiji,2016,export,us,168.96916231400002,168.969162,"Fiji, Republic of",-3.140000046641944e-07,-1.8583272868006352e-07,-1.858327271570275e-09,True
Fiji,2016,export,world,922.037487006,1127.473633,"Fiji, Republic of",205.43614599400007,20.047331677165882,0.20114880464955504,False
Fiji,2016,import,aus,400.91560788199996,400.9156189,"Fiji, Republic of",1.1018000066087552e-05,2.7482092734916898e-06,2.7482092668072657e-08,True
Fiji,2016,import,china,350.906220879,350.9062195,"Fiji, Republic of",-1.3789999684377108e-06,-3.929824805308407e-07,-3.929824806631226e-09,True
Fiji,2016,import,us,63.728410141000005,63.72841263,"Fiji, Republic of",2.4889999963306764e-06,3.905636343693628e-06,3.9056363380109e-08,True
Fiji,2016,import,world,2301.660539769,2353.871582,"Fiji, Republic of",52.21104223100019,2.2429677581587018,0.022430617998912262,True
Fiji,2017,export,aus,148.94824652,151.0973206,"Fiji, Republic of",2.1490740799999912,1.4324984705676336,0.014325229676647044,True
Fiji,2017,export,china,49.679683585,49.67968369,"Fiji, Republic of",1.0499999802959792e-07,2.1135399894201453e-07,2.113540007440372e-09,True
Fiji,2017,export,us,184.090408749,184.0903931,"Fiji, Republic of",-1.5649000005169e-05,-8.500714826291807e-06,-8.500714826986438e-08,True
Fiji,2017,export,world,1036.1491941210002,1268.732422,"Fiji, Republic of",232.58322787899988,20.181793828563375,0.20250716589251896,False
Fiji,2017,import,aus,399.35598849,399.357605,"Fiji, Republic of",0.0016165099999625454,0.00040477838693070504,4.047783869246315e-06,True
Fiji,2017,import,china,381.34609472000005,381.3460693,"Fiji, Republic of",-2.5420000042686297e-05,-6.665861075247578e-06,-6.665861074352638e-08,True
Fiji,2017,import,us,68.83177061800001,68.83176422,"Fiji, Republic of",-6.3980000106766965e-06,-9.295126727939608e-06,-9.295126722883803e-08,True
Fiji,2017,import,world,2406.0053929439996,2474.544678,"Fiji, Republic of",68.53928505600061,2.8086705006488617,0.02808855160519375,True
Fiji,2018,export,aus,134.692231712,134.6040039,"Fiji, Republic of",-0.0882278119999853,-0.0655247272948169,-0.0006552472963923086,True
Fiji,2018,export,china,56.604440727,56.49173737,"Fiji, Republic of",-0.11270335699999379,-0.1993053326759295,-0.001993053986503799,True
Fiji,2018,export,us,187.371704998,181.5538788,"Fiji, Republic of",-5.817826198000006,-3.1539293849490653,-0.031541908655399166,True
Fiji,2018,export,world,1006.818442034,1005.330444,"Fiji, Republic of",-1.4879980339999292,-0.1479013848654921,-0.0014790141182647253,True
Fiji,2018,import,aus,429.540229883,429.1875305,"Fiji, Republic of",-0.35269938300001513,-0.08214463285610055,-0.0008214463747518735,True
Fiji,2018,import,china,445.532602784,445.0492554,"Fiji, Republic of",-0.4833473840000124,-0.10854642491496828,-0.0010854643557271987,True
Fiji,2018,import,us,62.201003285000006,61.95057297,"Fiji, Republic of",-0.2504303150000027,-0.403426718458465,-0.004034272656177678,True
Fiji,2018,import,world,2729.102104724,2725.554932,"Fiji, Republic of",-3.54717272400012,-0.13006033927040475,-0.001300603576042447,True
Fiji,2019,export,aus,131.980251206,132.0941772,"Fiji, Republic of",0.11392599399999881,0.08628324574073779,0.0008628325109374268,True
Fiji,2019,export,china,33.412567748,37.21763992,"Fiji, Republic of",3.8050721720000027,10.774631132010514,0.10785073119636483,False
Fiji,2019,export,us,209.88602147500004,225.7260437,"Fiji, Republic of",15.840022224999956,7.272536043571928,0.07275743945894354,False
Fiji,2019,export,world,965.15013764,1026.415283,"Fiji, Republic of",61.26514536000002,6.152461247324946,0.06154403081321135,False
Fiji,2019,import,aus,395.171966695,395.2435913,"Fiji, Republic of",0.07162460500001089,0.018123278135287912,0.00018123278184901522,True
Fiji,2019,import,china,348.381663257,348.5834045,"Fiji, Republic of",0.2017412429999581,0.05789134989195645,0.0005789135150877312,True
Fiji,2019,import,us,79.059268657,79.05792236,"Fiji, Republic of",-0.0013462969999977759,-0.0017029103430670335,-1.7029103431052178e-05,True
Fiji,2019,import,world,2781.213915378,2779.025391,"Fiji, Republic of",-2.1885243779997836,-0.07872051030211547,-0.0007872051436732336,True
Fiji,2020,export,aus,123.64493513500001,124.1385574,"Fiji, Republic of",0.49362226499998485,0.3984303069989697,0.0039843083407939146,True
Fiji,2020,export,china,40.815443768,41.08379745,"Fiji, Republic of",0.2683536819999972,0.6553264181915713,0.006553287634709116,True
Fiji,2020,export,us,168.609309231,167.6707001,"Fiji, Republic of",-0.9386091309999927,-0.5582307035540259,-0.005582321531999609,True
Fiji,2020,export,world,826.234806791,828.4110107,"Fiji, Republic of",2.176203909000037,0.2630416595498238,0.0026304181121742636,True
Fiji,2020,import,aus,308.859539167,309.2279968,"Fiji, Republic of",0.3684576330000482,0.11922506491692798,0.001192250790397596,True
Fiji,2020,import,china,282.02460885299996,282.5244751,"Fiji, Republic of",0.4998662470000568,0.1770851326159168,0.0017708517889293385,True
Fiji,2020,import,us,70.529473347,70.04774475,"Fiji, Republic of",-0.48172859700000004,-0.6853579883300882,-0.006853606710433197,True
Fiji,2020,import,world,1730.5459059070001,1731.714966,"Fiji, Republic of",1.169060092999871,0.06753160066508547,0.0006753160323158219,True
Fiji,2021,export,aus,134.577460721,141.1670074,"Fiji, Republic of",6.589546678999994,4.779458840210294,0.04780368970937945,True
Fiji,2021,export,china,46.199419334,47.05342484,"Fiji, Republic of",0.854005506,1.8315913333571159,0.018316425400052103,True
Fiji,2021,export,us,167.226091916,213.3233643,"Fiji, Republic of",46.09727238400001,24.226692027033238,0.2434624161450638,False
Fiji,2021,export,world,815.335653153,892.3538818,"Fiji, Republic of",77.018228647,9.020167550434715,0.09026290956365056,False
Fiji,2021,import,aus,357.574072956,361.4993896,"Fiji, Republic of",3.925316643999963,1.0917706878090407,0.010917815325906115,True
Fiji,2021,import,china,318.191220597,323.6964722,"Fiji, Republic of",5.505251603000033,1.7153317207286276,0.01715373781988686,True
Fiji,2021,import,us,223.439853431,231.2473907,"Fiji, Republic of",7.807537269000022,3.434245129934013,0.03434582719851771,True
Fiji,2021,import,world,2115.649940488,2164.900391,"Fiji, Republic of",49.25045051200004,2.301127037320907,0.023012285861772296,True
Fiji,2022,export,aus,110.81753040100001,110.831192,"Fiji, Republic of",0.0136615989999882,0.012327252647341733,0.00012327252662960514,True
Fiji,2022,export,china,30.505831187,30.06604385,"Fiji, Republic of",-0.4397873369999985,-1.4521172961258235,-0.014521428135942314,True
Fiji,2022,export,us,221.155734624,219.1320953,"Fiji, Republic of",-2.023639323999987,-0.919234730766597,-0.009192412037356794,True
Fiji,2022,export,world,1055.229207461,1049.353882,"Fiji, Republic of",-5.875325460999875,-0.5583362795625799,-0.005583377300311771,True
Fiji,2022,import,aus,466.69705866400005,465.8746033,"Fiji, Republic of",-0.8224553640000636,-0.17638437828315928,-0.0017638442401296242,True
Fiji,2022,import,china,469.209866627,467.1958618,"Fiji, Republic of",-2.014004827000008,-0.4301564516020611,-0.0043015711488570045,True
Fiji,2022,import,us,86.43209724699999,86.54345703,"Fiji, Republic of",0.1113597830000117,0.12875782761959775,0.00128757845408108,True
Fiji,2022,import,world,2997.429398107,2987.939941,"Fiji, Republic of",-9.489457106999907,-0.3170884391376826,-0.0031708870481876794,True
Fiji,2023,export,aus,103.851708528,103.5001678,"Fiji, Republic of",-0.35154072800000336,-0.339076486044349,-0.003390768109165322,True
Fiji,2023,export,china,32.575423264,32.38042831,"Fiji, Republic of",-0.194994954000002,-0.6003922642068877,-0.006003940677493244,True
Fiji,2023,export,us,212.43072283499998,211.4658356,"Fiji, Republic of",-0.964887234999992,-0.45524655286766014,-0.0045524733911665415,True
Fiji,2023,export,world,1067.6896976360001,1064.202148,"Fiji, Republic of",-3.4875496360000398,-0.3271788522611109,-0.0032717914412148234,True
Fiji,2023,import,aus,478.699287464,478.9042358,"Fiji, Republic of",0.20494833599997264,0.04280442396481677,0.000428044246183823,True
Fiji,2023,import,china,466.073450801,465.7573547,"Fiji, Republic of",-0.316096100999971,-0.06784409769110854,-0.0006784410029339942,True
Fiji,2023,import,us,159.151365992,158.9082336,"Fiji, Republic of",-0.2431323920000068,-0.15288480040337837,-0.001528848301824991,True
Fiji,2023,import,world,3100.455051615,3095.297607,"Fiji, Republic of",-5.157444614999804,-0.16648323130938866,-0.0016648326976240707,True
Fiji,2024,export,aus,134.98465016400002,141.8895416,"Fiji, Republic of",6.904891435999986,4.987746522713484,0.049887809357433754,True
Fiji,2024,export,china,33.088357582,33.09492493,"Fiji, Republic of",0.006567347999997253,0.019845942209972725,0.00019845942275116508,True
Fiji,2024,export,us,215.766305939,215.8370972,"Fiji, Republic of",0.07079126099998234,0.032803847460481525,0.0003280384775465644,True
Fiji,2024,export,world,1123.983567017,1514.990234,"Fiji, Republic of",391.00666698300006,29.633235982283338,0.29852986146294735,False
Fiji,2024,import,aus,457.923678574,451.1523438,"Fiji, Republic of",-6.7713347740000245,-1.4897180449918965,-0.014897455965044857,True
Fiji,2024,import,china,507.305138807,496.1891174,"Fiji, Republic of",-11.116021407000005,-2.2154628864576185,-0.022155535106537894,True
Fiji,2024,import,us,189.511073108,187.4698944,"Fiji, Republic of",-2.041178708000018,-1.0829080955959411,-0.010829186784107074,True
Fiji,2024,import,world,3139.2215212690003,3282.984131,"Fiji, Republic of",143.76260973099988,4.477047840416253,0.04477795879967853,True
Kiribati,2014,export,aus,0.37127013300000006,0.371270001,Kiribati,-1.3200000004154333e-07,-3.555363380305672e-05,-3.555363380683232e-07,True
Kiribati,2014,export,us,0.260578192,0.260578007,Kiribati,-1.849999999858909e-07,-7.09959894330609e-05,-7.099598943191634e-07,True
Kiribati,2014,export,world,10.158527911,10.41909885,Kiribati,0.26057093899999906,2.532565509389541,0.02532700885678102,True
Kiribati,2014,import,aus,27.449572349,27.44957161,Kiribati,-7.390000007490016e-07,-2.692209559044872e-06,-2.6922095582216423e-08,True
Kiribati,2014,import,china,8.157118173,8.157117844,Kiribati,-3.2900000057622947e-07,-4.033287249656068e-06,-4.0332872522495874e-08,True
Kiribati,2014,import,us,4.420392594000001,4.420392036,Kiribati,-5.580000008720276e-07,-1.2623313975515938e-05,-1.2623313980375323e-07,True
Kiribati,2014,import,world,116.47516233900001,122.0607605,Kiribati,5.585598160999993,4.683234369499974,0.04684090617050328,True
Kiribati,2015,export,aus,0.39198122,0.391981006,Kiribati,-2.1399999999838215e-07,-5.4594467156988284e-05,-5.459446716174793e-07,True
Kiribati,2015,export,china,0.817283631,0.817282975,Kiribati,-6.559999999877775e-07,-8.0265924628559e-05,-8.026592462347627e-07,True
Kiribati,2015,export,us,1.7126866980000002,1.712685943,Kiribati,-7.550000000744461e-07,-4.40827950242536e-05,-4.408279502744641e-07,True
Kiribati,2015,export,world,10.008709439999999,11.68590832,Kiribati,1.6771988800000006,15.46188919808837,0.15492804087412193,False
Kiribati,2015,import,aus,22.179841335000003,22.179842,Kiribati,6.649999981789279e-07,2.998217968135222e-06,2.998217962253127e-08,True
Kiribati,2015,import,china,12.821334307,12.82133293,Kiribati,-1.3770000002466531e-06,-1.0739912408641868e-05,-1.073991240326912e-07,True
Kiribati,2015,import,us,2.291220666,2.29121995,Kiribati,-7.160000001782407e-07,-3.124972302655764e-05,-3.124972302922312e-07,True
Kiribati,2015,import,world,110.72903584900001,113.1618195,Kiribati,2.43278365099998,2.1731871515768417,0.021732726859953956,True
Kiribati,2016,export,aus,0.41129059999999995,0.411291003,Kiribati,4.030000000376788e-07,9.798419963877524e-05,9.798419964441972e-07,True
Kiribati,2016,export,us,0.2886668,0.288666993,Kiribati,1.9299999998168005e-07,6.685906916302058e-05,6.685906915692887e-07,True
Kiribati,2016,export,world,11.2535501,11.54221916,Kiribati,0.28866906000000014,2.532654693136687,0.02532790083728406,True
Kiribati,2016,import,aus,27.56883794,27.56883812,Kiribati,1.7999999712969839e-07,6.529110763893098e-07,6.529110786248044e-09,True
Kiribati,2016,import,china,8.17111766,8.171116829,Kiribati,-8.309999994793316e-07,-1.0169967883384366e-05,-1.0169967885386598e-07,True
Kiribati,2016,import,us,4.3112429400000005,4.311243057,Kiribati,1.1699999991066079e-07,2.7138345008937857e-06,2.713834498048683e-08,True
Kiribati,2016,import,world,118.99019240000001,123.8485107,Kiribati,4.858318299999993,4.001271821979182,0.04001805792443365,True
Kiribati,2017,export,aus,1.074108359,1.074108005,Kiribati,-3.539999999802035e-07,-3.2957574098453655e-05,-3.295757409406906e-07,True
Kiribati,2017,export,china,0.029584332999999997,0.029584,Kiribati,-3.3299999999819585e-07,-0.001125602102050757,-1.1256021020585451e-05,True
Kiribati,2017,export,us,1.927911659,1.927914023,Kiribati,2.36399999997694e-06,0.00012261965114308506,1.2261965115028531e-06,True
Kiribati,2017,export,world,15.246555495,17.17446709,Kiribati,1.9279115949999994,11.892972159934105,0.11907020102750045,False
Kiribati,2017,import,aus,20.713508079,20.71350861,Kiribati,5.310000013025729e-07,2.563544487351742e-06,2.563544477144822e-08,True
Kiribati,2017,import,china,10.0643707,10.06437016,Kiribati,-5.400000002708794e-07,-5.3654622912252975e-06,-5.365462296292267e-08,True
Kiribati,2017,import,us,2.544251627,2.544250965,Kiribati,-6.620000001511528e-07,-2.6019442387311763e-05,-2.601944238843406e-07,True
Kiribati,2017,import,world,107.88547048100001,115.5427628,Kiribati,7.657292318999993,6.854364111960381,0.06857049620131794,False
Kiribati,2018,export,aus,0.322924143,0.040725999,Kiribati,-0.282198144,-155.20309847699713,-2.0705507596735764,False
Kiribati,2018,export,us,0.291060864,2.366931915,Kiribati,2.075871051,156.1983965796169,2.095817444900844,False
Kiribati,2018,export,world,8.18625309,14.233922,Kiribati,6.0476689100000005,53.94845388783269,0.5531716940127921,False
Kiribati,2018,import,aus,17.166134295000003,15.775383,Kiribati,-1.390751295000003,-8.443759785230638,-0.08448781952405915,False
Kiribati,2018,import,china,10.413447899,5.750847816,Kiribati,-4.662600082999999,-57.690111158672266,-0.5937507478664427,False
Kiribati,2018,import,us,2.266947425,3.168998957,Kiribati,0.9020515319999998,33.18838960542197,0.33498157176879084,False
Kiribati,2018,import,world,102.64956934199999,115.0255814,Kiribati,12.376012058,11.371083943953439,0.11383360252782518,False
Kiribati,2020,export,aus,1.068869893,1.068869948,Kiribati,5.49999998877837e-08,5.145621448684382e-06,5.1456214408899236e-08,True
Kiribati,2020,export,china,0.16289753899999998,0.162897006,Kiribati,-5.329999999692525e-07,-0.0003272000763359942,-3.272000763380796e-06,True
Kiribati,2020,export,us,1.004495825,1.004497051,Kiribati,1.2259999999653104e-06,0.00012205120432346527,1.220512043344132e-06,True
Kiribati,2020,export,world,9.271010437,10.27552032,Kiribati,1.0045098830000008,10.278139844742176,0.10287202412348768,False
Kiribati,2020,import,aus,17.027059818999998,17.02705956,Kiribati,-2.5899999656076034e-07,-1.5211081730128468e-06,-1.521108173219481e-08,True
Kiribati,2020,import,china,15.374975439,15.37497616,Kiribati,7.20999999259675e-07,4.68943827074591e-06,4.689438260998657e-08,True
Kiribati,2020,import,us,1.229059396,1.229060054,Kiribati,6.580000000422359e-07,5.3536861281679044e-05,5.353686129061578e-07,True
Kiribati,2020,import,world,108.947111897,110.4504623,Kiribati,1.503350402999999,1.3704348450545043,0.01370456294010922,True
Kiribati,2021,export,aus,1.501e-06,1e-06,Kiribati,-5.009999999999999e-07,-40.06397441023591,-0.40613155265132495,False
Kiribati,2021,export,us,0.920011139,0.920009971,Kiribati,-1.1679999999403279e-06,-0.00012695506519926045,-1.2695506520181166e-06,True
Kiribati,2021,export,world,8.863588064,9.360254288,Kiribati,0.49666622400000016,5.4507300316444285,0.05452080164099743,False
Kiribati,2021,import,aus,25.222610598000003,25.22260857,Kiribati,-2.028000004372643e-06,-8.040405167509345e-06,-8.040405165165264e-08,True
Kiribati,2021,import,china,27.433733279,27.43373108,Kiribati,-2.1989999972049645e-06,-8.015679320687468e-06,-8.015679319585456e-08,True
Kiribati,2021,import,us,2.899532983,2.899533033,Kiribati,5.000000014021566e-08,1.7244156214901646e-06,1.7244156176410892e-08,True
Kiribati,2021,import,world,173.827803657,176.7255402,Kiribati,2.8977365430000077,1.6532357164917366,0.01653273373073713,True
Palau,2014,export,aus,0.168,0.167999998,"Palau, Republic of",-1.9999999989472883e-09,-1.190476196935744e-06,-1.190476191384629e-08,True
Palau,2014,export,china,0.02394,0.023940001,"Palau, Republic of",9.999999994736442e-10,4.1771093508274746e-06,4.1771093488797154e-08,True
Palau,2014,export,us,4.367885,4.367879868,"Palau, Republic of",-5.132000000074299e-06,-0.00011749400487811526,-1.1749400488253821e-06,True
Palau,2014,export,world,11.400373,14.73310471,"Palau, Republic of",3.332731709999999,25.50545891352781,0.2564509087109009,False
Palau,2014,import,aus,1.393342,1.393339992,"Palau, Republic of",-2.0080000000533005e-06,-0.00014411403998144473,-1.4411403998445488e-06,True
Palau,2014,import,china,7.803297,7.803286076,"Palau, Republic of",-1.0923999999690182e-05,-0.00013999220644894713,-1.3999220645009475e-06,True
Palau,2014,import,us,54.835424,54.83542633,"Palau, Republic of",2.3299999938330984e-06,4.249078012657182e-06,4.24907802131116e-08,True
Palau,2014,import,world,164.988628,219.7776337,"Palau, Republic of",54.78900569999999,28.47911116631045,0.28673972897176675,False
Palau,2015,export,aus,0.03135,0.031350002,"Palau, Republic of",1.9999999989472883e-09,6.379585120100277e-06,6.379585123181281e-08,True
Palau,2015,export,china,0.00306,0.003061,"Palau, Republic of",1.0000000000001327e-06,0.03267439960791154,0.00032674399898604796,True
Palau,2015,export,us,2.167732,2.167740107,"Palau, Republic of",8.10700000020148e-06,0.00037398464573728976,3.7398464574671218e-06,True
Palau,2015,export,world,6.384669,7.050817013,"Palau, Republic of",0.6661480129999999,9.916247352056248,0.09924385058827033,False
Palau,2015,import,aus,3.246202,3.246200085,"Palau, Republic of",-1.9149999999079625e-06,-5.8992033297887234e-05,-5.899203329472891e-07,True
Palau,2015,import,china,8.26907,8.269061089,"Palau, Republic of",-8.911000000111358e-06,-0.00010776308341198636,-1.0776308341204124e-06,True
Palau,2015,import,us,56.701292,56.70129776,"Palau, Republic of",5.760000000520904e-06,1.0158498166066756e-05,1.0158498170709948e-07,True
Palau,2015,import,world,150.315861,206.9942474,"Palau, Republic of",56.678386399999994,31.725039436359808,0.3199521824077887,False
Palau,2016,export,china,0.00766,0.00766,"Palau, Republic of",0.0,0.0,0.0,True
Palau,2016,export,us,0.575562,0.575562,"Palau, Republic of",0.0,0.0,0.0,True
Palau,2016,export,world,6.539683,9.046730995,"Palau, Republic of",2.5070479950000006,32.16965744403096,0.3245147830891729,False
Palau,2016,import,aus,1.717605,1.717607975,"Palau, Republic of",2.974999999905137e-06,0.0001732061459685851,1.7320614597057398e-06,True
Palau,2016,import,china,7.994219,7.994216919,"Palau, Republic of",-2.0809999998760986e-06,-2.6031314262618067e-05,-2.603131426167737e-07,True
Palau,2016,import,us,64.445292,64.44528961,"Palau, Republic of",-2.3899999916920933e-06,-3.7085719714165132e-06,-3.708571973893054e-08,True
Palau,2016,import,world,153.508445,217.9342041,"Palau, Republic of",64.4257591,34.68947858093445,0.35043761937785467,False
Palau,2017,export,aus,0.53439,0.534390986,"Palau, Republic of",9.859999999806135e-07,0.00018450927044853197,1.8450927044093815e-06,True
Palau,2017,export,us,0.54014764,0.54014802,"Palau, Republic of",3.799999999110071e-07,7.035111108583128e-05,7.035111108158407e-07,True
Palau,2017,export,world,6.41975986,4.714247227,"Palau, Republic of",-1.7055126329999997,-30.63609749254329,-0.30879146360971754,False
Palau,2017,import,aus,0.0,1.889122009,"Palau, Republic of",1.889122009,200.0,,False
Palau,2017,import,china,0.0,11.44582462,"Palau, Republic of",11.44582462,200.00000000000003,,False
Palau,2017,import,us,0.0,56.56284332,"Palau, Republic of",56.56284332,200.0,,False
Palau,2017,import,world,0.0,214.1764221,"Palau, Republic of",214.1764221,200.0,,False
Palau,2018,export,aus,0.00176,0.00176,"Palau, Republic of",0.0,0.0,0.0,True
Palau,2018,export,china,0.01,0.01,"Palau, Republic of",0.0,0.0,0.0,True
Palau,2018,export,us,0.22620675,0.226207003,"Palau, Republic of",2.5299999997785427e-07,0.00011184452209959863,1.1184452209218987e-06,True
Palau,2018,export,world,8.62090805,9.115924835,"Palau, Republic of",0.4950167849999989,5.58179454257173,0.05583244460185104,False
Palau,2018,import,aus,1.88290701,1.882907033,"Palau, Republic of",2.299999990462709e-08,1.2215154355473356e-06,1.2215154368890637e-08,True
Palau,2018,import,china,8.806854640000001,8.806855202,"Palau, Republic of",5.619999985384538e-07,6.381392717147655e-06,6.381392721581262e-08,True
Palau,2018,import,us,53.67327789,53.67327881,"Palau, Republic of",9.199999979614404e-07,1.7140745381010256e-06,1.7140745342738488e-08,True
Palau,2018,import,world,154.41282668,208.0673828,"Palau, Republic of",53.654556119999995,29.604129945174517,0.298232274515684,False
Papua New Guinea,2011,export,aus,2353.206466,2353.206543,Papua New Guinea,7.699999969190685e-05,3.2721310069754165e-06,3.272131001464588e-08,True
Papua New Guinea,2011,export,china,353.045922,353.045929,Papua New Guinea,6.999999982326699e-06,1.9827448716234225e-06,1.9827448819399473e-08,True
Papua New Guinea,2011,export,us,109.118349,109.1183548,Papua New Guinea,5.800000010935946e-06,5.315329557260245e-06,5.3153295462416115e-08,True
Papua New Guinea,2011,export,world,5499.319521,5608.437988,Papua New Guinea,109.11846699999933,1.9647254076547258,0.019647886123709705,True
Papua New Guinea,2011,import,aus,2409.180182,2685.685791,Papua New Guinea,276.5056089999998,10.854283918961878,0.10864959480379453,False
Papua New Guinea,2011,import,china,443.420169,508.8106384,Papua New Guinea,65.39046940000003,13.73416379554956,0.1375581373198653,False
Papua New Guinea,2011,import,us,345.703958,341.6066589,Papua New Guinea,-4.0972990999999865,-1.192269986597958,-0.011922841104073757,True
Papua New Guinea,2011,import,world,6105.50368,7209.873047,Papua New Guinea,1104.3693670000002,16.587880157542017,0.16626073621015355,False
Papua New Guinea,2012,export,aus,1621.045418,2364.401855,Papua New Guinea,743.3564370000001,37.3035389044526,0.3774538136538682,False
Papua New Guinea,2012,export,china,302.113043,1016.62616,Papua New Guinea,714.513117,108.36306608229343,1.2134434756104737,False
Papua New Guinea,2012,export,us,81.251278,50.36345673,Papua New Guinea,-30.887821269999996,-46.936722295363914,-0.4782807031072125,False
Papua New Guinea,2012,export,world,4517.686274,7469.420898,Papua New Guinea,2951.7346240000006,49.248489758976866,0.5028174959423861,False
Papua New Guinea,2012,import,aus,2865.412712,3312.081299,Papua New Guinea,446.6685870000001,14.461158074929298,0.1448643901751032,False
Papua New Guinea,2012,import,china,574.783698,718.8931885,Papua New Guinea,144.1094905,22.27905468573122,0.22371899841916032,False
Papua New Guinea,2012,import,us,486.245537,439.7567444,Papua New Guinea,-46.48879260000001,-10.04075120197647,-0.10049199608834236,False
Papua New Guinea,2012,import,world,8340.687549,9114.207031,Papua New Guinea,773.5194819999997,8.86306678570613,0.08868875539505543,False
Papua New Guinea,2019,export,aus,2861.315252064,2861.31543,Papua New Guinea,0.00017793600000004517,6.218678432551527e-06,6.218678423138797e-08,True
Papua New Guinea,2019,export,china,2144.48808252,2144.488037,Papua New Guinea,-4.551999973045895e-05,-2.122651115882329e-06,-2.1226511107604132e-08,True
Papua New Guinea,2019,export,us,55.866827310999994,55.86682892,Papua New Guinea,1.6090000087842782e-06,2.880063291686804e-06,2.8800633018951647e-08,True
Papua New Guinea,2019,export,world,10196.332168926001,10252.13965,Papua New Guinea,55.80748107399813,0.545835224932024,0.005458365801382068,True
Papua New Guinea,2019,import,aus,1841.2126135049998,1995.604126,Papua New Guinea,154.39151249500014,8.047896106443629,0.08052244091581702,False
Papua New Guinea,2019,import,china,761.868285126,901.0493164,Papua New Guinea,139.1810312739999,16.739377963920575,0.16778630471326328,False
Papua New Guinea,2019,import,us,129.459366203,106.9556046,Papua New Guinea,-22.503761603,-19.0375097876115,-0.1909532193254219,False
Papua New Guinea,2019,import,world,4969.260531754,5188.054199,Papua New Guinea,218.79366724600004,4.30810057669166,0.04308767072134558,True
Papua New Guinea,2020,export,aus,2256.174466284,2256.174561,Papua New Guinea,9.471599969401723e-05,4.198079497898555e-06,4.1980795069442164e-08,True
Papua New Guinea,2020,export,china,1857.2952224160001,1857.295288,Papua New Guinea,6.558399991263286e-05,3.5311563806955427e-06,3.531156371577106e-08,True
Papua New Guinea,2020,export,us,64.194634762,64.19463348,Papua New Guinea,-1.2820000137026e-06,-1.9970516714623957e-06,-1.9970516662152494e-08,True
Papua New Guinea,2020,export,world,10367.004204408,10431.08398,Papua New Guinea,64.07977559199935,0.616208326686863,0.006162102765490355,True
Papua New Guinea,2020,import,aus,1472.6699415780001,1549.832397,Papua New Guinea,77.16245542199977,5.105865721731912,0.05106975399275494,False
Papua New Guinea,2020,import,china,731.943249526,1009.941284,Papua New Guinea,277.99803447399995,31.919226461155144,0.3219444905060375,False
Papua New Guinea,2020,import,us,76.57255726100001,70.24369049,Papua New Guinea,-6.328866771000008,-8.621480071788444,-0.08626826316446096,False
Papua New Guinea,2020,import,world,4087.9540110430003,4440.214355,Papua New Guinea,352.2603439569998,8.26110200543439,0.08265805033867252,False
Papua New Guinea,2021,export,aus,1674.831991597,1674.832031,Papua New Guinea,3.940299984606099e-05,2.3526538530578826e-06,2.3526538440428907e-08,True
Papua New Guinea,2021,export,china,1754.6597588529999,1754.659668,Papua New Guinea,-9.08529998469021e-05,-5.17781306265272e-06,-5.1778130680139806e-08,True
Papua New Guinea,2021,export,us,72.23891561,72.23891449,Papua New Guinea,-1.1200000074040872e-06,-1.5504108922855248e-06,-1.550410889478865e-08,True
Papua New Guinea,2021,export,world,9650.541017492,9722.779297,Papua New Guinea,72.23827950799932,0.745750117536252,0.007457535737641296,True
Papua New Guinea,2021,import,aus,1600.352182664,1667.5802,Papua New Guinea,67.228017336,4.114406876509244,0.04114987441392539,True
Papua New Guinea,2021,import,china,780.777237932,1181.080811,Papua New Guinea,400.303573068,40.80861745179963,0.41389535733144356,False
Papua New Guinea,2021,import,us,56.708176988,49.56726456,Papua New Guinea,-7.140912428,-13.438499664618679,-0.13458778815885625,False
Papua New Guinea,2021,import,world,4500.28279388,5098.135254,Papua New Guinea,597.8524601199997,12.457312384972589,0.1247345985122045,False
Papua New Guinea,2022,export,aus,1897.445138786,2609.956787,Papua New Guinea,712.5116482140002,31.615181425816715,0.3188253469886245,False
Papua New Guinea,2022,export,china,1914.0668348030001,2548.737793,Papua New Guinea,634.6709581969997,28.442695171688154,0.28636804215253725,False
Papua New Guinea,2022,export,us,47.879211674,97.77249908,Papua New Guinea,49.893287406000006,68.51040354791,0.7139619260625353,False
Papua New Guinea,2022,export,world,10928.905054682999,12740.10352,Papua New Guinea,1811.198465317002,15.30438809553103,0.15334365650900134,False
Papua New Guinea,2022,import,aus,1781.358373375,1782.572754,Papua New Guinea,1.2143806250001035,0.06814837782202322,0.0006814838045947409,True
Papua New Guinea,2022,import,china,1045.069813487,1609.618408,Papua New Guinea,564.5485945130001,42.532195678841205,0.43191344688972955,False
Papua New Guinea,2022,import,us,91.879075365,130.5980072,Papua New Guinea,38.71893183500001,34.807119356833255,0.35165064365688886,False
Papua New Guinea,2022,import,world,5818.231094875,6553.203125,Papua New Guinea,734.972030125,11.881759496312077,0.11895767687304477,False
Papua New Guinea,2023,export,aus,2185.745469698,2377.616699,Papua New Guinea,191.8712293020003,8.40920453862395,0.0841416525622904,False
Papua New Guinea,2023,export,china,1936.546259556,2149.561279,Papua New Guinea,213.01501944400002,10.426305104993784,0.10435765712155627,False
Papua New Guinea,2023,export,us,76.50418318499999,76.85341644,Papua New Guinea,0.3492332550000157,0.45544955822728533,0.00455450345528575,True
Papua New Guinea,2023,export,world,9933.99673239,11150.57227,Papua New Guinea,1216.5755376100005,11.539961167544831,0.1155279334995857,False
Papua New Guinea,2023,import,aus,1844.2935934939999,1707.628906,Papua New Guinea,-136.66468749399996,-7.6952516567278115,-0.076990524411336,False
Papua New Guinea,2023,import,china,1157.342223265,1471.361084,Papua New Guinea,314.01886073499986,23.89154073547514,0.24006169039265446,False
Papua New Guinea,2023,import,us,122.77652793899999,145.1452026,Papua New Guinea,22.368674661000014,16.697917422374903,0.16736878171675001,False
Papua New Guinea,2023,import,world,6174.037014265,6322.029297,Papua New Guinea,147.99228273500012,2.3686219174683396,0.02368732667162387,True
Samoa,2009,export,aus,31.666493,31.66649628,Samoa,3.2800000013821773e-06,1.0357951009958005e-05,1.0357951004482246e-07,True
Samoa,2009,export,china,0.019179,0.019176001,Samoa,-2.999000000000057e-06,-0.01563811717799229,-0.0001563811720985687,True
Samoa,2009,export,us,1.65174,1.651739001,Samoa,-9.990000000570376e-07,-6.048169216481347e-05,-6.048169215935554e-07,True
Samoa,2009,export,world,45.976147,47.6350975,Samoa,1.658950500000003,3.54434023147722,0.03544711345029521,True
Samoa,2009,import,aus,54.322262,54.32226181,Samoa,-1.9000000150981577e-07,-3.497645253470705e-07,-3.4976452906282248e-09,True
Samoa,2009,import,china,17.294377,17.29437447,Samoa,-2.5299999997230316e-06,-1.4629033383395676e-05,-1.4629033388901075e-07,True
Samoa,2009,import,us,30.532873,30.53286743,Samoa,-5.569999999011088e-06,-1.824263477291661e-05,-1.8242634768094843e-07,True
Samoa,2009,import,world,230.538853,261.0717468,Samoa,30.53289380000004,12.421576675694793,0.12437585361579653,False
Samoa,2010,export,aus,45.885535,46.9679985,Samoa,1.082463500000003,2.331550473520758,0.02331656103850057,True
Samoa,2010,export,china,0.023482,0.024,Samoa,0.0005180000000000011,2.1818794490543834,0.02181966013992555,True
Samoa,2010,export,us,1.840903,1.814000964,Samoa,-0.02690203599999985,-1.472106313324727,-0.01472132899165382,True
Samoa,2010,export,world,70.249888,60.57342911,Samoa,-9.67645889,-14.793171590143604,-0.1482023805158605,False
Samoa,2010,import,aus,72.191917,73.7440033,Samoa,1.5520862999999991,2.127079195868132,0.021271594004556135,True
Samoa,2010,import,china,18.939858,19.34700012,Samoa,0.4071421199999996,2.126798280098725,0.021268784529119546,True
Samoa,2010,import,us,35.55168,36.29499817,Samoa,0.743318170000002,2.0691789486528522,0.020692527800013617,True
Samoa,2010,import,world,309.847818,311.7200012,Samoa,1.872183199999995,0.6024067341226326,0.0060240855588015955,True
Samoa,2011,export,aus,33.234982,33.13700104,Samoa,-0.097980960000001,-0.2952479510547437,-0.002952481655313793,True
Samoa,2011,export,china,0.086372,0.086003996,Samoa,-0.0003680040000000051,-0.42697824353688446,-0.004269788922268482,True
Samoa,2011,export,us,1.735276,1.714002013,Samoa,-0.02127398700000005,-1.2335327520611805,-0.012335483936448429,True
Samoa,2011,export,world,66.263851,53.38800812,Samoa,-12.87584288,-21.52217771574563,-0.21605836100600606,False
Samoa,2011,import,aus,34.364484,35.28900146,Samoa,0.9245174600000041,2.6546193744487576,0.026547752835412306,True
Samoa,2011,import,china,22.255213,22.26499939,Samoa,0.00978638999999859,0.04396380643591351,0.00043963807144030084,True
Samoa,2011,import,us,39.114515,39.06399918,Samoa,-0.050515819999993994,-0.12923197768554467,-0.0012923199567130101,True
Samoa,2011,import,world,345.905722,342.9889832,Samoa,-2.9167388000000187,-0.8467879860255946,-0.008467930459903053,True
Samoa,2012,export,aus,38.580003,41.47800064,Samoa,2.89799764,7.2397449554988675,0.07242909638297157,False
Samoa,2012,export,us,1.723759,2.206001043,Samoa,0.48224204300000006,24.543078341844705,0.24667402234614103,False
Samoa,2012,export,world,76.101615,64.06900787,Samoa,-12.032607130000002,-17.168514890826355,-0.17210873628206375,False
Samoa,2012,import,aus,27.870455,31.73699951,Samoa,3.8665445100000007,12.973358925606638,0.12991601007441272,False
Samoa,2012,import,china,34.151068,27.2840004,Samoa,-6.867067600000002,-22.355530086786725,-0.2244933948667982,False
Samoa,2012,import,us,43.317364,43.95999908,Samoa,0.6426350800000051,1.4726271677363907,0.014726537818071022,True
Samoa,2012,import,world,345.515179,337.2479858,Samoa,-8.267193200000008,-2.421686941011733,-0.0242180530264791,True
Samoa,2013,export,aus,28.154951,35.47900009,Samoa,7.324049089999999,23.019312692500606,0.2312177563487563,False
Samoa,2013,export,china,0.137277,0.137999997,Samoa,0.000722997000000003,0.525286898563488,0.005252881064058441,True
Samoa,2013,export,us,1.439042,1.806998968,Samoa,0.3679569680000001,22.671122861811035,0.22768982608291524,False
Samoa,2013,export,world,62.108626,61.09098816,Samoa,-1.017637839999999,-1.6520146543290097,-0.0165205222753207,True
Samoa,2013,import,aus,26.418001,26.6590004,Samoa,0.24099939999999975,0.9081123411014691,0.009081185819387529,True
Samoa,2013,import,china,29.863115,29.99699974,Samoa,0.13388473999999917,0.44732537042911513,0.004473261163463532,True
Samoa,2013,import,us,45.351372,45.54100037,Samoa,0.1896283700000012,0.4172591495974421,0.004172597549905699,True
Samoa,2013,import,world,366.588277,365.2860107,Samoa,-1.3022662999999852,-0.35587158119531936,-0.0035587195677276215,True
Samoa,2014,export,aus,29.462461,29.29100037,Samoa,-0.1714606300000021,-0.5836613741622083,-0.005836630310909522,True
Samoa,2014,export,china,0.007675,0.008004,Samoa,0.0003290000000000003,4.1966962178710405,0.041973123248226094,True
Samoa,2014,export,us,1.926307,1.904999971,Samoa,-0.021307028999999922,-1.1122590364738447,-0.011122705033373113,True
Samoa,2014,export,world,50.921619,49.20301056,Samoa,-1.718608439999997,-3.432938423947158,-0.034332756286143906,True
Samoa,2014,import,aus,30.683792,33.91999817,Samoa,3.236206169999999,10.01862634215165,0.10027018967636821,False
Samoa,2014,import,china,49.001529,40.23899841,Samoa,-8.762530589999997,-19.638007179724706,-0.19701486663126427,False
Samoa,2014,import,us,40.651541,38.6609993,Samoa,-1.9905417000000014,-5.019487945968619,-0.0502054223861204,False
Samoa,2014,import,world,388.023854,380.2720032,Samoa,-7.7518508,-2.017933775733497,-0.020180022560897053,True
Samoa,2015,export,aus,24.816555,22.31240463,Samoa,-2.5041503700000014,-10.626800971884732,-0.10636818554257196,False
Samoa,2015,export,us,3.146603,2.786545992,Samoa,-0.3600570079999996,-12.137130164284931,-0.1215206250491392,False
Samoa,2015,export,world,58.927549,52.79731369,Samoa,-6.130235309999996,-10.97380683654881,-0.10984839393127405,False
Samoa,2015,import,aus,36.401431,35.47438431,Samoa,-0.9270466900000045,-2.579578919561906,-0.025797219763806042,True
Samoa,2015,import,china,54.977068,40.58080673,Samoa,-14.396261270000004,-30.130978343076013,-0.3036209386417937,False
Samoa,2015,import,us,37.301985,32.25530243,Samoa,-5.0466825700000015,-14.510866528769698,-0.14536409623097457,False
Samoa,2015,import,world,370.582367,333.7939148,Samoa,-36.788452199999995,-10.445681704667527,-0.10455195213499281,False
Samoa,2016,export,aus,20.124167,20.19140244,Samoa,0.06723544000000103,0.3335457786355456,0.003335460878685324,True
Samoa,2016,export,us,3.74093,3.749674082,Samoa,0.008744081999999764,0.23346800616553437,0.0023346811221323324,True
Samoa,2016,export,world,56.040486,56.17541504,Samoa,0.13492903999999584,0.24048114170896262,0.002404812576033072,True
Samoa,2016,import,aus,36.12946,37.05699539,Samoa,0.9275353899999956,2.5347187127926727,0.025348544346904596,True
Samoa,2016,import,china,49.231831,41.71562576,Samoa,-7.516205239999998,-16.52867602407929,-0.1656646087665592,False
Samoa,2016,import,us,37.173161,36.127388,Samoa,-1.045772999999997,-2.8533838129916242,-0.028535774339551973,True
Samoa,2016,import,world,349.840565,350.4897156,Samoa,0.6491505999999845,0.18538413031172438,0.0018538418340463922,True
Samoa,2017,export,aus,9.516657219,9.213913918,Samoa,-0.30274330100000135,-3.232611528881447,-0.032328930736019876,True
Samoa,2017,export,us,2.5133974300000004,3.069856882,Samoa,0.5564594519999995,19.93315800801013,0.19999554659231145,False
Samoa,2017,export,world,44.401814199,41.98144913,Samoa,-2.420365068999999,-5.603782435914181,-0.056052495611443404,False
Samoa,2017,import,aus,37.395168313,37.70917892,Samoa,0.31401060700000016,0.8361982190613527,0.008362030915521108,True
Samoa,2017,import,china,32.261765508,31.89344215,Samoa,-0.36832335800000493,-1.1482259085294253,-0.011482385241717952,True
Samoa,2017,import,us,39.693663305,37.5463829,Samoa,-2.1472804050000036,-5.560018437329736,-0.05561451446267318,False
Samoa,2017,import,world,356.189844914,351.2100525,Samoa,-4.979792413999974,-1.4079143726778325,-0.01407937630036716,True
Samoa,2018,export,aus,4.969451404,4.945384979,Samoa,-0.024066425000000002,-0.485462877456341,-0.004854638308853596,True
Samoa,2018,export,us,4.457068861000001,4.345541954,Samoa,-0.1115269070000009,-2.5339506504128204,-0.025340862489620287,True
Samoa,2018,export,world,46.101305353,45.99344254,Samoa,-0.10786281300000411,-0.23424313648227624,-0.0023424324358973436,True
Samoa,2018,import,aus,34.857875406000005,34.67540741,Samoa,-0.18246799600000685,-0.524836419654905,-0.005248376243924408,True
Samoa,2018,import,china,43.148324849,32.67053604,Samoa,-10.477788808999996,-27.639003504259033,-0.2781699620080895,False
Samoa,2018,import,us,36.968903714,37.11277771,Samoa,0.1438739960000035,0.38841989877781874,0.00388420387119896,True
Samoa,2018,import,world,362.883715504,363.5550232,Samoa,0.6713076959999853,0.18482155761616706,0.0018482161022719363,True
Samoa,2019,export,aus,4.03921213,4.028532028,Samoa,-0.010680102000000247,-0.2647605524131507,-0.0026476070707352546,True
Samoa,2019,export,us,6.3088346500000005,5.73255682,Samoa,-0.5762778300000004,-9.571615231275267,-0.09578932884771932,False
Samoa,2019,export,world,49.27248214,49.06240082,Samoa,-0.21008132000000046,-0.427277307251092,-0.0042727795730507535,True
Samoa,2019,import,aus,35.5841164,35.08372116,Samoa,-0.500395239999996,-1.4161894782053834,-0.014162131480773959,True
Samoa,2019,import,china,47.68195561,48.23056793,Samoa,0.5486123199999966,1.1439847472498201,0.011439972236122427,True
Samoa,2019,import,us,34.42431708,34.15341949,Samoa,-0.27089759000000413,-0.7900452932665349,-0.007900494026700759,True
Samoa,2019,import,world,390.68150603,389.0053406,Samoa,-1.676165429999969,-0.42995862691406733,-0.004299592892830083,True
Samoa,2021,export,aus,2.4794784130000003,2.504319906,Samoa,0.024841492999999826,0.9968899786853443,0.009968982346327602,True
Samoa,2021,export,us,5.371587794,5.282740116,Samoa,-0.0888476779999996,-1.66782323109482,-0.0166786189332763,True
Samoa,2021,export,world,28.836585456,29.07977295,Samoa,0.24318749399999717,0.8397886217058962,0.008397935572303292,True
Samoa,2021,import,aus,40.465707184,32.51656342,Samoa,-7.949143764000006,-21.78376665514249,-0.21870527602762035,False
Samoa,2021,import,china,49.558775704999995,32.37199783,Samoa,-17.186777874999997,-41.95438937887724,-0.42586556856665314,False
Samoa,2021,import,us,36.696933351,37.08006668,Samoa,0.3831333290000032,1.0386253950120397,0.010386347319095776,True
Samoa,2021,import,world,368.24021562900003,367.8873596,Samoa,-0.3528560290000087,-0.0958681730922088,-0.0009586818043468185,True
Samoa,2022,export,aus,2.57096458,2.503065109,Samoa,-0.06789947100000004,-2.676352925060705,-0.026765126951825657,True
Samoa,2022,export,us,6.802436009,6.710144043,Samoa,-0.09229196600000034,-1.3660154558912705,-0.013660366980059792,True
Samoa,2022,export,world,43.296530184,41.58014297,Samoa,-1.716387214000001,-4.044426225061373,-0.040449776622917474,True
Samoa,2022,import,aus,39.645540573,30.92806625,Samoa,-8.717474322999998,-24.704630287250573,-0.24831440743444233,False
Samoa,2022,import,china,56.512408869999994,41.13579559,Samoa,-15.376613279999994,-31.493898664155726,-0.31758155867144255,False
Samoa,2022,import,us,50.002371384,48.25197601,Samoa,-1.750395374,-3.5629881433763195,-0.03563365146193949,True
Samoa,2022,import,world,445.412385978,439.9892883,Samoa,-5.423097677999976,-1.2250028061946543,-0.01225018125524974,True
Samoa,2023,export,aus,5.558702879999999,5.481586933,Samoa,-0.07711594699999935,-1.396991352694291,-0.013970140729189446,True
Samoa,2023,export,us,5.171745966,5.062642097,Samoa,-0.10910386899999924,-2.132103420905806,-0.021321841951996413,True
Samoa,2023,export,world,42.913094051,42.4565506,Samoa,-0.4565434510000017,-1.0695685869758482,-0.01069578783499342,True
Samoa,2023,import,aus,40.552363176,38.16796494,Samoa,-2.3843982360000027,-6.057897097396298,-0.06059750729691595,False
Samoa,2023,import,china,59.450291648000004,47.45040512,Samoa,-11.999886528000005,-22.450530054154125,-0.2254554660455281,False
Samoa,2023,import,us,37.854037958999996,38.34285736,Samoa,0.48881940100000776,1.28304282990417,0.012830604315363148,True
Samoa,2023,import,world,473.312434529,468.0750732,Samoa,-5.2373613289999525,-1.1126897873617518,-0.011127012675530592,True
Samoa,2024,export,aus,4.5586823160000005,4.535223961,Samoa,-0.023458355000000708,-0.5159137181637947,-0.005159148624949292,True
Samoa,2024,export,us,5.600595749,5.506545067,Samoa,-0.09405068199999977,-1.6935174147521093,-0.016935578915770685,True
Samoa,2024,export,world,41.919404857,41.83261871,Samoa,-0.08678614700000509,-0.20724549283415902,-0.0020724556701201854,True
Samoa,2024,import,aus,50.371928273,45.20895386,Samoa,-5.162974413000001,-10.803362132221723,-0.1081388797288449,False
Samoa,2024,import,china,70.28589898,59.76659775,Samoa,-10.519301229999996,-16.177007738404217,-0.16212425635082803,False
Samoa,2024,import,us,43.617639677,43.85653687,Samoa,0.23889719299999967,0.5462119277490766,0.005462132857630522,True
Samoa,2024,import,world,490.20384150800004,488.2727661,Samoa,-1.9310754080000265,-0.39471059256506197,-0.0039471110502050785,True
Solomon Islands,2015,export,aus,5.658647,5.658650875,Solomon Islands,3.874999999986528e-06,6.847924376977712e-05,6.847924376527852e-07,True
Solomon Islands,2015,export,china,232.210662,232.2106628,Solomon Islands,7.999999809271685e-07,3.445147490898198e-07,3.445147494679123e-09,True
Solomon Islands,2015,export,us,0.96181,0.961812973,Solomon Islands,2.9729999999617007e-06,0.00030910423109837756,3.0910423110121282e-06,True
Solomon Islands,2015,export,world,400.400591,411.1689148,Solomon Islands,10.768323799999962,2.653703403847129,0.026538591515956514,True
Solomon Islands,2015,import,aus,134.501409,131.6620789,Solomon Islands,-2.8393300999999838,-2.133523363705502,-0.02133604299496909,True
Solomon Islands,2015,import,china,49.136355,92.4250412,Solomon Islands,43.288686199999994,61.15888563127918,0.6317987620717395,False
Solomon Islands,2015,import,us,5.560216,6.585766792,Solomon Islands,1.0255507920000007,16.88707796746565,0.16927381724163354,False
Solomon Islands,2015,import,world,465.83023,437.1277771,Solomon Islands,-28.70245289999997,-6.357428069591559,-0.06359570597669222,False
Solomon Islands,2016,export,aus,5.063539,5.063539028,Solomon Islands,2.800000054037355e-08,5.52972939735575e-07,5.529729325802685e-09,True
Solomon Islands,2016,export,china,273.317891,273.3179016,Solomon Islands,1.0600000052818359e-05,3.87826783255479e-06,3.8782678316157463e-08,True
Solomon Islands,2016,export,us,1.897548,1.897549987,Solomon Islands,1.9870000000921095e-06,0.00010471402882869013,1.0471402882337999e-06,True
Solomon Islands,2016,export,world,437.303074,440.5371399,Solomon Islands,3.2340659000000187,0.7368233646148342,0.007368266982069175,True
Solomon Islands,2016,import,aus,92.484188,76.05307007,Solomon Islands,-16.43111793,-19.498499166487598,-0.19560630237607107,False
Solomon Islands,2016,import,china,67.393082,115.753273,Solomon Islands,48.360190999999986,52.81043239981488,0.5409185973236914,False
Solomon Islands,2016,import,us,6.439029,11.11721134,Solomon Islands,4.678182340000001,53.29366936657009,0.5461167262443594,False
Solomon Islands,2016,import,world,453.853634,463.7624207,Solomon Islands,9.908786700000007,2.1596803258285466,0.02159764275220722,True
Solomon Islands,2017,export,aus,4.1196167599999995,4.119616032,Solomon Islands,-7.279999998388575e-07,-1.7671548267108546e-05,-1.767154826515272e-07,True
Solomon Islands,2017,export,china,325.830017939,325.8300171,Solomon Islands,-8.38999994812184e-07,-2.5749622493328815e-07,-2.5749622467442285e-09,True
Solomon Islands,2017,export,us,3.5567189749999994,3.556720018,Solomon Islands,1.0430000005889895e-06,2.9324775305315946e-05,2.9324775304887683e-07,True
Solomon Islands,2017,export,world,499.7146834729999,506.1808472,Solomon Islands,6.466163727000094,1.2856531378907452,0.012856708471731843,True
Solomon Islands,2017,import,aus,113.907061567,100.4005356,Solomon Islands,-13.506525967000002,-12.604803698559499,-0.12621532458093454,False
Solomon Islands,2017,import,china,71.84955736,111.8462067,Solomon Islands,39.99664933999999,43.54662127857886,0.44255032129660526,False
Solomon Islands,2017,import,us,8.564590098,10.45384026,Solomon Islands,1.8892501619999997,19.86757189144473,0.1993331270609754,False
Solomon Islands,2017,import,world,571.770024747,476.5516968,Solomon Islands,-95.21832794699998,-18.16585996262427,-0.18216064592700046,False
Solomon Islands,2018,export,aus,5.017158688,5.017158031,Solomon Islands,-6.570000001815401e-07,-1.3095062047174757e-05,-1.3095062048362925e-07,True
Solomon Islands,2018,export,china,380.35273655400005,380.3527222,Solomon Islands,-1.4354000029470626e-05,-3.773865394099263e-06,-3.773865391454895e-08,True
Solomon Islands,2018,export,us,2.933204112,2.933203936,Solomon Islands,-1.7599999990736137e-07,-6.0002645048655965e-06,-6.000264509857666e-08,True
Solomon Islands,2018,export,world,569.112008473,573.6642456,Solomon Islands,4.552237127000012,0.7966978856578897,0.007967020997486187,True
Solomon Islands,2018,import,aus,109.58025963600001,107.5561752,Solomon Islands,-2.0240844360000096,-1.8643434369075564,-0.01864397440064917,True
Solomon Islands,2018,import,china,89.413281156,134.0847473,Solomon Islands,44.67146614400001,39.974818975008965,0.40520281264307545,False
Solomon Islands,2018,import,us,9.962998069,13.16884708,Solomon Islands,3.2058490110000015,27.71805699329257,0.27897593329571374,False
Solomon Islands,2018,import,world,601.388529171,549.1292114,Solomon Islands,-52.25931777099993,-9.084487084060733,-0.09090742527053723,False
Tonga,2008,export,aus,0.577016,0.577014029,Tonga,-1.970999999989509e-06,-0.0003415855654462366,-3.4158556544711346e-06,True
Tonga,2008,export,china,0.054904,0.054903001,Tonga,-9.990000000015264e-07,-0.0018195561137336342,-1.8195561137881306e-05,True
Tonga,2008,export,us,2.001021,2.001020908,Tonga,-9.200000006259756e-08,-4.597653007015815e-06,-4.597653008530043e-08,True
Tonga,2008,export,world,9.291998,11.29303646,Tonga,2.00103846,19.441681906225,0.19503269361575568,False
Tonga,2008,import,aus,17.907871,17.90786934,Tonga,-1.6599999987931824e-06,-9.269667375487691e-06,-9.269667374777848e-08,True
Tonga,2008,import,china,7.039663,7.039661884,Tonga,-1.1159999999676984e-06,-1.585303285722089e-05,-1.58530328551604e-07,True
Tonga,2008,import,us,15.562291,15.56228924,Tonga,-1.7599999999617921e-06,-1.13093894689697e-05,-1.1309389464942625e-07,True
Tonga,2008,import,world,165.923365,180.8409576,Tonga,14.917592600000006,8.6038797118167,0.08609193256722908,False
Tonga,2009,export,aus,0.747834,0.747833014,Tonga,-9.859999999806135e-07,-0.00013184752899559682,-1.3184752899409985e-06,True
Tonga,2009,export,china,0.061751,0.061749998,Tonga,-1.0019999999999474e-06,-0.001622658952116237,-1.6226589521529636e-05,True
Tonga,2009,export,us,1.245181,1.245182991,Tonga,1.990999999978982e-06,0.0001598963048915191,1.5989630488231228e-06,True
Tonga,2009,export,world,7.798457,9.0436306,Tonga,1.2451736000000002,14.786452007291546,0.14813481520893032,False
Tonga,2009,import,aus,17.441861,17.4418602,Tonga,-7.999999986907369e-07,-4.586666623690003e-06,-4.586666618449668e-08,True
Tonga,2009,import,china,7.351623,7.351620197,Tonga,-2.8030000001066924e-06,-3.81276424874562e-05,-3.8127642484296955e-07,True
Tonga,2009,import,us,18.719744,18.71974182,Tonga,-2.179999999185611e-06,-1.1645459073164221e-05,-1.1645459075685786e-07,True
Tonga,2009,import,world,144.620887,163.3376312,Tonga,18.716744199999994,12.155367099048467,0.12170366951686576,False
Tonga,2010,export,aus,0.324304,0.324304014,Tonga,1.3999999992631018e-08,4.316937099278893e-06,4.3169370923203497e-08,True
Tonga,2010,export,china,0.042928,0.042927001,Tonga,-9.990000000015264e-07,-0.002327179519808116,-2.327179519918524e-05,True
Tonga,2010,export,us,1.340777,1.340778947,Tonga,1.946999999891119e-06,0.00014521419939564058,1.4521419938941119e-06,True
Tonga,2010,export,world,8.257026,9.579231262,Tonga,1.3222052620000007,14.826039371129143,0.14853287043919927,False
Tonga,2010,import,aus,14.602748,14.60275078,Tonga,2.7799999990918423e-06,1.9037510847070985e-05,1.9037510843061387e-07,True
Tonga,2010,import,china,8.42633,8.426327705,Tonga,-2.2949999998189696e-06,-2.7236060210705736e-05,-2.723606020802827e-07,True
Tonga,2010,import,us,20.591523,20.59152031,Tonga,-2.6899999987506362e-06,-1.3063629020818161e-05,-1.3063629021400443e-07,True
Tonga,2010,import,world,158.777387,179.0971069,Tonga,20.319719899999996,12.027969122767805,0.12042501596172306,False
Tonga,2011,export,aus,1.334867,1.334869027,Tonga,2.0270000000710553e-06,0.000151850218865931,1.5185021885882346e-06,True
Tonga,2011,export,china,0.003174,0.003175,Tonga,9.99999999999699e-07,0.03150102378326347,0.0003150102404374579,True
Tonga,2011,export,us,1.550911,1.550909042,Tonga,-1.957999999913085e-06,-0.00012624845886614365,-1.262484588664106e-06,True
Tonga,2011,export,world,14.392041,15.90308952,Tonga,1.5110485199999992,9.975520778842311,0.09983805433544925,False
Tonga,2011,import,aus,12.624511,12.6245079,Tonga,-3.1000000006997652e-06,-2.455540956246633e-05,-2.455540956739151e-07,True
Tonga,2011,import,china,12.969746,12.96974468,Tonga,-1.3200000008595225e-06,-1.0177532143121652e-05,-1.0177532146485383e-07,True
Tonga,2011,import,us,23.325243,23.32523918,Tonga,-3.8199999998767e-06,-1.6377108322856353e-05,-1.637710832270593e-07,True
Tonga,2011,import,world,192.928682,216.233551,Tonga,23.304868999999997,11.391505432516299,0.11403848088077631,False
Tonga,2012,export,aus,1.873064,1.869997978,Tonga,-0.003066022000000057,-0.16382427103909725,-0.0016382430767894619,True
Tonga,2012,export,china,0.001747,0.002,Tonga,0.00025299999999999997,13.504136642647447,0.13524714940802576,False
Tonga,2012,export,us,2.092371,2.088998079,Tonga,-0.003372920999999973,-0.16133093904289492,-0.0016133097403515113,True
Tonga,2012,export,world,15.583109,14.37098598,Tonga,-1.21212302,-8.093204089853627,-0.08097625972522025,False
Tonga,2012,import,aus,10.295701,10.30399895,Tonga,0.008297950000001109,0.08056379481392502,0.000805637991714437,True
Tonga,2012,import,china,12.646026,12.65700054,Tonga,0.010974539999999422,0.08674487996643758,0.0008674488540583344,True
Tonga,2012,import,us,25.75132,25.77300072,Tonga,0.0216807199999991,0.08415722787620711,0.0008415723284318925,True
Tonga,2012,import,world,199.169452,191.723999,Tonga,-7.445453000000015,-3.8094539475924933,-0.03809914735940254,True
Tonga,2013,export,aus,1.848001,1.855999947,Tonga,0.007998946999999923,0.4319084748873269,0.0043190914630866755,True
Tonga,2013,export,china,0.007638,0.008,Tonga,0.00036200000000000034,4.629748049622719,0.04630575287651159,True
Tonga,2013,export,us,1.797021,1.804999948,Tonga,0.007978948000000097,0.4430261853102414,0.004430269099267542,True
Tonga,2013,export,world,17.083729,15.86299419,Tonga,-1.2207348100000015,-7.410356428833077,-0.07413750289266606,False
Tonga,2013,import,aus,11.201789,11.21500015,Tonga,0.01321115000000006,0.11786835225686244,0.001178683659030192,True
Tonga,2013,import,china,10.780374,10.76400089,Tonga,-0.01637310999999997,-0.15199429162922415,-0.001519943208910093,True
Tonga,2013,import,us,22.268794,22.16699982,Tonga,-0.10179417999999885,-0.4581629864084145,-0.004581637878652261,True
Tonga,2013,import,world,198.026759,188.2180023,Tonga,-9.808756700000004,-5.079036757410646,-0.050801290297012865,False
Tonga,2014,export,aus,1.657377,1.664000034,Tonga,0.006623033999999972,0.39881253661971167,0.00398813065218536,True
Tonga,2014,export,china,0.006183,0.005999,Tonga,-0.00018400000000000014,-3.0208504350681356,-0.030210801905475704,True
Tonga,2014,export,us,2.481266,2.490998983,Tonga,0.009732982999999695,0.39149092147246467,0.0039149142148953995,True
Tonga,2014,export,world,18.879494,17.62998962,Tonga,-1.2495043800000012,-6.844820885472722,-0.0684749518702859,False
Tonga,2014,import,aus,11.761978,11.79699898,Tonga,0.035020980000000534,0.2973047601322503,0.0029730497912256655,True
Tonga,2014,import,china,16.398565,16.4469986,Tonga,0.04843359999999919,0.2949171497851794,0.0029491736354172082,True
Tonga,2014,import,us,23.684053,23.70000076,Tonga,0.015947760000003086,0.0673127718484299,0.0006731277439004801,True
Tonga,2014,import,world,218.185756,209.7640076,Tonga,-8.421748399999984,-3.9358584190604677,-0.03936366623070519,True
Tonga,2017,export,aus,12.311424781,4.778999805,Tonga,-7.532424976,-88.14789753287175,-0.9462963964609682,False
Tonga,2017,export,china,0.16145187400000002,0.214000002,Tonga,0.05254812799999997,27.991937906843734,0.28176891992196146,False
Tonga,2017,export,us,2.9923299,3.378000021,Tonga,0.385670121,12.108324868030019,0.12123150987315026,False
Tonga,2017,export,world,33.275420763999996,17.78000069,Tonga,-15.495420073999995,-60.7003904099042,-0.6267447403566558,False
Tonga,2017,import,aus,14.479579472,15.89500046,Tonga,1.415420988000001,9.31977325229665,0.09326527875579063,False
Tonga,2017,import,china,16.501684773,20.40299988,Tonga,3.9013151069999985,21.142655159812392,0.2122194598316541,False
Tonga,2017,import,us,18.133530480999998,22.65399933,Tonga,4.520468849000004,22.165935862979754,0.2225736699545138,False
Tonga,2017,import,world,189.470629485,227.9940033,Tonga,38.523373815000014,18.455874241610346,0.18508530430746817,False
Tonga,2018,export,aus,4.597621320999999,2.178999901,Tonga,-2.418621419999999,-71.38133712263723,-0.7466730550913683,False
Tonga,2018,export,china,0.042456487,0.216000006,Tonga,0.17354351899999998,134.29224933420417,1.6267987193030597,False
Tonga,2018,export,us,2.5772347179999997,3.088000059,Tonga,0.5107653410000004,18.03156836760343,0.18080664186806875,False
Tonga,2018,export,world,24.631051844,12.50399971,Tonga,-12.127052134000001,-65.3132370981924,-0.6779593470999106,False
Tonga,2018,import,aus,13.296194879000002,17.01300049,Tonga,3.716805610999998,24.5259273019271,0.24649989153132418,False
Tonga,2018,import,china,15.169015715,21.08200073,Tonga,5.912985015,32.622450870977225,0.3291647228562315,False
Tonga,2018,import,us,15.441505008,22.60199928,Tonga,7.160494272000001,37.64371556202105,0.38097935162468277,False
Tonga,2018,import,world,175.99470521,220.7319946,Tonga,44.73728939,22.55320320584702,0.22649536094005224,False
Tonga,2019,export,aus,25.781396335999997,2.163000107,Tonga,-23.618396229,-169.0385138729046,-2.4781569631426246,False
Tonga,2019,export,china,0.189641851,0.377999991,Tonga,0.18835813999999998,66.36513592315487,0.6897568732247505,False
Tonga,2019,export,us,3.938147051,3.891000032,Tonga,-0.04714701900000007,-1.2043973245150505,-0.012044118837163244,True
Tonga,2019,export,world,42.473688491000004,18.46100044,Tonga,-24.012688051000005,-78.81450934521389,-0.8332243672604727,False
Tonga,2019,import,aus,18.294591517,17.24500084,Tonga,-1.0495906770000012,-5.906599414291088,-0.059083175547491804,False
Tonga,2019,import,china,22.092488969,22.54599953,Tonga,0.4535105609999981,2.031926152742191,0.020319960675892076,True
Tonga,2019,import,us,39.260082179,38.30199814,Tonga,-0.9580840389999992,-2.4704959822107866,-0.02470621646237533,True
Tonga,2019,import,world,272.256960391,249.4609985,Tonga,-22.79596189100002,-8.738806668436986,-0.0874437433254656,False
Tonga,2020,export,aus,7.172697383999999,1.11500001,Tonga,-6.057697373999999,-146.18529335749056,-1.8614273741678864,False
Tonga,2020,export,china,0.161841971,0.182999998,Tonga,0.021158026999999996,12.271143829363762,0.12286577043212141,False
Tonga,2020,export,us,2.116420083,2.890000105,Tonga,0.773580022,30.903519598862726,0.3115305172267137,False
Tonga,2020,export,world,16.962908523000003,13.56400013,Tonga,-3.398908393000003,-22.26827768009833,-0.2236098749143257,False
Tonga,2020,import,aus,18.469320509,18.55900002,Tonga,0.08967951099999993,0.4843833569484436,0.0048438430403117275,True
Tonga,2020,import,china,20.492452807,20.34700012,Tonga,-0.1454526869999988,-0.7123145712063951,-0.007123175830855614,True
Tonga,2020,import,us,16.901424248,18.45000076,Tonga,1.5485765120000003,8.76104152321757,0.08766651827127449,False
Tonga,2020,import,world,217.83262837,214.5839996,Tonga,-3.2486287700000105,-1.5025457208946147,-0.015025739902919213,True
Tonga,2021,export,aus,1.3982217710000002,1.417000055,Tonga,0.0187782839999997,1.33405359581776,0.013340733814613336,True
Tonga,2021,export,china,0.0049971849999999995,0.005,Tonga,2.8150000000006295e-06,0.056315852912607496,0.000563158544009881,True
Tonga,2021,export,us,1.90334304,2.730000019,Tonga,0.8266569790000002,35.68296016390442,0.36068978134490165,False
Tonga,2021,export,world,12.792868887000001,14.38099957,Tonga,1.5881306829999993,11.688661005429253,0.11701996352924209,False
Tonga,2021,import,aus,26.422770789,24.83300018,Tonga,-1.589770609000002,-6.203284348064967,-0.062052747216543996,False
Tonga,2021,import,china,31.702711303,28.9659996,Tonga,-2.736711703000001,-9.02182249224179,-0.0902794927194683,False
Tonga,2021,import,us,27.849431679000002,27.13299942,Tonga,-0.7164322590000012,-2.60604067401098,-0.02606188178952097,True
Tonga,2021,import,world,270.969532852,237.5879974,Tonga,-33.38153545199998,-13.127928883663875,-0.13146831943993087,False
Tonga,2022,export,aus,45.342992065,2.153000116,Tonga,-43.189991948999996,-181.86794281256198,-3.047393362370648,False
Tonga,2022,export,us,2.242894327,2.809999943,Tonga,0.5671056159999996,22.446763605049654,0.22541732098223877,False
Tonga,2022,export,world,61.86444328499999,12.31599998,Tonga,-49.54844330499999,-133.58896529640464,-1.6140463643185947,False
Tonga,2022,import,aus,19.267747595,17.97200012,Tonga,-1.2957474749999989,-6.958948728205684,-0.069617591098223,False
Tonga,2022,import,china,35.909734281000006,33.90200043,Tonga,-2.0077338510000047,-5.751852061294367,-0.05753438624841355,False
Tonga,2022,import,us,28.073220027999998,28.78100014,Tonga,0.7077801120000018,2.489806772157156,0.024899354062452063,True
Tonga,2022,import,world,273.57421212,257.9609985,Tonga,-15.61321362000001,-5.87476174975812,-0.058764522469003426,False
Tonga,2023,export,aus,0.626588984,1.580000043,Tonga,0.9534110590000001,86.41491889373019,0.9248893554663314,False
Tonga,2023,export,china,0.002918477,0.134000003,Tonga,0.131081526,191.4738258853005,3.82677791746898,False
Tonga,2023,export,us,0.701537662,1.506999969,Tonga,0.805462307,72.9407817819519,0.7646015921426166,False
Tonga,2023,export,world,11.933803519,9.378000259,Tonga,-2.5558032599999994,-23.984861034037245,-0.24100845671064103,False
Tonga,2023,import,aus,23.686451811,21.26000023,Tonga,-2.426451581000002,-10.797077281146024,-0.10807584740835774,False
Tonga,2023,import,china,45.685989295,33.79199982,Tonga,-11.893989474999998,-29.930272789841453,-0.30156758815970014,False
Tonga,2023,import,us,20.20607902,21.64100075,Tonga,1.4349217299999992,6.857930053359129,0.06860619757044226,False
Tonga,2023,import,world,326.48434808499997,257.5339966,Tonga,-68.95035148499994,-23.612392354623537,-0.23723027206323713,False
