year,n_records,n_countries,countries
2008,2341,3,"Cook Islands, Fiji, Tonga"
2009,3204,3,"Fiji, Samoa, Tonga"
2010,3317,3,"Fiji, Samoa, Tonga"
2011,4735,4,"Fiji, Papua New Guinea, Samoa, Tonga"
2012,4933,4,"Fiji, Papua New Guinea, Samoa, Tonga"
2013,3643,3,"Fiji, Samoa, Tonga"
2014,5490,5,"Fiji, Kiribati, Palau, Samoa, Tonga"
2015,5302,5,"Fiji, Kiribati, Palau, Samoa, Solomon Islands"
2016,5397,5,"Fiji, Kiribati, Palau, Samoa, Solomon Islands"
2017,6433,6,"Fiji, Kiribati, Palau, Samoa, Solomon Islands, Tonga"
2018,6265,6,"Fiji, Kiribati, Palau, Samoa, Solomon Islands, Tonga"
2019,5186,4,"Fiji, Papua New Guinea, Samoa, Tonga"
2020,4659,4,"Fiji, Kiribati, Papua New Guinea, Tonga"
2021,5706,5,"Fiji, Kiribati, Papua New Guinea, Samoa, Tonga"
2022,5005,4,"Fiji, Papua New Guinea, Samoa, Tonga"
2023,5037,4,"Fiji, Papua New Guinea, Samoa, Tonga"
2024,2547,2,"Fiji, Samoa"
