country_comtrade,year,flow,comtrade_value_musd,imf_value_musd,abs_diff_musd,symmetric_pct_diff,within_tolerance
Palau,2017,import,0.0,214.1764221,214.1764221,200.0,False
Tonga,2022,export,61.86444328499999,12.31599998,-49.54844330499999,-133.58896529640464,False
Tonga,2019,export,42.473688491000004,18.46100044,-24.012688051000005,-78.81450934521389,False
Tonga,2018,export,24.631051844,12.50399971,-12.127052134000001,-65.3132370981924,False
Tonga,2017,export,33.275420763999996,17.78000069,-15.495420073999995,-60.7003904099042,False
Kiribati,2018,export,8.18625309,14.233922,6.0476689100000005,53.94845388783269,False
Papua New Guinea,2012,export,4517.686274,7469.420898,2951.7346240000006,49.248489758976866,False
Palau,2016,import,153.508445,217.9342041,64.4257591,34.68947858093445,False
Palau,2016,export,6.539683,9.046730995,2.5070479950000006,32.16965744403096,False
Palau,2015,import,150.315861,206.9942474,56.678386399999994,31.725039436359808,False
