country,flow,partner,n_observations,mean_abs_diff_musd,median_symmetric_pct_diff,mean_symmetric_pct_diff,max_abs_symmetric_pct_diff,share_within_tolerance
"Fiji, Republic of",export,aus,17,0.9826201108823486,1.5242017276938313e-06,0.6642435782676481,4.987746522713484,1.0
"Fiji, Republic of",export,china,17,0.33420574805882275,-9.817235745835727e-07,0.6487946932113028,10.774631132010514,0.9411764705882353
"Fiji, Republic of",export,us,17,4.220770134176469,-1.8583272868006352e-07,1.5556106034664448,24.226692027033238,0.8823529411764706
"Fiji, Republic of",export,world,17,114.34448678641176,8.005529522484434,10.600062247185303,29.633235982283338,0.29411764705882354
"Fiji, Republic of",import,aus,17,0.7363852881176539,1.8944473176910101e-06,-0.027995050666131845,1.4897180449918965,1.0
"Fiji, Republic of",import,china,17,1.1844966590588262,-5.096749127612235e-06,-0.0512770591655028,2.2154628864576185,1.0
"Fiji, Republic of",import,us,17,0.6433378238235338,-2.6205469444252583e-07,0.07274828967127933,3.434245129934013,1.0
"Fiji, Republic of",import,world,17,50.107723964470594,2.301127037320907,1.7858784380259412,5.462669617944318,0.9411764705882353
Kiribati,export,aus,7,0.040314257571428556,-3.555363380305672e-05,-27.895298980441,155.20309847699713,0.7142857142857143
Kiribati,export,china,3,5.073333333184086e-07,-0.0003272000763359942,-0.0005110227010051033,0.001125602102050757,1.0
Kiribati,export,us,7,0.2965538488571428,6.685906916302058e-05,22.314066582241697,156.1983965796169,0.8571428571428571
Kiribati,export,world,7,1.6718850701428571,10.278139844742176,14.585343617824,53.94845388783269,0.2857142857142857
Kiribati,import,aus,7,0.19867938528571447,-1.5211081730128468e-06,-1.2062522606114296,8.443759785230638,0.8571428571428571
Kiribati,import,china,7,0.6660865828571423,-8.015679320687468e-06,-8.24144925622045,57.690111158672266,0.8571428571428571
Kiribati,import,us,7,0.12886489900000014,1.7244156214901646e-06,4.74119681257914,33.18838960542197,0.8571428571428571
Kiribati,import,world,7,5.330155919285709,4.001271821979182,4.586687422930865,11.371083943953439,0.7142857142857143
"Palau, Republic of",export,aus,4,2.47499999994627e-07,3.1897925600501385e-06,4.742459484292412e-05,0.00018450927044853197,1.0
"Palau, Republic of",export,china,4,2.502499999999016e-07,2.0885546754137373e-06,0.008169644179315592,0.03267439960791154,1.0
"Palau, Republic of",export,us,5,2.7744000000329285e-06,7.035111108583128e-05,8.773725480892087e-05,0.00037398464573728976,1.0
"Palau, Republic of",export,world,5,1.7412914271999997,9.916247352056248,8.507412151928692,32.16965744403096,0.0
"Palau, Republic of",import,aus,5,0.37782578599999994,1.2215154355473356e-06,39.99999426431763,200.0,0.8
"Palau, Republic of",import,china,5,2.2891694195999994,-2.6031314262618067e-05,39.99994651895773,200.00000000000003,0.8
"Palau, Republic of",import,us,5,11.312570943999997,4.249078012657182e-06,40.00000248261575,200.0,0.8
"Palau, Republic of",import,world,5,88.744825884,31.725039436359808,64.89955182575584,200.0,0.0
Papua New Guinea,export,aus,7,235.39138622442854,6.218678432551527e-06,11.046848701490864,37.3035389044526,0.5714285714285714
Papua New Guinea,export,china,7,223.17132908542845,3.5311563806955427e-06,21.033152081773206,108.36306608229343,0.5714285714285714
Papua New Guinea,export,us,7,11.590050248857152,2.880063291686804e-06,3.1470193512433804,68.51040354791,0.7142857142857143
Papua New Guinea,export,world,7,897.2503757287142,1.9647254076547258,11.423622585551799,49.248489758976866,0.5714285714285714
Papua New Guinea,import,aus,7,165.6907499102857,5.105865721731912,4.993786774238596,14.461158074929298,0.2857142857142857
Papua New Guinea,import,china,7,272.22143628057137,23.89154073547514,27.414882396067497,42.532195678841205,0.0
Papua New Guinea,import,us,7,21.092462714000003,-8.621480071788444,-0.11792484762641361,34.807119356833255,0.14285714285714285
Papua New Guinea,import,world,7,561.3942333118571,8.86306678570613,9.246834760589602,16.587880157542017,0.2857142857142857
Samoa,export,aus,15,0.9784097336000007,-0.2952479510547437,0.9228833990013813,23.019312692500606,0.8
Samoa,export,china,5,0.0003882000000000019,0.525286898563488,1.292249240954807,4.1966962178710405,1.0
Samoa,export,us,15,0.19446950239999997,-1.3660154558912705,2.1640475377108306,24.543078341844705,0.6666666666666666
Samoa,export,world,15,3.3657655692,-1.6520146543290097,-5.100303820077828,21.52217771574563,0.6666666666666666
Samoa,import,aus,15,2.459053379266668,-3.497645253470705e-07,-2.3878365485444752,24.704630287250573,0.6
Samoa,import,china,15,6.971345592,-16.52867602407929,-15.05027928712442,41.95438937887724,0.4
Samoa,import,us,15,1.008826504533335,-1.824263477291661e-05,-1.6807116709728709,14.510866528769698,0.8
Samoa,import,world,15,7.356825658933328,-0.42995862691406733,-0.49066114997959537,12.421576675694793,0.8666666666666667
Solomon Islands,export,aus,4,1.3220000001368248e-06,-6.271044553719591e-06,9.566401598807347e-06,6.847924376977712e-05,1.0
Solomon Islands,export,china,4,6.648250014507084e-06,4.350926207826584e-08,4.7855240653014596e-08,3.87826783255479e-06,1.0
Solomon Islands,export,us,4,1.5447500001375403e-06,6.701940206700304e-05,0.00010928569268187951,0.00030910423109837756,1.0
Solomon Islands,export,world,4,6.255197638500022,1.0411755117743176,1.3682194480026495,2.653703403847129,1.0
Solomon Islands,import,aus,4,8.700264608249999,-7.3691635311325,-9.02529241641504,19.498499166487598,0.5
Solomon Islands,import,china,4,44.079248171,48.17852683919687,49.37268957117047,61.15888563127918,0.0
Solomon Islands,import,us,4,2.6997080762500008,23.792814442368652,29.44159405469326,53.29366936657009,0.0
Solomon Islands,import,world,4,46.52222132949997,-7.720957576826146,-7.8620236976120035,18.16585996262427,0.25
Tonga,export,aus,14,5.986215306571429,-0.0002367165472209167,-40.586102338170626,181.86794281256198,0.5714285714285714
Tonga,export,china,13,0.04365347346153846,4.629748049622719,34.4299518937061,191.4738258853005,0.5384615384615384
Tonga,export,us,14,0.28124844607142857,0.41725855339135304,13.684491535215667,72.9407817819519,0.5714285714285714
Tonga,export,world,14,8.463448139428571,-7.751780259343352,-24.021447657078063,133.58896529640464,0.0
Tonga,import,aus,14,0.8314289194285716,7.225422111690491e-06,0.35427797660248267,24.5259273019271,0.5714285714285714
Tonga,import,china,14,1.9376776559285713,-2.154454653396331e-05,0.7578819009144642,32.622450870977225,0.6428571428571429
Tonga,import,us,14,1.227585063071429,0.033650731229480466,5.181081981088802,37.64371556202105,0.7142857142857143
Tonga,import,world,14,23.584659873071423,-2.655999834243554,1.3933581651547071,23.612392354623537,0.21428571428571427
