year,flow,partner,n_observations,median_symmetric_pct_diff,mean_abs_diff_musd,share_within_tolerance
2008,export,aus,2,-0.00017092456968323763,1.1354999981949554e-06,1.0
2008,export,china,2,-0.0009102689186541089,5.114999998834246e-07,1.0
2008,export,us,2,-1.8987836083254338e-06,4.960000017373289e-07,1.0
2008,export,world,2,16.600742050106593,69.11317073000002,0.0
2008,import,aus,2,-4.926683970472021e-06,2.1300000074830905e-06,1.0
2008,import,china,2,-4.732425615250435e-06,3.633000002167819e-06,1.0
2008,import,us,2,-5.785722081706113e-06,1.0800000023181155e-06,1.0
2008,import,world,2,7.033274664880509,71.02924979999999,0.0
2009,export,aus,3,-5.010348504560652e-06,3.0920000036275632e-06,1.0
2009,export,china,3,-0.001622658952116237,2.3680000000199375e-06,1.0
2009,export,us,3,3.072016903626002e-06,1.713333333430711e-06,1.0
2009,export,world,3,14.786452007291546,58.01664596666668,0.3333333333333333
2009,import,aus,3,-4.586666623690003e-06,9.296666655463545e-06,1.0
2009,import,china,3,-1.4629033383395676e-05,3.821000000847619e-06,1.0
2009,import,us,3,-1.1645459073164221e-05,3.2866666674162084e-06,1.0
2009,import,world,3,12.155367099048467,33.73685233333338,0.3333333333333333
2010,export,aus,3,4.316937099278893e-06,0.3608220713333283,1.0
2010,export,china,3,-1.525189409802603e-05,0.00017335300000022197,1.0
2010,export,us,3,5.824295322632635e-07,0.008968181000001149,1.0
2010,export,world,3,11.501700227281589,37.89141648399998,0.0
2010,import,aus,3,1.9037510847070985e-05,0.5173716266666671,1.0
2010,import,china,3,-6.634367762680451e-06,0.13571723833333552,1.0
2010,import,us,3,1.71863596432929e-06,0.24777399333333605,1.0
2010,import,world,3,2.3922370933671138,21.99275369999994,0.6666666666666666
2011,export,aus,4,4.823706519019056e-06,0.024518096749923945,1.0
2011,export,china,4,9.913724358117113e-07,9.400099999558288e-05,1.0
2011,export,us,4,-6.615194739253099e-05,0.005322011250005143,1.0
2011,export,world,4,3.3724137302263575,43.96972584999981,0.5
2011,import,aus,4,1.3273106344480377,69.35753441499996,0.75
2011,import,china,4,0.02197892065757372,16.35006697750001,0.75
2011,import,us,4,-0.06462417739693377,1.0369550599999942,1.0
2011,import,world,4,6.222126179008847,288.4205277000001,0.5
2012,export,aus,4,3.6198760118113102,186.56437836550003,0.5
2012,export,china,3,13.504136642647447,238.17112397000002,0.3333333333333333
2012,export,us,4,-0.08066669926014933,7.843359983500001,0.5
2012,export,world,4,-0.3039847969203273,764.9741752875002,0.0
2012,import,aus,4,6.526961360210281,112.63585759000001,0.5
2012,import,china,4,0.04337445363059512,37.746885160000005,0.5
2012,import,us,4,0.04208135815455935,11.788278037500001,0.75
2012,import,world,4,-2.002784832135883,206.15757505,0.75
2013,export,aus,3,0.4319084748873269,2.444018812333328,0.6666666666666666
2013,export,china,3,0.525286898563488,0.0003620356666664915,1.0
2013,export,us,3,0.4430261853102414,0.12531363866666254,0.6666666666666666
2013,export,world,3,-1.6520146543290097,28.718145883333367,0.3333333333333333
2013,import,aus,3,0.11786835225686244,0.08474048333333546,1.0
2013,import,china,3,3.407892448630923e-06,0.050089149999999215,1.0
2013,import,us,3,-4.369122233403911e-06,0.09714271666666956,1.0
2013,import,world,3,-0.35587158119531936,32.05582833333333,0.6666666666666666
2014,export,aus,5,-1.3237447680783424e-06,0.03561717960000391,1.0
2014,export,china,4,2.243863499420373e-06,0.00012831274999984218,1.0
2014,export,us,5,-7.09959894330609e-05,0.006210885799999888,1.0
2014,export,world,5,2.532565509389541,24.216502893799966,0.4
2014,import,aus,5,-5.715345278124102e-07,0.6542464994000033,0.8
2014,import,china,5,-5.096749127612235e-06,1.7621996086000038,0.8
2014,import,us,5,2.178700168561041e-06,0.4012989896000002,0.8
2014,import,world,5,2.8039344800139405,33.7970012122,0.8
2015,export,aus,5,-4.803561193654389e-06,0.5008322482000016,0.8
2015,export,china,4,-1.7724295663136591e-06,1.111499995535897e-06,1.0
2015,export,us,5,5.231491490839655e-07,0.07201393860000409,0.8
2015,export,world,5,9.916247352056248,45.397386273799995,0.2
2015,import,aus,5,-5.8992033297887234e-05,0.7532774401999982,1.0
2015,import,china,5,-1.0739912408641868e-05,11.536994954199987,0.6
2015,import,us,5,-5.566851530023161e-06,1.2144487029999997,0.6
2015,import,world,5,2.1731871515768417,36.44951581999993,0.4
2016,export,aus,4,4.926858628925541e-05,0.016809168249997453,1.0
2016,export,china,3,3.87826783255479e-06,4.803000017261638e-06,1.0
2016,export,us,5,6.685906916302058e-05,0.0017493152000009004,1.0
2016,export,world,5,2.532654693136687,42.32017159780001,0.6
2016,import,aus,5,2.7482092734916898e-06,3.471733498600012,0.8
2016,import,china,5,-1.0169967883384366e-05,11.17528010619999,0.6
2016,import,us,5,2.7138345008937857e-06,1.1447920671999972,0.8
2016,import,world,5,2.2429677581587018,26.41061138620004,0.8
2017,export,aus,6,-2.53145611827811e-05,1.6640407374999988,0.8333333333333334
2017,export,china,4,-2.307111299563681e-08,0.013137351249998203,0.75
2017,export,us,6,9.648538111445817e-05,0.15702483483333418,0.6666666666666666
2017,export,world,6,-2.159064649011718,43.433100162833334,0.16666666666666666
2017,import,aus,6,0.41830149872414174,2.854449435333328,0.5
2017,import,china,6,10.571324897175051,9.285356397500005,0.5
2017,import,us,6,9.933781298159001,10.853308299333335,0.3333333333333333
2017,import,world,6,4.8315173063046215,71.51574894183342,0.3333333333333333
2018,export,aus,6,-0.27549380237557897,0.46885240966666414,0.6666666666666666
2018,export,china,4,-1.8869326970496315e-06,0.07156530750000581,0.75
2018,export,us,6,5.2922128797366516e-05,1.4193316543333347,0.6666666666666666
2018,export,world,6,0.3243982503961988,4.136305967166657,0.5
2018,import,aus,6,-0.30349052625550277,1.2778014573333387,0.6666666666666666
2018,import,china,6,-0.05427002176112557,11.034697999500002,0.3333333333333333
2018,import,us,6,14.053238446035195,1.9437833410000012,0.5
2018,import,world,6,5.777952750784803,27.87427595983334,0.3333333333333333
2019,export,aus,4,-0.1323771668673591,5.93579506525,0.75
2019,export,china,3,10.774631132010514,1.3311586106665778,0.3333333333333333
2019,export,us,4,-0.6021972222258795,4.115862170749992,0.5
2019,export,world,4,0.059278958840465995,35.32384895124954,0.5
2019,import,aus,4,-0.6990331000350478,39.003280754250035,0.5
2019,import,china,4,1.5879554499960054,35.096223849499964,0.75
2019,import,us,4,-1.6302706377386609,5.9335223822500005,0.75
2019,import,world,4,-0.25433956860809137,61.36357973624995,0.75
2020,export,aus,4,4.671850473291469e-06,1.6378536024999195,0.75
2020,export,china,4,0.32766497467397604,0.07239445649997744,0.75
2020,export,us,4,6.0027076326001434e-05,0.4280479152500016,0.75
2020,export,world,4,0.43962499311834335,17.664849444249846,0.5
2020,import,aus,4,0.3018042109326858,19.40514820624995,0.75
2020,import,china,4,0.08854491102709378,69.66083853225,0.75
2020,import,us,4,-0.34265222573440324,2.0897931345000025,0.5
2020,import,world,4,0.7189832228597949,89.54534580574992,0.75
2021,export,aus,5,0.9968899786853443,1.3266412719999678,0.8
2021,export,china,3,0.056315852912607496,0.28469972466661564,1.0
2021,export,us,5,-1.5504108922855248e-06,9.402555865800002,0.6
2021,export,world,5,5.4507300316444285,30.316898511199867,0.4
2021,import,aus,5,-8.040405167509345e-06,16.138450076199994,0.6
2021,import,china,5,-8.015679320687468e-06,85.1464632896,0.4
2021,import,us,5,1.7244156214901646e-06,3.2096030670000055,0.8
2021,import,world,5,1.6532357164917366,136.74700773119997,0.6
2022,export,aus,4,-1.3320128362066816,188.94580030825006,0.5
2022,export,china,2,13.495288937781165,317.5553727669998,0.5
2022,export,us,4,10.763764437141528,13.144081077999997,0.5
2022,export,world,4,-2.3013812523119763,467.0846553242505,0.5
2022,import,aus,4,-3.5676665532444214,3.012514446750041,0.5
2022,import,china,4,-3.091004256448214,145.98673661775004,0.25
2022,import,us,4,1.3092822998883769,10.322116776000005,0.75
2022,import,world,4,-0.7710456226661684,191.37444963249996,0.5
2023,export,aus,4,4.035064026289801,48.313324259000076,0.5
2023,export,china,3,10.426305104993784,71.11369864133334,0.3333333333333333
2023,export,us,4,0.00010150267981259842,0.5571716665000017,0.75
2023,export,world,4,-0.6983737196184796,305.76885848925014,0.5
2023,import,aus,4,-6.876574377062054,35.42012141174999,0.25
2023,import,china,4,-11.259187075922616,84.55720820974996,0.25
2023,import,us,4,4.070486441631649,6.133887046000007,0.5
2023,import,world,4,-0.6395865093355703,56.834360040999954,0.75
2024,export,aus,2,2.2359164022748446,3.464174895499993,1.0
2024,export,china,1,0.019845942209972725,0.006567347999997253,1.0
2024,export,us,2,-0.8303567836458139,0.08242097149999106,1.0
2024,export,world,2,14.71299524472459,195.54672656500003,0.5
2024,import,aus,2,-6.14654008860681,5.9671545935000125,0.5
2024,import,china,2,-9.196235312430918,10.8176613185,0.5
2024,import,us,2,-0.2683480839234323,1.140037950500009,1.0
2024,import,world,2,2.0411686239255955,72.84684256949996,1.0
