year,flow,n_records
2002,export,7972
2002,import,56113
2003,export,12550
2003,import,76782
2004,export,13928
2004,import,88359
2005,export,13976
2005,import,81854
2006,export,14105
2006,import,80036
2007,export,15117
2007,import,99684
2008,export,15516
2008,import,98945
2009,export,17916
2009,import,115376
2010,export,19104
2010,import,115650
2011,export,22690
2011,import,141872
2012,export,23733
2012,import,138745
2013,export,23363
2013,import,125060
2014,export,22685
2014,import,119677
2015,export,22016
2015,import,121729
2016,export,21937
2016,import,123873
2017,export,24498
2017,import,130985
2018,export,23543
2018,import,129787
2019,export,24105
2019,import,126679
2020,export,21154
2020,import,116607
2021,export,23767
2021,import,124907
2022,export,24813
2022,import,125835
2023,export,25339
2023,import,129938
2024,export,20565
2024,import,107155
