country,year,n_records,present,iso3
Solomon Islands,2002,3157,1,SLB
Solomon Islands,2003,3514,1,SLB
Solomon Islands,2004,4169,1,SLB
Solomon Islands,2005,4556,1,SLB
Solomon Islands,2006,4604,1,SLB
Solomon Islands,2007,4849,1,SLB
Solomon Islands,2008,4531,1,SLB
Solomon Islands,2009,7861,1,SLB
Solomon Islands,2010,5324,1,SLB
Solomon Islands,2011,10526,1,SLB
Solomon Islands,2012,10620,1,SLB
Solomon Islands,2013,10111,1,SLB
Solomon Islands,2014,9882,1,SLB
Solomon Islands,2015,14871,1,SLB
Solomon Islands,2016,16109,1,SLB
Solomon Islands,2017,15404,1,SLB
Solomon Islands,2018,15417,1,SLB
Solomon Islands,2019,7091,1,SLB
Solomon Islands,2020,6141,1,SLB
Solomon Islands,2021,6462,1,SLB
Solomon Islands,2022,6585,1,SLB
Solomon Islands,2023,7007,1,SLB
Solomon Islands,2024,6782,1,SLB
Cook Islands,2002,2910,1,COK
Cook Islands,2003,3261,1,COK
Cook Islands,2004,3352,1,COK
Cook Islands,2005,6028,1,COK
Cook Islands,2006,3723,1,COK
Cook Islands,2007,3707,1,COK
Cook Islands,2008,3764,1,COK
Cook Islands,2009,3544,1,COK
Cook Islands,2010,3687,1,COK
Cook Islands,2011,3721,1,COK
Cook Islands,2012,3796,1,COK
Cook Islands,2013,4124,1,COK
Cook Islands,2014,3904,1,COK
Cook Islands,2015,4090,1,COK
Cook Islands,2016,4250,1,COK
Cook Islands,2017,4709,1,COK
Cook Islands,2018,4498,1,COK
Cook Islands,2019,4505,1,COK
Cook Islands,2020,4056,1,COK
Cook Islands,2021,4409,1,COK
Cook Islands,2022,5048,1,COK
Cook Islands,2023,5420,1,COK
Cook Islands,2024,5334,1,COK
Fiji,2002,11329,1,FJI
Fiji,2003,30665,1,FJI
Fiji,2004,31297,1,FJI
Fiji,2005,33878,1,FJI
Fiji,2006,33634,1,FJI
Fiji,2007,32737,1,FJI
Fiji,2008,33258,1,FJI
Fiji,2009,32845,1,FJI
Fiji,2010,34942,1,FJI
Fiji,2011,37336,1,FJI
Fiji,2012,37997,1,FJI
Fiji,2013,40305,1,FJI
Fiji,2014,40510,1,FJI
Fiji,2015,40898,1,FJI
Fiji,2016,41408,1,FJI
Fiji,2017,42170,1,FJI
Fiji,2018,41150,1,FJI
Fiji,2019,39592,1,FJI
Fiji,2020,36424,1,FJI
Fiji,2021,35971,1,FJI
Fiji,2022,37177,1,FJI
Fiji,2023,37959,1,FJI
Fiji,2024,36836,1,FJI
Kiribati,2002,1815,1,KIR
Kiribati,2003,2320,1,KIR
Kiribati,2004,2592,1,KIR
Kiribati,2005,7030,1,KIR
Kiribati,2006,6654,1,KIR
Kiribati,2007,6637,1,KIR
Kiribati,2008,6363,1,KIR
Kiribati,2009,6556,1,KIR
Kiribati,2010,6534,1,KIR
Kiribati,2011,7371,1,KIR
Kiribati,2012,8281,1,KIR
Kiribati,2013,8978,1,KIR
Kiribati,2014,9355,1,KIR
Kiribati,2015,9415,1,KIR
Kiribati,2016,9539,1,KIR
Kiribati,2017,9682,1,KIR
Kiribati,2018,9161,1,KIR
Kiribati,2019,4038,1,KIR
Kiribati,2020,8920,1,KIR
Kiribati,2021,9620,1,KIR
Kiribati,2022,3902,1,KIR
Kiribati,2023,4442,1,KIR
Kiribati,2024,4890,1,KIR
Nauru,2002,952,1,NRU
Nauru,2003,909,1,NRU
Nauru,2004,951,1,NRU
Nauru,2005,856,1,NRU
Nauru,2006,1020,1,NRU
Nauru,2007,1147,1,NRU
Nauru,2008,1202,1,NRU
Nauru,2009,1145,1,NRU
Nauru,2010,1266,1,NRU
Nauru,2011,1612,1,NRU
Nauru,2012,1874,1,NRU
Nauru,2013,2278,1,NRU
Nauru,2014,2449,1,NRU
Nauru,2015,2269,1,NRU
Nauru,2016,2415,1,NRU
Nauru,2017,2721,1,NRU
Nauru,2018,2876,1,NRU
Nauru,2019,2568,1,NRU
Nauru,2020,2386,1,NRU
Nauru,2021,3232,1,NRU
Nauru,2022,3657,1,NRU
Nauru,2023,3427,1,NRU
Nauru,2024,3414,1,NRU
Vanuatu,2002,3839,1,VUT
Vanuatu,2003,4629,1,VUT
Vanuatu,2004,5135,1,VUT
Vanuatu,2005,5284,1,VUT
Vanuatu,2006,5516,1,VUT
Vanuatu,2007,15789,1,VUT
Vanuatu,2008,6694,1,VUT
Vanuatu,2009,17313,1,VUT
Vanuatu,2010,17394,1,VUT
Vanuatu,2011,17125,1,VUT
Vanuatu,2012,7459,1,VUT
Vanuatu,2013,8003,1,VUT
Vanuatu,2014,8034,1,VUT
Vanuatu,2015,8591,1,VUT
Vanuatu,2016,8189,1,VUT
Vanuatu,2017,8267,1,VUT
Vanuatu,2018,7829,1,VUT
Vanuatu,2019,8148,1,VUT
Vanuatu,2020,7241,1,VUT
Vanuatu,2021,8004,1,VUT
Vanuatu,2022,8715,1,VUT
Vanuatu,2023,9718,1,VUT
Vanuatu,2024,8762,1,VUT
Niue,2002,956,1,NIU
Niue,2003,1010,1,NIU
Niue,2004,1225,1,NIU
Niue,2005,1233,1,NIU
Niue,2006,1336,1,NIU
Niue,2007,1222,1,NIU
Niue,2008,1478,1,NIU
Niue,2009,1693,1,NIU
Niue,2010,1315,1,NIU
Niue,2011,1500,1,NIU
Niue,2012,1569,1,NIU
Niue,2013,1596,1,NIU
Niue,2014,1739,1,NIU
Niue,2015,1661,1,NIU
Niue,2016,1574,1,NIU
Niue,2017,1632,1,NIU
Niue,2018,1873,1,NIU
Niue,2019,1811,1,NIU
Niue,2020,1522,1,NIU
Niue,2021,1566,1,NIU
Niue,2022,1670,1,NIU
Niue,2023,1732,1,NIU
Niue,2024,1616,1,NIU
Micronesia,2002,1748,1,FSM
Micronesia,2003,12337,1,FSM
Micronesia,2004,12431,1,FSM
Micronesia,2005,11217,1,FSM
Micronesia,2006,10980,1,FSM
Micronesia,2007,10117,1,FSM
Micronesia,2008,10237,1,FSM
Micronesia,2009,10527,1,FSM
Micronesia,2010,10160,1,FSM
Micronesia,2011,10193,1,FSM
Micronesia,2012,10274,1,FSM
Micronesia,2013,9888,1,FSM
Micronesia,2014,2289,1,FSM
Micronesia,2015,2449,1,FSM
Micronesia,2016,2400,1,FSM
Micronesia,2017,2692,1,FSM
Micronesia,2018,2830,1,FSM
Micronesia,2019,3009,1,FSM
Micronesia,2020,3039,1,FSM
Micronesia,2021,3056,1,FSM
Micronesia,2022,3263,1,FSM
Micronesia,2023,3562,1,FSM
Micronesia,2024,3741,1,FSM
Marshall Islands,2002,2141,1,MHL
Marshall Islands,2003,2309,1,MHL
Marshall Islands,2004,3036,1,MHL
Marshall Islands,2005,2749,1,MHL
Marshall Islands,2006,2970,1,MHL
Marshall Islands,2007,3573,1,MHL
Marshall Islands,2008,3475,1,MHL
Marshall Islands,2009,3522,1,MHL
Marshall Islands,2010,3448,1,MHL
Marshall Islands,2011,3416,1,MHL
Marshall Islands,2012,3782,1,MHL
Marshall Islands,2013,4360,1,MHL
Marshall Islands,2014,4778,1,MHL
Marshall Islands,2015,5357,1,MHL
Marshall Islands,2016,5484,1,MHL
Marshall Islands,2017,5738,1,MHL
Marshall Islands,2018,6831,1,MHL
Marshall Islands,2019,7777,1,MHL
Marshall Islands,2020,8474,1,MHL
Marshall Islands,2021,8475,1,MHL
Marshall Islands,2022,8743,1,MHL
Marshall Islands,2023,9443,1,MHL
Marshall Islands,2024,10192,1,MHL
Palau,2002,964,1,PLW
Palau,2003,875,1,PLW
Palau,2004,1695,1,PLW
Palau,2005,1844,1,PLW
Palau,2006,1766,1,PLW
Palau,2007,12510,1,PLW
Palau,2008,12244,1,PLW
Palau,2009,11589,1,PLW
Palau,2010,11101,1,PLW
Palau,2011,10888,1,PLW
Palau,2012,11979,1,PLW
Palau,2013,11896,1,PLW
Palau,2014,12625,1,PLW
Palau,2015,13798,1,PLW
Palau,2016,14399,1,PLW
Palau,2017,13871,1,PLW
Palau,2018,13525,1,PLW
Palau,2019,3035,1,PLW
Palau,2020,3071,1,PLW
Palau,2021,2780,1,PLW
Palau,2022,3167,1,PLW
Palau,2023,4142,1,PLW
Palau,2024,4466,1,PLW
Papua New Guinea,2002,24563,1,PNG
Papua New Guinea,2003,18609,1,PNG
Papua New Guinea,2004,26577,1,PNG
Papua New Guinea,2005,10877,1,PNG
Papua New Guinea,2006,11294,1,PNG
Papua New Guinea,2007,12061,1,PNG
Papua New Guinea,2008,13225,1,PNG
Papua New Guinea,2009,14406,1,PNG
Papua New Guinea,2010,15627,1,PNG
Papua New Guinea,2011,35441,1,PNG
Papua New Guinea,2012,38507,1,PNG
Papua New Guinea,2013,19397,1,PNG
Papua New Guinea,2014,18676,1,PNG
Papua New Guinea,2015,19602,1,PNG
Papua New Guinea,2016,19246,1,PNG
Papua New Guinea,2017,19970,1,PNG
Papua New Guinea,2018,19559,1,PNG
Papua New Guinea,2019,38379,1,PNG
Papua New Guinea,2020,35406,1,PNG
Papua New Guinea,2021,36446,1,PNG
Papua New Guinea,2022,38694,1,PNG
Papua New Guinea,2023,38003,1,PNG
Papua New Guinea,2024,18644,1,PNG
Tonga,2002,3083,1,TON
Tonga,2003,3556,1,TON
Tonga,2004,3854,1,TON
Tonga,2005,3828,1,TON
Tonga,2006,3896,1,TON
Tonga,2007,3885,1,TON
Tonga,2008,11264,1,TON
Tonga,2009,11155,1,TON
Tonga,2010,11173,1,TON
Tonga,2011,12062,1,TON
Tonga,2012,12617,1,TON
Tonga,2013,13146,1,TON
Tonga,2014,13264,1,TON
Tonga,2015,4762,1,TON
Tonga,2016,5258,1,TON
Tonga,2017,12494,1,TON
Tonga,2018,11420,1,TON
Tonga,2019,14024,1,TON
Tonga,2020,12777,1,TON
Tonga,2021,13708,1,TON
Tonga,2022,13362,1,TON
Tonga,2023,13624,1,TON
Tonga,2024,5521,1,TON
Tuvalu,2002,3053,1,TUV
Tuvalu,2003,1222,1,TUV
Tuvalu,2004,1278,1,TUV
Tuvalu,2005,1318,1,TUV
Tuvalu,2006,1489,1,TUV
Tuvalu,2007,1312,1,TUV
Tuvalu,2008,1403,1,TUV
Tuvalu,2009,1301,1,TUV
Tuvalu,2010,1447,1,TUV
Tuvalu,2011,1771,1,TUV
Tuvalu,2012,1775,1,TUV
Tuvalu,2013,1621,1,TUV
Tuvalu,2014,1664,1,TUV
Tuvalu,2015,1864,1,TUV
Tuvalu,2016,1689,1,TUV
Tuvalu,2017,1850,1,TUV
Tuvalu,2018,1913,1,TUV
Tuvalu,2019,2063,1,TUV
Tuvalu,2020,2077,1,TUV
Tuvalu,2021,2385,1,TUV
Tuvalu,2022,2299,1,TUV
Tuvalu,2023,2455,1,TUV
Tuvalu,2024,2752,1,TUV
Samoa,2002,3575,1,WSM
Samoa,2003,4116,1,WSM
Samoa,2004,4695,1,WSM
Samoa,2005,5132,1,WSM
Samoa,2006,5259,1,WSM
Samoa,2007,5255,1,WSM
Samoa,2008,5323,1,WSM
Samoa,2009,9835,1,WSM
Samoa,2010,11336,1,WSM
Samoa,2011,11600,1,WSM
Samoa,2012,11948,1,WSM
Samoa,2013,12720,1,WSM
Samoa,2014,13193,1,WSM
Samoa,2015,14118,1,WSM
Samoa,2016,13850,1,WSM
Samoa,2017,14283,1,WSM
Samoa,2018,14448,1,WSM
Samoa,2019,14744,1,WSM
Samoa,2020,6227,1,WSM
Samoa,2021,12560,1,WSM
Samoa,2022,14366,1,WSM
Samoa,2023,14343,1,WSM
Samoa,2024,14770,1,WSM
