country,year,iso3,emdat_n_events,emdat_affected,emdat_deaths,emdat_damage_usd,emdat_types,emdat_has_disaster
Cook Islands,2005,COK,1,608.0,0.0,0.0,Storm,1
Cook Islands,2010,COK,1,2202.0,0.0,0.0,Storm,1
Fiji,2003,FJI,1,30000.0,17.0,30000000.0,Storm,1
Fiji,2004,FJI,2,5600.0,16.0,4000000.0,Flood;Storm,1
Fiji,2006,FJI,2,392.0,4.0,500000.0,Flood;Storm,1
Fiji,2007,FJI,4,969.0,7.0,37652000.0,Flood;Storm,1
Fiji,2008,FJI,1,0.0,7.0,30000000.0,Storm,1
Fiji,2009,FJI,2,14401.0,14.0,56547000.0,Flood;Storm,1
Fiji,2010,FJI,1,39101.0,2.0,39427000.0,Storm,1
Fiji,2012,FJI,3,27945.0,17.0,97400000.0,Flood;Storm,1
Fiji,2015,FJI,1,67000.0,0.0,0.0,Drought,1
Fiji,2016,FJI,2,545558.0,47.0,600000000.0,Storm,1
Fiji,2018,FJI,2,179200.0,7.0,60000000.0,Storm,1
Fiji,2019,FJI,1,7780.0,1.0,0.0,Storm,1
Fiji,2020,FJI,3,205115.0,8.0,14120000.0,Storm,1
Fiji,2021,FJI,1,82751.0,6.0,10000000.0,Storm,1
Fiji,2022,FJI,1,69564.0,1.0,25000000.0,Storm,1
Fiji,2023,FJI,1,230000.0,0.0,0.0,Storm,1
Kiribati,2008,KIR,1,85.0,0.0,0.0,Flood,1
Kiribati,2014,KIR,1,220.0,0.0,0.0,Flood,1
Kiribati,2015,KIR,1,1500.0,0.0,0.0,Storm,1
Marshall Islands,2008,MHL,1,600.0,0.0,0.0,Flood,1
Marshall Islands,2013,MHL,1,6384.0,0.0,0.0,Drought,1
Marshall Islands,2014,MHL,1,360.0,0.0,0.0,Flood,1
Marshall Islands,2015,MHL,1,21000.0,0.0,4900000.0,Drought,1
Marshall Islands,2019,MHL,1,0.0,0.0,0.0,Storm,1
Marshall Islands,2022,MHL,1,4480.0,0.0,0.0,Drought,1
Marshall Islands,2024,MHL,2,33456.0,0.0,0.0,Drought;Storm,1
Micronesia,2002,FSM,2,1623.0,47.0,500000.0,Storm,1
Micronesia,2003,FSM,1,1000.0,0.0,0.0,Storm,1
Micronesia,2004,FSM,1,6008.0,1.0,0.0,Storm,1
Micronesia,2008,FSM,1,0.0,0.0,0.0,Flood,1
Micronesia,2015,FSM,1,35000.0,5.0,11000000.0,Storm,1
Micronesia,2016,FSM,1,100000.0,0.0,0.0,Drought,1
Micronesia,2019,FSM,1,10000.0,0.0,0.0,Storm,1
Micronesia,2023,FSM,1,113401.0,0.0,0.0,Drought,1
Niue,2004,NIU,1,702.0,1.0,40000000.0,Storm,1
Palau,2012,PLW,1,1250.0,0.0,0.0,Storm,1
Palau,2013,PLW,1,0.0,0.0,0.0,Storm,1
Palau,2015,PLW,1,14200.0,0.0,0.0,Drought,1
Palau,2021,PLW,1,7288.0,0.0,0.0,Storm,1
Papua New Guinea,2002,PNG,4,18644.0,41.0,0.0,Earthquake;Mass movement (wet);Volcanic activity,1
Papua New Guinea,2003,PNG,2,621.0,13.0,0.0,Mass movement (wet),1
Papua New Guinea,2004,PNG,2,19600.0,0.0,0.0,Flood;Volcanic activity,1
Papua New Guinea,2005,PNG,3,17693.0,2.0,0.0,Earthquake;Flood;Volcanic activity,1
Papua New Guinea,2006,PNG,6,25999.0,16.0,0.0,Flood;Mass movement (wet);Volcanic activity,1
Papua New Guinea,2007,PNG,1,162140.0,172.0,0.0,Storm,1
Papua New Guinea,2008,PNG,3,75300.0,10.0,0.0,Flood;Mass movement (dry),1
Papua New Guinea,2009,PNG,1,0.0,19.0,0.0,Mass movement (wet),1
Papua New Guinea,2011,PNG,1,0.0,0.0,0.0,Storm,1
Papua New Guinea,2012,PNG,2,200000.0,65.0,27000000.0,Flood;Mass movement (wet),1
Papua New Guinea,2013,PNG,1,35000.0,0.0,0.0,Flood,1
Papua New Guinea,2014,PNG,3,40726.0,0.0,0.0,Flood;Storm;Volcanic activity,1
Papua New Guinea,2015,PNG,3,2549199.0,24.0,60000000.0,Drought;Flood;Storm,1
Papua New Guinea,2016,PNG,1,6600.0,0.0,0.0,Flood,1
Papua New Guinea,2018,PNG,4,545036.0,181.0,61000000.0,Earthquake;Volcanic activity,1
Papua New Guinea,2019,PNG,4,16801.0,12.0,0.0,Earthquake;Flood;Mass movement (wet);Volcanic activity,1
Papua New Guinea,2020,PNG,5,61000.0,42.0,0.0,Flood;Mass movement (wet),1
Papua New Guinea,2022,PNG,1,1969.0,7.0,0.0,Earthquake,1
Papua New Guinea,2023,PNG,1,16274.0,8.0,0.0,Earthquake,1
Papua New Guinea,2024,PNG,3,12851.0,698.0,60000000.0,Earthquake;Mass movement (wet),1
Samoa,2004,WSM,1,0.0,1.0,0.0,Storm,1
Samoa,2005,WSM,1,0.0,9.0,0.0,Storm,1
Samoa,2009,WSM,1,5584.0,148.0,124040000.0,Earthquake,1
Samoa,2012,WSM,1,12703.0,12.0,133000000.0,Storm,1
Samoa,2015,WSM,1,0.0,0.0,0.0,Drought,1
Samoa,2018,WSM,1,0.0,0.0,0.0,Storm,1
Solomon Islands,2002,SLB,1,1110.0,0.0,0.0,Storm,1
Solomon Islands,2003,SLB,2,425.0,0.0,0.0,Storm,1
Solomon Islands,2007,SLB,1,2384.0,52.0,0.0,Earthquake,1
Solomon Islands,2009,SLB,1,7000.0,21.0,0.0,Flood,1
Solomon Islands,2010,SLB,3,17938.0,2.0,0.0,Earthquake;Flood;Storm,1
Solomon Islands,2011,SLB,1,0.0,0.0,0.0,Storm,1
Solomon Islands,2012,SLB,1,4836.0,0.0,0.0,Flood,1
Solomon Islands,2013,SLB,2,13556.0,10.0,4000000.0,Earthquake;Flood,1
Solomon Islands,2014,SLB,1,52000.0,47.0,24000000.0,Flood,1
Solomon Islands,2015,SLB,3,44496.0,9.0,2000000.0,Drought;Storm,1
Solomon Islands,2016,SLB,1,9770.0,0.0,0.0,Earthquake,1
Solomon Islands,2018,SLB,1,1000.0,0.0,0.0,Storm,1
Solomon Islands,2020,SLB,1,150000.0,48.0,0.0,Storm,1
Solomon Islands,2023,SLB,1,22319.0,0.0,0.0,Storm,1
Tonga,2004,TON,1,0.0,0.0,0.0,Storm,1
Tonga,2009,TON,1,507.0,9.0,9500000.0,Earthquake,1
Tonga,2011,TON,1,7600.0,3.0,3000000.0,Storm,1
Tonga,2014,TON,1,4014.0,1.0,31000000.0,Storm,1
Tonga,2015,TON,1,0.0,0.0,0.0,Drought,1
Tonga,2016,TON,3,392.0,0.0,0.0,Storm,1
Tonga,2018,TON,1,87000.0,0.0,0.0,Storm,1
Tonga,2020,TON,1,25000.0,0.0,111000000.0,Storm,1
Tonga,2022,TON,1,84176.0,4.0,118000000.0,Volcanic activity,1
Tuvalu,2011,TUV,1,0.0,0.0,0.0,Drought,1
Tuvalu,2015,TUV,1,4613.0,0.0,0.0,Storm,1
Tuvalu,2020,TUV,1,5500.0,0.0,0.0,Storm,1
Tuvalu,2021,TUV,1,10204.0,0.0,0.0,Drought,1
Vanuatu,2002,VUT,3,4004.0,0.0,0.0,Earthquake;Flood,1
Vanuatu,2004,VUT,1,54008.0,2.0,0.0,Storm,1
Vanuatu,2005,VUT,1,5000.0,0.0,0.0,Volcanic activity,1
Vanuatu,2006,VUT,1,0.0,0.0,0.0,Volcanic activity,1
Vanuatu,2008,VUT,1,9000.0,0.0,0.0,Volcanic activity,1
Vanuatu,2009,VUT,2,1350.0,0.0,0.0,Flood;Volcanic activity,1
Vanuatu,2011,VUT,2,32000.0,0.0,0.0,Storm,1
Vanuatu,2014,VUT,1,20006.0,12.0,2000000.0,Storm,1
Vanuatu,2015,VUT,1,188000.0,11.0,449400000.0,Storm,1
Vanuatu,2017,VUT,2,13564.0,0.0,0.0,Storm;Volcanic activity,1
Vanuatu,2018,VUT,2,13586.0,0.0,0.0,Volcanic activity,1
Vanuatu,2020,VUT,1,130120.0,3.0,0.0,Storm,1
Vanuatu,2021,VUT,1,3383.0,0.0,0.0,Volcanic activity,1
Vanuatu,2023,VUT,3,593702.0,0.0,0.0,Storm,1
Vanuatu,2024,VUT,1,80265.0,14.0,100000000.0,Earthquake,1
