country,year,partner,lowy_spent_usd,lowy_committed_usd,lowy_spent_total_usd,lowy_committed_total_usd,lowy_spent_share
Cook Islands,2006,aus,1670559.0,1301093.0,37532892.0,39750028.0,0.044509200090416694
Cook Islands,2006,china,2750000.0,3047879.0,37532892.0,39750028.0,0.0732690675687874
Cook Islands,2007,aus,2727084.0,2683367.0,9025639.0,19569340.0,0.30214857917539134
Cook Islands,2007,china,,9600000.0,9025639.0,19569340.0,
Cook Islands,2008,aus,641674.0,8928499.0,13065583.0,32831487.0,0.04911177710171831
Cook Islands,2008,china,8317901.0,13710756.0,13065583.0,32831487.0,0.6366268539260743
Cook Islands,2009,aus,2972499.0,4347880.0,38582536.0,35167801.0,0.07704260290199691
Cook Islands,2009,china,6392855.0,,38582536.0,35167801.0,0.16569297051909704
Cook Islands,2010,aus,3565031.0,679088.0,24524927.0,22226520.0,0.14536357233601552
Cook Islands,2010,us,60680.0,60680.0,24524927.0,22226520.0,0.00247421735444921
Cook Islands,2011,aus,5547733.0,5547733.0,34476600.0,39930802.0,0.16091299606109652
Cook Islands,2011,china,475000.0,950000.0,34476600.0,39930802.0,0.013777460654472889
Cook Islands,2012,aus,4409951.0,4409951.0,36009315.0,40426814.0,0.12246695056543008
Cook Islands,2012,china,1475000.0,19693564.0,36009315.0,40426814.0,0.04096162340216691
Cook Islands,2012,us,12000.0,30000.0,36009315.0,40426814.0,0.0003332471056447478
Cook Islands,2013,aus,5258002.0,5258002.0,25562943.0,40328619.0,0.2056884451841089
Cook Islands,2013,china,220000.0,220000.0,25562943.0,40328619.0,0.00860620782200234
Cook Islands,2014,aus,2736520.0,2736520.0,38401175.0,37647039.0,0.07126136114324627
Cook Islands,2014,china,7461188.0,6500000.0,38401175.0,37647039.0,0.19429582558346195
Cook Islands,2015,aus,3150184.0,3150184.0,38159810.0,49150504.0,0.08255240264561066
Cook Islands,2015,china,9593188.0,2724645.0,38159810.0,49150504.0,0.2513950672186261
Cook Islands,2016,aus,3298706.0,3298706.0,33401569.0,69044777.0,0.09875901338646696
Cook Islands,2016,china,12756208.0,31498240.0,33401569.0,69044777.0,0.3819044548476151
Cook Islands,2017,aus,2360656.0,2360656.0,40465919.0,16495498.0,0.05833689332497305
Cook Islands,2017,china,12343905.0,82000.0,40465919.0,16495498.0,0.3050444745861326
Cook Islands,2018,aus,2105521.0,2105521.0,54496697.0,68199212.0,0.03863575438342621
Cook Islands,2018,china,16573950.0,33321284.0,54496697.0,68199212.0,0.30412760611895434
Cook Islands,2019,aus,3182005.0,3182005.0,52677431.0,24816230.0,0.060405470418631466
Cook Islands,2019,china,16946230.0,,52677431.0,24816230.0,0.3216981101451208
Cook Islands,2020,china,59349.0,248194.0,64425663.0,51580130.0,0.0009212012300129531
Cook Islands,2021,china,393638.0,62637.0,1809427.0,604587.0,0.21754842831459903
Cook Islands,2022,china,51813.0,0.0,4140257.0,3882838.0,0.012514440528691818
Cook Islands,2023,china,94005.0,94005.0,179729.0,179729.0,0.5230374619566125
Cook Islands,2024,china,71314.0,1536216.0,71314.0,1536216.0,1.0
Fiji,2002,aus,,17733410.0,,17733410.0,
Fiji,2003,aus,,249379.0,,249379.0,
Fiji,2004,aus,,0.0,,0.0,
Fiji,2005,aus,,0.0,,0.0,
Fiji,2006,aus,23874170.0,15602858.0,77469213.0,96702421.0,0.30817622995602134
Fiji,2006,china,25397160.0,20693708.0,77469213.0,96702421.0,0.32783552351306317
Fiji,2006,us,1338000.0,1743000.0,77469213.0,96702421.0,0.017271377211486583
Fiji,2007,aus,20928883.0,18068985.0,50010802.0,39177900.0,0.4184872500145069
Fiji,2007,china,2699516.0,,50010802.0,39177900.0,0.053978658450628325
Fiji,2007,us,1208263.0,1430404.0,50010802.0,39177900.0,0.024160040464857972
Fiji,2008,aus,20127473.0,30961359.0,59122685.0,90629339.0,0.34043570585469857
Fiji,2008,china,11075551.0,,59122685.0,90629339.0,0.18733166465629902
Fiji,2008,us,1269534.0,1754083.0,59122685.0,90629339.0,0.02147287458274265
Fiji,2009,aus,23639347.0,33918318.0,97878235.0,113866278.0,0.24151791253693938
Fiji,2009,china,6078971.0,12490000.0,97878235.0,113866278.0,0.06210748487648965
Fiji,2009,us,1937553.0,2622553.0,97878235.0,113866278.0,0.019795544944184985
Fiji,2010,aus,39217639.0,31723078.0,107188388.0,145244815.0,0.3658758166976072
Fiji,2010,china,7598140.0,30421327.0,107188388.0,145244815.0,0.07088585006054947
Fiji,2010,us,1812970.0,1729910.0,107188388.0,145244815.0,0.016913865707169698
Fiji,2011,aus,39955110.0,41153662.0,121346869.0,181929414.0,0.3292636252526631
Fiji,2011,china,17564431.0,100393368.0,121346869.0,181929414.0,0.14474564646575266
Fiji,2011,us,1861530.0,1941100.0,121346869.0,181929414.0,0.015340568861319364
Fiji,2012,aus,60876156.0,60876155.0,202924562.0,259194999.0,0.2999940243803508
Fiji,2012,china,54204340.0,116526633.0,202924562.0,259194999.0,0.2671157176133267
Fiji,2012,us,1713090.0,1847070.0,202924562.0,259194999.0,0.008442004176901956
Fiji,2013,aus,50209560.0,50209560.0,168002377.0,140867570.0,0.2988622000270865
Fiji,2013,china,55608396.0,2231431.0,168002377.0,140867570.0,0.33099767391981605
Fiji,2013,us,1922390.0,1551740.0,168002377.0,140867570.0,0.011442635719374376
Fiji,2014,aus,49676540.0,49676540.0,178795019.0,316877201.0,0.27784073783397734
Fiji,2014,china,54026202.0,31120755.0,178795019.0,316877201.0,0.3021683842322252
Fiji,2014,us,2024400.0,2665270.0,178795019.0,316877201.0,0.011322463071524382
Fiji,2015,aus,43540442.0,43540442.0,168035911.0,202333679.0,0.25911391047833815
Fiji,2015,china,50420203.0,8259284.0,168035911.0,202333679.0,0.3000561171712873
Fiji,2015,us,1841642.0,1501904.0,168035911.0,202333679.0,0.01095981203684491
Fiji,2016,aus,59268694.0,59268694.0,221428829.0,259402302.0,0.267664758322865
Fiji,2016,china,42719686.0,7194990.0,221428829.0,259402302.0,0.19292738977542984
Fiji,2016,us,3522921.0,5132136.0,221428829.0,259402302.0,0.015909947299590336
Fiji,2017,aus,48636141.0,48636141.0,239543513.0,185085391.0,0.2030367693572232
Fiji,2017,china,23069637.0,24699008.0,239543513.0,185085391.0,0.09630666558689067
Fiji,2017,us,2492760.0,2059990.0,239543513.0,185085391.0,0.010406293072941617
Fiji,2018,aus,50281366.0,50281366.0,200890946.0,189106384.0,0.25029184739863786
Fiji,2018,china,35827471.0,16541074.0,200890946.0,189106384.0,0.1783428855972434
Fiji,2018,us,2295800.0,2066030.0,200890946.0,189106384.0,0.011428090940444871
Fiji,2019,aus,42748826.0,42748826.0,155493319.0,252984643.0,0.27492387631136744
Fiji,2019,china,4986071.0,21354514.0,155493319.0,252984643.0,0.032066142983287915
Fiji,2019,us,2828072.0,2029141.0,155493319.0,252984643.0,0.018187739628864698
Fiji,2020,aus,48111435.0,54899652.0,557678572.0,489110566.0,0.08627090481073746
Fiji,2020,china,3561857.0,1250485.0,557678572.0,489110566.0,0.006386935376100482
Fiji,2020,us,1933182.0,4465382.0,557678572.0,489110566.0,0.0034664806880907017
Fiji,2021,aus,194024884.0,199042592.0,695970066.0,645345716.0,0.2787833751459075
Fiji,2021,china,2463645.0,1654188.0,695970066.0,645345716.0,0.0035398720726014673
Fiji,2021,us,2582410.0,4053650.0,695970066.0,645345716.0,0.003710518779697057
Fiji,2022,aus,57703638.0,108003638.0,588754187.0,683711277.0,0.09800972846414764
Fiji,2022,china,303665.0,10103665.0,588754187.0,683711277.0,0.0005157755251768596
Fiji,2022,us,3087482.0,7732338.0,588754187.0,683711277.0,0.005244093491262084
Fiji,2023,aus,105028262.0,206528262.0,243475197.0,374595146.0,0.43137150434259636
Fiji,2023,china,16397767.0,5752743.0,243475197.0,374595146.0,0.0673488191078453
Fiji,2023,us,6507029.0,7857492.0,243475197.0,374595146.0,0.026725633987268117
Fiji,2024,china,64060.0,134875826.0,64060.0,134875826.0,1.0
Kiribati,2005,aus,,202516.0,,202516.0,
Kiribati,2006,aus,7197780.0,9928581.0,25885622.0,18069194.0,0.27806092509579255
Kiribati,2006,us,772000.0,1074000.0,25885622.0,18069194.0,0.029823505882918325
Kiribati,2007,aus,6164849.0,8024215.0,27127123.0,30806717.0,0.22725775232412224
Kiribati,2007,us,709833.0,914347.0,27127123.0,30806717.0,0.026166910512404874
Kiribati,2008,aus,8591193.0,20297618.0,27478991.0,33959151.0,0.31264586825622526
Kiribati,2008,us,473226.0,633497.0,27478991.0,33959151.0,0.01722137468584636
Kiribati,2009,aus,10355385.0,8812890.0,34186248.0,27167111.0,0.30291083712959666
Kiribati,2009,us,20000.0,30000.0,34186248.0,27167111.0,0.0005850305655069255
Kiribati,2010,aus,15094430.0,20526570.0,29287946.0,34172202.0,0.5153802864837295
Kiribati,2011,aus,41800870.0,41883337.0,77022290.0,178034316.0,0.5427113371986213
Kiribati,2012,aus,31186480.0,31186480.0,81646929.0,85686098.0,0.38196758141387044
Kiribati,2013,aus,30151223.0,30151223.0,76555088.0,93031642.0,0.3938500207850326
Kiribati,2013,us,,25000.0,76555088.0,93031642.0,
Kiribati,2014,aus,24529572.0,24529572.0,108496832.0,98931331.0,0.2260856058912393
Kiribati,2015,aus,22787640.0,22787640.0,73435372.0,59855828.0,0.3103087705472507
Kiribati,2015,us,50000.0,50000.0,73435372.0,59855828.0,0.0006808707934372553
Kiribati,2016,aus,19180464.0,19180464.0,67405912.0,105450768.0,0.28455165772402874
Kiribati,2017,aus,20666312.0,20666312.0,86849384.0,103304955.0,0.2379557694963041
Kiribati,2018,aus,20786936.0,20786936.0,91517065.0,114166306.0,0.2271372666944684
Kiribati,2019,aus,20497012.0,20497012.0,72062399.0,120644070.0,0.2844342165183815
Kiribati,2020,aus,18860176.0,19460336.0,64361004.0,231867007.0,0.2930373180629687
Kiribati,2020,china,4407951.0,46707828.0,64361004.0,231867007.0,0.06848791544644021
Kiribati,2020,us,217466.0,440499.0,64361004.0,231867007.0,0.0033788472286728154
Kiribati,2021,aus,30196684.0,30196684.0,109636702.0,110661841.0,0.2754249576022453
Kiribati,2021,china,33048487.0,19833468.0,109636702.0,110661841.0,0.3014363474742245
Kiribati,2021,us,221380.0,413600.0,109636702.0,110661841.0,0.0020192143320764975
Kiribati,2022,aus,27113412.0,27113412.0,116473138.0,172710065.0,0.23278682506175802
Kiribati,2022,china,23813355.0,33773609.0,116473138.0,172710065.0,0.20445362260266398
Kiribati,2022,us,421540.0,901713.0,116473138.0,172710065.0,0.0036192035969701444
Kiribati,2023,aus,28360947.0,28360947.0,123492575.0,171550516.0,0.22965710286630592
Kiribati,2023,china,24038357.0,26776755.0,123492575.0,171550516.0,0.19465426970002042
Kiribati,2023,us,435781.0,29550913.0,123492575.0,171550516.0,0.0035288032499119887
Kiribati,2024,china,4175268.0,0.0,4175268.0,0.0,1.0
Marshall Islands,2006,aus,809725.0,639530.0,55212987.0,55628319.0,0.014665480786250525
Marshall Islands,2006,us,50979000.0,51361000.0,55212987.0,55628319.0,0.9233153786807441
Marshall Islands,2007,aus,664118.0,917001.0,52700321.0,53786084.0,0.012601782824055285
Marshall Islands,2007,us,48123440.0,48123440.0,52700321.0,53786084.0,0.9131526921818939
Marshall Islands,2008,aus,530199.0,786651.0,52768338.0,52638038.0,0.010047672905673094
Marshall Islands,2008,us,47255564.0,47255564.0,52768338.0,52638038.0,0.8955287543829786
Marshall Islands,2009,aus,1626875.0,2493604.0,61153478.0,78389255.0,0.02660314757567836
Marshall Islands,2009,us,49092539.0,49207500.0,61153478.0,78389255.0,0.8027759107993825
Marshall Islands,2010,aus,1661658.0,1260969.0,35788536.0,34916539.0,0.04642989587503663
Marshall Islands,2010,us,9689980.0,20415180.0,35788536.0,34916539.0,0.27075653499768754
Marshall Islands,2011,aus,2588173.0,2595156.0,88300442.0,110450591.0,0.029310985781928475
Marshall Islands,2011,us,75183520.0,99805360.0,88300442.0,110450591.0,0.8514512305612242
Marshall Islands,2012,aus,8105650.0,8105650.0,92840282.0,134285017.0,0.08730746854043378
Marshall Islands,2012,us,67625350.0,74024600.0,92840282.0,134285017.0,0.7284052627069788
Marshall Islands,2013,aus,4812196.0,4812196.0,104503348.0,101776227.0,0.046048247181516136
Marshall Islands,2013,us,70568090.0,79002440.0,104503348.0,101776227.0,0.6752710927500619
Marshall Islands,2014,aus,2906687.0,2906687.0,65868076.0,98692120.0,0.04412891914438187
Marshall Islands,2014,us,47411100.0,74035640.0,65868076.0,98692120.0,0.7197887486496494
Marshall Islands,2015,aus,3581130.0,3581130.0,71125886.0,118962825.0,0.0503491794815744
Marshall Islands,2015,us,45982965.0,85852131.0,71125886.0,118962825.0,0.6465011205624911
Marshall Islands,2016,aus,1339589.0,1339589.0,23578738.0,49986523.0,0.05681343081211556
Marshall Islands,2016,us,6904614.0,17927761.0,23578738.0,49986523.0,0.29283221180030927
Marshall Islands,2017,aus,9580091.0,9580091.0,82788898.0,204995336.0,0.11571709772003488
Marshall Islands,2017,us,56534370.0,96233060.0,82788898.0,204995336.0,0.6828738075484468
Marshall Islands,2018,aus,814006.0,814006.0,65218689.0,142130289.0,0.012481176982873729
Marshall Islands,2018,us,42129410.0,86535420.0,65218689.0,142130289.0,0.6459714331270903
Marshall Islands,2019,aus,2054915.0,2054915.0,77975226.0,177455442.0,0.026353434358753893
Marshall Islands,2019,us,42084932.0,88979078.0,77975226.0,177455442.0,0.5397218342143696
Marshall Islands,2020,aus,2075767.0,2075767.0,190931431.0,178199028.0,0.010871793026052373
Marshall Islands,2020,us,104496599.0,87432335.0,190931431.0,178199028.0,0.5472990929398104
Marshall Islands,2021,aus,3238563.0,3238563.0,115257835.0,187459491.0,0.028098419513085598
Marshall Islands,2021,us,88239020.0,107050460.0,115257835.0,187459491.0,0.7655793638671071
Marshall Islands,2022,aus,3921120.0,3921120.0,143642573.0,184780354.0,0.027297756633752307
Marshall Islands,2022,us,87781073.0,105339829.0,143642573.0,184780354.0,0.6111076345033167
Marshall Islands,2023,aus,2154691.0,2154691.0,136210129.0,89457376.0,0.01581887496780801
Marshall Islands,2023,us,83003764.0,50184244.0,136210129.0,89457376.0,0.6093802612873233
Micronesia,2006,aus,2286029.0,1274698.0,106654072.0,111665094.0,0.021434052700772643
Micronesia,2006,us,98561000.0,99514000.0,106654072.0,111665094.0,0.9241184902907411
Micronesia,2007,aus,1527901.0,2064599.0,116031340.0,109111759.0,0.013168002713749578
Micronesia,2007,china,4400000.0,,116031340.0,109111759.0,0.03792078933157197
Micronesia,2007,us,99576089.0,99851046.0,116031340.0,109111759.0,0.8581827030524685
Micronesia,2008,aus,1935315.0,3193800.0,96621652.0,121114438.0,0.02002982726894382
Micronesia,2008,china,5063245.0,3903245.0,96621652.0,121114438.0,0.05240279890888225
Micronesia,2008,us,79839071.0,80115495.0,96621652.0,121114438.0,0.8263062092956142
Micronesia,2009,aus,2522310.0,4080172.0,134790384.0,148708080.0,0.018712833402121622
Micronesia,2009,china,13153152.0,13683152.0,134790384.0,148708080.0,0.09758227263452265
Micronesia,2009,us,107556333.0,107955421.0,134790384.0,148708080.0,0.7979525675956232
Micronesia,2010,aus,2106575.0,1730082.0,67684158.0,99277739.0,0.031123605024383993
Micronesia,2010,china,1476667.0,4430000.0,67684158.0,99277739.0,0.02181702548475228
Micronesia,2010,us,45306380.0,89572080.0,67684158.0,99277739.0,0.669379384168449
Micronesia,2011,aus,2493533.0,2567840.0,147805709.0,149911579.0,0.016870342944601685
Micronesia,2011,china,9376740.0,7900074.0,147805709.0,149911579.0,0.06343963344474063
Micronesia,2011,us,97991870.0,134537200.0,147805709.0,149911579.0,0.6629775714549699
Micronesia,2012,aus,8294789.0,8294787.0,148280596.0,129517753.0,0.0559398142694274
Micronesia,2012,china,1526667.0,50000.0,148280596.0,129517753.0,0.010295797570168925
Micronesia,2012,us,126526930.0,112545240.0,148280596.0,129517753.0,0.8532939131159144
Micronesia,2013,aus,3855186.0,3855186.0,229028157.0,209159207.0,0.016832803662651837
Micronesia,2013,china,82608522.0,49204204.0,229028157.0,209159207.0,0.3606915546196357
Micronesia,2013,us,114078170.0,103449980.0,229028157.0,209159207.0,0.4980967034546761
Micronesia,2014,aus,3656473.0,3656473.0,125690264.0,304863847.0,0.029091139469641022
Micronesia,2014,china,4233333.0,62723519.0,125690264.0,304863847.0,0.03368067553744656
Micronesia,2014,us,104334450.0,166116670.0,125690264.0,304863847.0,0.8300917404390208
Micronesia,2015,aus,2829654.0,2829654.0,92054924.0,150468509.0,0.030738757657330747
Micronesia,2015,china,6513546.0,12530213.0,92054924.0,150468509.0,0.07075717101238387
Micronesia,2015,us,60376196.0,123065625.0,92054924.0,150468509.0,0.6558714447474857
Micronesia,2016,aus,1240548.0,1240548.0,75248092.0,134465559.0,0.016486105720793558
Micronesia,2016,china,19411178.0,66782845.0,75248092.0,134465559.0,0.2579623945813802
Micronesia,2016,us,29556872.0,45289814.0,75248092.0,134465559.0,0.3927923115977479
Micronesia,2017,aus,13628504.0,13628504.0,113251639.0,193304850.0,0.12033824958595081
Micronesia,2017,china,10800000.0,15850091.0,113251639.0,193304850.0,0.0953628582805764
Micronesia,2017,us,69732910.0,114143040.0,113251639.0,193304850.0,0.6157342235020545
Micronesia,2018,aus,2802839.0,2802839.0,108503834.0,175424250.0,0.025831704711927507
Micronesia,2018,china,5200000.0,45000.0,108503834.0,175424250.0,0.047924573798931384
Micronesia,2018,us,55430140.0,121477400.0,108503834.0,175424250.0,0.5108588144452112
Micronesia,2019,aus,4417895.0,4417895.0,105067872.0,264526153.0,0.042048010642111416
Micronesia,2019,china,8557085.0,40661051.0,105067872.0,264526153.0,0.08144340260360465
Micronesia,2019,us,57779726.0,125397837.0,105067872.0,264526153.0,0.5499276315408768
Micronesia,2020,aus,3576846.0,3576846.0,191643303.0,286459069.0,0.01866408032009342
Micronesia,2020,china,14777085.0,53188232.0,191643303.0,286459069.0,0.0771072339532783
Micronesia,2020,us,122468684.0,146599563.0,191643303.0,286459069.0,0.6390449448682274
Micronesia,2021,aus,3938356.0,3938356.0,166887943.0,221833473.0,0.023598804857939918
Micronesia,2021,china,31196882.0,16000000.0,166887943.0,221833473.0,0.18693310876268635
Micronesia,2021,us,110489260.0,114396080.0,166887943.0,221833473.0,0.6620565752913619
Micronesia,2022,aus,5240528.0,100240528.0,181436146.0,308317417.0,0.028883594121316927
Micronesia,2022,china,25788232.0,190000.0,181436146.0,308317417.0,0.14213392738181288
Micronesia,2022,us,113157746.0,136617059.0,181436146.0,308317417.0,0.6236780734969977
Micronesia,2023,aus,5404803.0,47404803.0,145443550.0,240335517.0,0.03716082975147403
Micronesia,2023,china,10000000.0,140000.0,145443550.0,240335517.0,0.06875519746320824
Micronesia,2023,us,100110786.0,153679042.0,145443550.0,240335517.0,0.6883136859626983
Micronesia,2024,china,10000000.0,,10000000.0,,1.0
Nauru,2005,aus,,0.0,,0.0,
Nauru,2006,aus,17262785.0,23275867.0,18191913.0,25912732.0,0.9489263168749763
Nauru,2007,aus,22098768.0,20860471.0,25626242.0,24267406.0,0.8623491497504784
Nauru,2008,aus,26965341.0,24430576.0,30951264.0,30995106.0,0.8712193789565428
Nauru,2009,aus,18679003.0,17717819.0,27991634.0,28762916.0,0.6673066316885967
Nauru,2010,aus,23856628.0,17745653.0,28428780.0,19650920.0,0.8391717126095457
Nauru,2011,aus,33831419.0,33831419.0,38046794.0,37807205.0,0.8892055136104241
Nauru,2012,aus,23853747.0,23853746.0,32753778.0,33147624.0,0.7282746741459871
Nauru,2013,aus,24778346.0,24778346.0,28798561.0,37970081.0,0.8604022263473512
Nauru,2014,aus,15396062.0,15396062.0,22618160.0,17366354.0,0.6806947161042277
Nauru,2015,aus,23431670.0,23431670.0,35215051.0,39935750.0,0.6653879331312057
Nauru,2016,aus,14249097.0,14249097.0,22886901.0,23149510.0,0.6225874354942157
Nauru,2017,aus,21352022.0,21352022.0,26101123.0,65541837.0,0.8180499360123318
Nauru,2018,aus,23666265.0,23666265.0,38385134.0,84249869.0,0.6165476718148228
Nauru,2019,aus,17838770.0,17838770.0,54608304.0,52769413.0,0.32666771705636566
Nauru,2020,aus,13448697.0,14024002.0,35946031.0,52229134.0,0.374135798191461
Nauru,2021,aus,20470460.0,20470460.0,38195998.0,36298293.0,0.5359320628302473
Nauru,2022,aus,20368198.0,43526854.0,37075806.0,78399980.0,0.5493662902432923
Nauru,2023,aus,22021532.0,22021532.0,37069673.0,42795100.0,0.5940578974084827
Niue,2006,aus,780873.0,399683.0,8870933.0,7266458.0,0.08802602837830023
Niue,2007,aus,743967.0,1126500.0,14307472.0,22915919.0,0.05199849421337326
Niue,2008,aus,917858.0,876507.0,18291098.0,6732018.0,0.05018058511304242
Niue,2008,china,200000.0,0.0,18291098.0,6732018.0,0.010934280708572006
Niue,2009,aus,1267671.0,899393.0,7533198.0,14598194.0,0.16827793455050563
Niue,2010,aus,1453572.0,847880.0,15333891.0,12261297.0,0.09479472627006413
Niue,2011,aus,3234992.0,3234992.0,21086093.0,25402161.0,0.1534182743099919
Niue,2012,aus,6442357.0,6442357.0,20255360.0,17914515.0,0.3180568995070934
Niue,2013,aus,4870540.0,4870540.0,18411222.0,22336097.0,0.264541919053499
Niue,2014,aus,2059474.0,2059474.0,13751154.0,17304627.0,0.14976735770685137
Niue,2015,aus,2392642.0,2392642.0,19779130.0,19923499.0,0.12096801022087422
Niue,2016,aus,2583268.0,2583268.0,13882583.0,14011606.0,0.18607978068634634
Niue,2016,china,0.0,,13882583.0,14011606.0,0.0
Niue,2016,us,63382.0,,13882583.0,14011606.0,0.004565576881478036
Niue,2017,aus,1754886.0,1754886.0,15883022.0,44455540.0,0.11048816780584954
Niue,2017,china,0.0,13860000.0,15883022.0,44455540.0,0.0
Niue,2018,aus,445911.0,445911.0,19135389.0,9466305.0,0.023302949315532596
Niue,2018,china,20000.0,0.0,19135389.0,9466305.0,0.0010451838737116869
Niue,2019,aus,2435234.0,2435234.0,19042144.0,19026911.0,0.127886544708411
Niue,2019,china,0.0,,19042144.0,19026911.0,0.0
Niue,2020,aus,2027404.0,2027404.0,22693999.0,39829309.0,0.08933656866733801
Niue,2020,china,0.0,0.0,22693999.0,39829309.0,0.0
Niue,2021,aus,2395372.0,2395372.0,32249814.0,36672683.0,0.07427552915498986
Niue,2021,china,3465000.0,,32249814.0,36672683.0,0.10744248013337379
Niue,2022,aus,2379982.0,2379982.0,27869899.0,11305690.0,0.08539614729138416
Niue,2022,china,3465000.0,4620000.0,27869899.0,11305690.0,0.12432768414410113
Niue,2023,aus,1834162.0,1834162.0,28071048.0,22136550.0,0.06533999015640599
Niue,2023,china,,4620000.0,28071048.0,22136550.0,
Niue,2024,china,,4620000.0,,4620000.0,
Palau,2006,aus,516753.0,355007.0,37127595.0,32661681.0,0.01391829985217195
Palau,2006,us,26987000.0,27291000.0,37127595.0,32661681.0,0.7268717513213554
Palau,2007,aus,580446.0,461651.0,21940982.0,30718796.0,0.026454877908381677
Palau,2007,us,14101206.0,14101206.0,21940982.0,30718796.0,0.6426880073097914
Palau,2008,aus,292711.0,248294.0,42000039.0,31947075.0,0.0069693030523138326
Palau,2008,us,27293706.0,27293706.0,42000039.0,31947075.0,0.6498495394254277
Palau,2009,aus,1006124.0,595578.0,35032135.0,39047955.0,0.028720030908764196
Palau,2009,us,26760000.0,26799900.0,35032135.0,39047955.0,0.763870086707533
Palau,2010,aus,742351.0,393931.0,28980467.0,73870849.0,0.025615563751957483
Palau,2010,us,17172520.0,69070550.0,28980467.0,73870849.0,0.5925549784963783
Palau,2011,aus,1565302.0,1565302.0,38109511.0,76670143.0,0.04107378864032131
Palau,2011,us,18344240.0,48434850.0,38109511.0,76670143.0,0.4813559533734243
Palau,2012,aus,6563342.0,6563342.0,15588582.0,37197984.0,0.4210352166733318
Palau,2012,us,611360.0,632170.0,15588582.0,37197984.0,0.03921844847722519
Palau,2013,aus,4422868.0,4422868.0,41668057.0,26414492.0,0.10614529014395847
Palau,2013,us,13749420.0,13680070.0,41668057.0,26414492.0,0.32997506939188453
Palau,2014,aus,3256608.0,3256608.0,24366134.0,54047072.0,0.1336530448367394
Palau,2014,us,12531670.0,14131180.0,24366134.0,54047072.0,0.5143068654223112
Palau,2015,aus,2017641.0,2017641.0,21090451.0,30107147.0,0.09566609078203211
Palau,2015,us,2660435.0,3719174.0,21090451.0,30107147.0,0.1261440544822868
Palau,2016,aus,1216049.0,1216049.0,27812894.0,46560054.0,0.04372249072678305
Palau,2016,us,887612.0,1898053.0,27812894.0,46560054.0,0.03191368722722634
Palau,2017,aus,1486168.0,1486168.0,36462940.0,16476870.0,0.04075831515505881
Palau,2017,us,2915240.0,4358640.0,36462940.0,16476870.0,0.07995076644944155
Palau,2018,aus,1200664.0,1200664.0,94806281.0,103105796.0,0.012664392984679992
Palau,2018,us,66399000.0,67204300.0,94806281.0,103105796.0,0.7003649895305987
Palau,2019,aus,2605454.0,2605454.0,34589792.0,69071217.0,0.07532436159199801
Palau,2019,us,1359341.0,15361781.0,34589792.0,69071217.0,0.03929890645193819
Palau,2020,aus,3990815.0,3990815.0,88646530.0,78364750.0,0.04501941587561296
Palau,2020,us,2522102.0,5435512.0,88646530.0,78364750.0,0.02845122082048784
Palau,2021,aus,11729023.0,14979023.0,67899129.0,79544975.0,0.17274187714543437
Palau,2021,us,4412330.0,15704680.0,67899129.0,79544975.0,0.06498360236697587
Palau,2022,aus,25364788.0,27364788.0,93253079.0,97749113.0,0.2719994693151097
Palau,2022,us,6486714.0,4473398.0,93253079.0,97749113.0,0.0695603198260081
Palau,2023,aus,2000000.0,7187733.0,24715591.0,33485597.0,0.08092058166846991
Palau,2023,us,8051447.0,8893451.0,24715591.0,33485597.0,0.3257638872564285
Papua New Guinea,2002,china,,0.0,473597.0,120903.0,
Papua New Guinea,2003,aus,,63414045.0,209682.0,63486577.0,
Papua New Guinea,2004,aus,,69237440.0,2397405.0,85753720.0,
Papua New Guinea,2005,aus,,0.0,9224329.0,17357579.0,
Papua New Guinea,2006,aus,245273585.0,322953330.0,315905893.0,417335236.0,0.7764134523441765
Papua New Guinea,2006,us,178000.0,153000.0,315905893.0,417335236.0,0.0005634589412360218
Papua New Guinea,2007,aus,285994402.0,178267235.0,364080456.0,365635915.0,0.7855252796101749
Papua New Guinea,2007,china,0.0,,364080456.0,365635915.0,0.0
Papua New Guinea,2007,us,775743.0,2252651.0,364080456.0,365635915.0,0.0021306911349287037
Papua New Guinea,2008,aus,325361024.0,260505687.0,580915809.0,1076876756.0,0.5600829224463403
Papua New Guinea,2008,china,127210334.0,595801128.0,580915809.0,1076876756.0,0.21898239302349576
Papua New Guinea,2008,us,1958492.0,2912112.0,580915809.0,1076876756.0,0.0033713869887125074
Papua New Guinea,2009,aus,308416171.0,498590439.0,745302906.0,841136681.0,0.4138131872519493
Papua New Guinea,2009,china,119667840.0,11095673.0,745302906.0,841136681.0,0.16056269073503385
Papua New Guinea,2009,us,2759390.0,2685645.0,745302906.0,841136681.0,0.003702373864083659
Papua New Guinea,2010,aus,396409143.0,603582945.0,859223126.0,1148174491.0,0.4613576276111544
Papua New Guinea,2010,china,133962338.0,,859223126.0,1148174491.0,0.1559110013991872
Papua New Guinea,2010,us,2282550.0,3176160.0,859223126.0,1148174491.0,0.002656527659615158
Papua New Guinea,2011,aus,525377274.0,525950986.0,879055764.0,1132539998.0,0.5976609169927473
Papua New Guinea,2011,china,156840038.0,271012000.0,879055764.0,1132539998.0,0.17841875842588753
Papua New Guinea,2011,us,3536520.0,2201560.0,879055764.0,1132539998.0,0.004023089484002291
Papua New Guinea,2012,aus,507779536.0,507779538.0,908191470.0,740256661.0,0.5591106641862646
Papua New Guinea,2012,china,147340504.0,19262000.0,908191470.0,740256661.0,0.16223506701731077
Papua New Guinea,2012,us,3661600.0,6442550.0,908191470.0,740256661.0,0.004031748943865329
Papua New Guinea,2013,aus,481491944.0,481491944.0,849781050.0,1003425392.0,0.5666070619014156
Papua New Guinea,2013,china,55064984.0,123000000.0,849781050.0,1003425392.0,0.0647990255842961
Papua New Guinea,2013,us,7253420.0,7814330.0,849781050.0,1003425392.0,0.008535633973009871
Papua New Guinea,2014,aus,430317268.0,430317268.0,835707692.0,1216896812.0,0.5149136140773968
Papua New Guinea,2014,china,90159735.0,105112114.0,835707692.0,1216896812.0,0.10788429478760858
Papua New Guinea,2014,us,7021730.0,8384100.0,835707692.0,1216896812.0,0.008402136377607974
Papua New Guinea,2015,aus,430772197.0,430772197.0,839661746.0,1074040402.0,0.5130306329329906
Papua New Guinea,2015,china,127915721.0,229572215.0,839661746.0,1074040402.0,0.15234196580869364
Papua New Guinea,2015,us,8038814.0,9187225.0,839661746.0,1074040402.0,0.009573871905318406
Papua New Guinea,2016,aus,398809539.0,398809539.0,920206298.0,1001538446.0,0.43339144696877524
Papua New Guinea,2016,china,176848570.0,172644529.0,920206298.0,1001538446.0,0.19218361185352373
Papua New Guinea,2016,us,11880422.0,15984054.0,920206298.0,1001538446.0,0.012910607138661422
Papua New Guinea,2017,aus,400795687.0,400795687.0,787187804.0,6227530346.0,0.5091487507344562
Papua New Guinea,2017,china,125816746.0,4940773704.0,787187804.0,6227530346.0,0.15983065967317756
Papua New Guinea,2017,us,10983310.0,10920180.0,787187804.0,6227530346.0,0.013952591674044787
Papua New Guinea,2018,aus,491488064.0,491488064.0,1259687287.0,1328163122.0,0.3901667255613099
Papua New Guinea,2018,china,134629990.0,176426025.0,1259687287.0,1328163122.0,0.10687572335561722
Papua New Guinea,2018,us,8747670.0,6645580.0,1259687287.0,1328163122.0,0.0069443187132839585
Papua New Guinea,2019,aus,725986346.0,725986346.0,1361613946.0,977405250.0,0.5331807507794136
Papua New Guinea,2019,china,93535206.0,9661339.0,1361613946.0,977405250.0,0.0686943654438745
Papua New Guinea,2019,us,6955170.0,5633992.0,1361613946.0,977405250.0,0.005108033756875166
Papua New Guinea,2020,aus,468702020.0,504363300.0,1944883406.0,1811716769.0,0.24099234872077469
Papua New Guinea,2020,china,142261505.0,872848.0,1944883406.0,1811716769.0,0.07314654676014033
Papua New Guinea,2020,us,10956933.0,43624422.0,1944883406.0,1811716769.0,0.0056337222921423805
Papua New Guinea,2021,aus,1052922363.0,1052922363.0,2068044017.0,2162526273.0,0.5091392418849081
Papua New Guinea,2021,china,83709288.0,29107610.0,2068044017.0,2162526273.0,0.04047751755372816
Papua New Guinea,2021,us,14054970.0,13643710.0,2068044017.0,2162526273.0,0.006796262499474642
Papua New Guinea,2022,aus,992514835.0,1503345671.0,1653606578.0,2615836807.0,0.6002121956967686
Papua New Guinea,2022,china,79193937.0,84522377.0,1653606578.0,2615836807.0,0.04789164366761487
Papua New Guinea,2022,us,18020883.0,16585138.0,1653606578.0,2615836807.0,0.010897926532075032
Papua New Guinea,2023,aus,394070755.0,394070755.0,774352383.0,555549167.0,0.5089036511688504
Papua New Guinea,2023,china,36872796.0,6319988.0,774352383.0,555549167.0,0.04761759220930815
Papua New Guinea,2023,us,36715470.0,39201794.0,774352383.0,555549167.0,0.04741442114216365
Papua New Guinea,2024,aus,372000000.0,372000000.0,429467557.0,398914749.0,0.86618882832167
Papua New Guinea,2024,china,57467557.0,26914749.0,429467557.0,398914749.0,0.13381117167833007
Samoa,2003,aus,,4862442.0,,17662442.0,
Samoa,2005,aus,,0.0,6378532.0,0.0,
Samoa,2005,china,,0.0,6378532.0,0.0,
Samoa,2006,aus,13790394.0,43667524.0,47537377.0,72738940.0,0.2900958123962119
Samoa,2006,us,753000.0,1025000.0,47537377.0,72738940.0,0.015840167201484425
Samoa,2007,aus,13330244.0,17526714.0,47372022.0,85563364.0,0.2813948705841604
Samoa,2007,china,,0.0,47372022.0,85563364.0,
Samoa,2007,us,1020083.0,1291184.0,47372022.0,85563364.0,0.021533448582794292
Samoa,2008,aus,13148175.0,31744378.0,43422797.0,105850962.0,0.30279429028949933
Samoa,2008,china,1830000.0,31275772.0,43422797.0,105850962.0,0.04214376149007629
Samoa,2008,us,827839.0,1093664.0,43422797.0,105850962.0,0.019064617141083748
Samoa,2009,aus,18163327.0,19213374.0,97915371.0,77053217.0,0.18550026226219374
Samoa,2009,china,27973636.0,,97915371.0,77053217.0,0.28569197782031586
Samoa,2009,us,1481799.0,2631010.0,97915371.0,77053217.0,0.015133466634161045
Samoa,2010,aus,43301046.0,28586818.0,197834649.0,150747498.0,0.2188749353001354
Samoa,2010,china,42113178.0,33270474.0,197834649.0,150747498.0,0.212870587699731
Samoa,2010,us,1475880.0,891500.0,197834649.0,150747498.0,0.00746016942664073
Samoa,2011,aus,30161341.0,30269491.0,136677985.0,108220988.0,0.220674463411207
Samoa,2011,china,29318895.0,18952032.0,136677985.0,108220988.0,0.2145107348487761
Samoa,2011,us,1099920.0,799420.0,136677985.0,108220988.0,0.008047528649182237
Samoa,2012,aus,52489262.0,52489263.0,156657799.0,159925730.0,0.3350568074813818
Samoa,2012,china,29555809.0,30190000.0,156657799.0,159925730.0,0.1886647788278961
Samoa,2012,us,727110.0,919210.0,156657799.0,159925730.0,0.00464139037214483
Samoa,2013,aus,36603583.0,36603583.0,173942498.0,172457373.0,0.21043496224827127
Samoa,2013,china,51105135.0,1300000.0,173942498.0,172457373.0,0.29380476644643794
Samoa,2013,us,1296590.0,1185440.0,173942498.0,172457373.0,0.0074541300424465565
Samoa,2014,aus,27122819.0,27122819.0,135283009.0,161696080.0,0.2004894716675026
Samoa,2014,china,32783099.0,25920000.0,135283009.0,161696080.0,0.2423297592382795
Samoa,2014,us,837990.0,846610.0,135283009.0,161696080.0,0.006194347732167903
Samoa,2015,aus,28722821.0,28722821.0,133796748.0,237211567.0,0.21467503081614508
Samoa,2015,china,31328254.0,73833760.0,133796748.0,237211567.0,0.23414809753074117
Samoa,2015,us,857876.0,867453.0,133796748.0,237211567.0,0.006411785135465325
Samoa,2016,aus,25899550.0,25899550.0,128681064.0,177480706.0,0.20126931807153847
Samoa,2016,china,29753380.0,26644540.0,128681064.0,177480706.0,0.23121801355326063
Samoa,2016,us,1410116.0,1459696.0,128681064.0,177480706.0,0.010958224591615127
Samoa,2017,aus,32397891.0,32397891.0,173563434.0,112227106.0,0.1866631136141268
Samoa,2017,china,22588409.0,15747758.0,173563434.0,112227106.0,0.13014497627420762
Samoa,2017,us,1240390.0,1688120.0,173563434.0,112227106.0,0.007146609002907836
Samoa,2018,aus,26665544.0,26665544.0,181559497.0,125662117.0,0.14686945293751283
Samoa,2018,china,36797469.0,3049073.0,181559497.0,125662117.0,0.20267443790065137
Samoa,2018,us,1831320.0,1337260.0,181559497.0,125662117.0,0.01008661089207578
Samoa,2019,aus,24491647.0,24491647.0,150632464.0,190903084.0,0.16259208904662145
Samoa,2019,china,14428301.0,,150632464.0,190903084.0,0.09578480373261371
Samoa,2019,us,1233734.0,1499114.0,150632464.0,190903084.0,0.008190359284038532
Samoa,2020,aus,24947125.0,26165349.0,187417075.0,181684905.0,0.13311020353935202
Samoa,2020,china,2358284.0,107840.0,187417075.0,181684905.0,0.012583079743401181
Samoa,2020,us,918035.0,1353234.0,187417075.0,181684905.0,0.004898353044940009
Samoa,2021,aus,35211494.0,35211494.0,100579945.0,117529744.0,0.35008464162512715
Samoa,2021,china,2885217.0,491612.0,100579945.0,117529744.0,0.028685808090270878
Samoa,2021,us,783970.0,710090.0,100579945.0,117529744.0,0.007794496208960941
Samoa,2022,aus,37609407.0,37609407.0,141092403.0,159018487.0,0.266558696289268
Samoa,2022,china,3686027.0,110712.0,141092403.0,159018487.0,0.02612491474824481
Samoa,2022,us,964339.0,904169.0,141092403.0,159018487.0,0.006834804564211724
Samoa,2023,aus,43808145.0,43808145.0,129237452.0,104393541.0,0.33897406921950146
Samoa,2023,china,129364.0,18652.0,129237452.0,104393541.0,0.0010009791898404187
Samoa,2023,us,1167110.0,1228859.0,129237452.0,104393541.0,0.009030741336497412
Samoa,2024,china,13891.0,11253902.0,13891.0,11253902.0,1.0
Solomon Islands,2003,aus,,10420082.0,,10420082.0,
Solomon Islands,2005,aus,,23595297.0,,23595297.0,
Solomon Islands,2006,aus,145612962.0,177507544.0,198512463.0,233788079.0,0.7335205044531637
Solomon Islands,2006,us,13000.0,27000.0,198512463.0,233788079.0,6.548707221470524e-05
Solomon Islands,2007,aus,203996111.0,194539198.0,244128300.0,268544424.0,0.835610254935622
Solomon Islands,2007,us,308275.0,298515.0,244128300.0,268544424.0,0.0012627581480721408
Solomon Islands,2008,aus,186889751.0,251687856.0,227741856.0,288520786.0,0.8206210060920905
Solomon Islands,2008,us,19417.0,27772.0,227741856.0,288520786.0,8.525881162573822e-05
Solomon Islands,2009,aus,177378091.0,174016139.0,221287743.0,276722355.0,0.8015721458192105
Solomon Islands,2009,us,62750.0,62750.0,221287743.0,276722355.0,0.00028356744548657626
Solomon Islands,2010,aus,274451612.0,316839409.0,411265743.0,438581712.0,0.6673339967438037
Solomon Islands,2010,us,225000.0,225000.0,411265743.0,438581712.0,0.0005470915188771266
Solomon Islands,2011,aus,265236286.0,265684880.0,373895303.0,368695235.0,0.709386515080132
Solomon Islands,2011,us,250000.0,425050.0,373895303.0,368695235.0,0.0006686363749265927
Solomon Islands,2012,aus,227765999.0,227765999.0,334512695.0,306264693.0,0.6808889540051686
Solomon Islands,2012,us,504910.0,1243110.0,334512695.0,306264693.0,0.0015093896511162305
Solomon Islands,2013,aus,233869976.0,233869976.0,355003920.0,353983301.0,0.6587813903576051
Solomon Islands,2013,us,1060810.0,1575000.0,355003920.0,353983301.0,0.0029881641870320758
Solomon Islands,2014,aus,138941306.0,138941306.0,218344379.0,317332003.0,0.6363402009080343
Solomon Islands,2014,us,1503610.0,1265000.0,218344379.0,317332003.0,0.006886414969262845
Solomon Islands,2015,aus,122171519.0,122171519.0,213396233.0,213993095.0,0.5725101951541947
Solomon Islands,2015,china,38688.0,,213396233.0,213993095.0,0.00018129654612975292
Solomon Islands,2015,us,897205.0,575000.0,213396233.0,213993095.0,0.004204408800412143
Solomon Islands,2016,aus,109309526.0,109309526.0,198063630.0,206048431.0,0.5518909554469945
Solomon Islands,2016,us,884219.0,1471000.0,198063630.0,206048431.0,0.0044643178558324914
Solomon Islands,2017,aus,119748894.0,119748894.0,223161272.0,363580569.0,0.5366024889838412
Solomon Islands,2017,us,666190.0,1073140.0,223161272.0,363580569.0,0.002985240198845972
Solomon Islands,2018,aus,120541015.0,120541015.0,220548129.0,247599643.0,0.5465519727895765
Solomon Islands,2018,us,1602210.0,1092770.0,220548129.0,247599643.0,0.007264672827943147
Solomon Islands,2019,aus,127238157.0,127238157.0,324193150.0,447339011.0,0.3924763894610358
Solomon Islands,2019,china,10209122.0,53000000.0,324193150.0,447339011.0,0.03149086277732888
Solomon Islands,2019,us,21396021.0,21762295.0,324193150.0,447339011.0,0.0659977578181402
Solomon Islands,2020,aus,87105705.0,98072355.0,235264950.0,205369303.0,0.37024514276350984
Solomon Islands,2020,china,12643923.0,704648.0,235264950.0,205369303.0,0.05374333490815355
Solomon Islands,2020,us,895368.0,2877880.0,235264950.0,205369303.0,0.0038057857747190987
Solomon Islands,2021,aus,137829756.0,160529756.0,307786639.0,430668972.0,0.4478094190436902
Solomon Islands,2021,china,41120648.0,22851263.0,307786639.0,430668972.0,0.13360114699455813
Solomon Islands,2021,us,1963080.0,1921140.0,307786639.0,430668972.0,0.006378054636738147
Solomon Islands,2022,aus,115545410.0,115545410.0,293588051.0,445638791.0,0.3935630541039969
Solomon Islands,2022,china,40373114.0,87043756.0,293588051.0,445638791.0,0.13751620293293204
Solomon Islands,2022,us,3211199.0,24557293.0,293588051.0,445638791.0,0.010937771442203552
Solomon Islands,2023,aus,107574991.0,112474991.0,289506852.0,258420386.0,0.37158012066671225
Solomon Islands,2023,china,40501094.0,12355281.0,289506852.0,258420386.0,0.13989684085266485
Solomon Islands,2023,us,5565744.0,1734342.0,289506852.0,258420386.0,0.019224912852839834
Solomon Islands,2024,china,28995606.0,20542821.0,28995606.0,20542821.0,1.0
Tonga,2003,china,,0.0,,0.0,
Tonga,2004,aus,,0.0,,0.0,
Tonga,2006,aus,7973885.0,5699297.0,23472744.0,24445853.0,0.33970825907699587
Tonga,2006,us,896000.0,1079000.0,23472744.0,24445853.0,0.03817193251883972
Tonga,2007,aus,10854086.0,17531225.0,33398313.0,40611088.0,0.32498904959660685
Tonga,2007,china,,0.0,33398313.0,40611088.0,
Tonga,2007,us,768353.0,901916.0,33398313.0,40611088.0,0.02300574283497493
Tonga,2008,aus,11860543.0,8823794.0,74032252.0,111784811.0,0.16020778349414522
Tonga,2008,china,48994581.0,69483470.0,74032252.0,111784811.0,0.6618004947357268
Tonga,2008,us,828630.0,1013751.0,74032252.0,111784811.0,0.011192824446296731
Tonga,2009,aus,14725278.0,13023188.0,56422237.0,73892457.0,0.26098359056554243
Tonga,2009,china,18772000.0,42980000.0,56422237.0,73892457.0,0.332705702540649
Tonga,2009,us,1210000.0,1540000.0,56422237.0,73892457.0,0.021445445348081467
Tonga,2010,aus,21277530.0,26921743.0,91529833.0,95371302.0,0.23246551755426015
Tonga,2010,china,18772000.0,0.0,91529833.0,95371302.0,0.2050916011176378
Tonga,2010,us,1173360.0,1054470.0,91529833.0,95371302.0,0.012819426863807345
Tonga,2011,aus,32045913.0,32145029.0,144277533.0,137707854.0,0.2221129813745845
Tonga,2011,china,47436059.0,5459059.0,144277533.0,137707854.0,0.3287834080168255
Tonga,2011,us,1207810.0,1187360.0,144277533.0,137707854.0,0.008371435072985342
Tonga,2012,aus,30647109.0,30647109.0,102293450.0,85331397.0,0.29959991573263
Tonga,2012,china,20389500.0,110000.0,102293450.0,85331397.0,0.19932361260667228
Tonga,2012,us,997550.0,1031780.0,102293450.0,85331397.0,0.009751846281457904
Tonga,2013,aus,31933931.0,31933931.0,107426546.0,137595583.0,0.2972629409494372
Tonga,2013,china,23352500.0,17980000.0,107426546.0,137595583.0,0.21738109312385415
Tonga,2013,us,1265340.0,1568960.0,107426546.0,137595583.0,0.011778652922528107
Tonga,2014,aus,22924690.0,22924690.0,98589771.0,102982985.0,0.2325260497866457
Tonga,2014,china,14681500.0,11485000.0,98589771.0,102982985.0,0.14891504312348997
Tonga,2014,us,1126890.0,1307070.0,98589771.0,102982985.0,0.011430090450255738
Tonga,2015,aus,19766467.0,19766467.0,84785954.0,106080871.0,0.23313374524275565
Tonga,2015,china,13418200.0,16325700.0,84785954.0,106080871.0,0.15825970419581525
Tonga,2015,us,1609775.0,1328601.0,84785954.0,106080871.0,0.018986340591272938
Tonga,2016,aus,19675581.0,19675581.0,113733657.0,76634974.0,0.17299699595520787
Tonga,2016,china,27908500.0,19833821.0,113733657.0,76634974.0,0.24538470612969035
Tonga,2016,us,1354314.0,1710419.0,113733657.0,76634974.0,0.011907767988151475
Tonga,2017,aus,23976704.0,23976704.0,96157566.0,112319550.0,0.24934807522062277
Tonga,2017,china,2720000.0,24510000.0,96157566.0,112319550.0,0.028286905681452045
Tonga,2017,us,1547320.0,1483230.0,96157566.0,112319550.0,0.016091505477582493
Tonga,2018,aus,28088938.0,28088938.0,115955420.0,214735603.0,0.24223911223813427
Tonga,2018,china,12976229.0,10571794.0,115955420.0,214735603.0,0.1119070501404764
Tonga,2018,us,1603190.0,1230060.0,115955420.0,214735603.0,0.013825916891163862
Tonga,2019,aus,19103841.0,19103841.0,121841315.0,131959480.0,0.15679280053732184
Tonga,2019,china,10614986.0,17337918.0,121841315.0,131959480.0,0.08712140048718285
Tonga,2019,us,1278737.0,1239872.0,121841315.0,131959480.0,0.01049510176412656
Tonga,2020,aus,22156757.0,23866700.0,169812510.0,113748384.0,0.1304777663318209
Tonga,2020,china,3760664.0,2548269.0,169812510.0,113748384.0,0.02214597734878308
Tonga,2020,us,669038.0,1672498.0,169812510.0,113748384.0,0.003939862852271602
Tonga,2021,aus,31991991.0,31991991.0,118755640.0,241288430.0,0.2693934452292118
Tonga,2021,china,8767490.0,18713989.0,118755640.0,241288430.0,0.0738279882959664
Tonga,2021,us,1027700.0,369950.0,118755640.0,241288430.0,0.008653904774543761
Tonga,2022,aus,43745640.0,43745640.0,171914756.0,137853119.0,0.2544612284474289
Tonga,2022,china,27894245.0,11734526.0,171914756.0,137853119.0,0.16225625797939067
Tonga,2022,us,2368581.0,2750214.0,171914756.0,137853119.0,0.01377764803388954
Tonga,2023,aus,73807521.0,20000000.0,158120566.0,131146824.0,0.46678002025365883
Tonga,2023,china,13755618.0,40231524.0,158120566.0,131146824.0,0.08699449001466387
Tonga,2023,us,3021064.0,2689009.0,158120566.0,131146824.0,0.019106078838599654
Tonga,2024,aus,10850000.0,,37802524.0,64086.0,0.2870178721399661
Tonga,2024,china,26952524.0,64086.0,37802524.0,64086.0,0.7129821278600339
Tuvalu,2005,aus,,282011.0,,282011.0,
Tuvalu,2006,aus,2998787.0,4662741.0,14179239.0,7239125.0,0.21149139245061035
Tuvalu,2007,aus,3541432.0,2789905.0,10269651.0,19170338.0,0.3448444353172274
Tuvalu,2008,aus,4269536.0,7123892.0,15722859.0,17927491.0,0.2715495954011926
Tuvalu,2009,aus,4576516.0,5921047.0,21065762.0,18669866.0,0.21724901287691373
Tuvalu,2009,us,10000.0,10000.0,21065762.0,18669866.0,0.0004747039295326701
Tuvalu,2010,aus,6386529.0,7633195.0,19582639.0,23365941.0,0.3261321929082183
Tuvalu,2011,aus,9521755.0,9588664.0,42746502.0,46042700.0,0.22274933747795317
Tuvalu,2011,us,50000.0,50000.0,42746502.0,46042700.0,0.0011696863523476143
Tuvalu,2012,aus,14635670.0,14635670.0,31158633.0,25488815.0,0.4697147657280087
Tuvalu,2013,aus,8994957.0,8994957.0,33115349.0,48754970.0,0.27162500990099786
Tuvalu,2014,aus,7213094.0,7213094.0,41718617.0,57083107.0,0.1728986845369299
Tuvalu,2015,aus,7897489.0,7897489.0,56145468.0,43078761.0,0.14066120171978974
Tuvalu,2015,us,49778.0,50000.0,56145468.0,43078761.0,0.0008865898134467416
Tuvalu,2016,aus,5531606.0,5531606.0,31372552.0,53601299.0,0.17631992449960718
Tuvalu,2017,aus,6465384.0,6465384.0,35611474.0,47353746.0,0.18155339484122449
Tuvalu,2018,aus,6427206.0,6427206.0,36813476.0,64371050.0,0.1745884034422612
Tuvalu,2019,aus,9456922.0,9456922.0,45545193.0,86300009.0,0.20763820234552524
Tuvalu,2020,aus,7585035.0,7662987.0,45612219.0,50042835.0,0.1662939266340013
Tuvalu,2020,us,,150000.0,45612219.0,50042835.0,
Tuvalu,2021,aus,11379677.0,11379677.0,37570934.0,74232118.0,0.30288512390988204
Tuvalu,2021,us,150000.0,,37570934.0,74232118.0,0.003992447991843908
Tuvalu,2022,aus,8851336.0,8851336.0,64822104.0,114100579.0,0.13654811327938385
Tuvalu,2022,us,80000.0,200000.0,64822104.0,114100579.0,0.0012341469200074099
Tuvalu,2023,aus,22680920.0,37380920.0,78459348.0,118076798.0,0.28907861941447693
Tuvalu,2023,us,100000.0,,78459348.0,118076798.0,0.0012745453862298218
Tuvalu,2024,aus,,37100000.0,,37100000.0,
Vanuatu,2002,aus,,18779580.0,,18779580.0,
Vanuatu,2004,aus,,12249326.0,,12249326.0,
Vanuatu,2004,china,,0.0,,12249326.0,
Vanuatu,2006,aus,22840444.0,14866089.0,50972032.0,105116736.0,0.44809757633362546
Vanuatu,2006,china,,0.0,50972032.0,105116736.0,
Vanuatu,2006,us,3229000.0,67516000.0,50972032.0,105116736.0,0.06334846529171134
Vanuatu,2007,aus,23568955.0,25334844.0,63260733.0,73502841.0,0.3725684778265215
Vanuatu,2007,china,4600000.0,4600000.0,63260733.0,73502841.0,0.07271493360660237
Vanuatu,2007,us,2324343.0,2464325.0,63260733.0,73502841.0,0.036742271070428476
Vanuatu,2008,aus,27824418.0,60582666.0,95769397.0,138428558.0,0.29053558727116136
Vanuatu,2008,china,1419209.0,28780000.0,95769397.0,138428558.0,0.014819024077179895
Vanuatu,2008,us,25878470.0,6612832.0,95769397.0,138428558.0,0.27021648679692534
Vanuatu,2009,aus,41866415.0,56914125.0,105550062.0,121635032.0,0.3966498380645196
Vanuatu,2009,china,1419209.0,,105550062.0,121635032.0,0.013445837672743386
Vanuatu,2009,us,22763503.0,3178718.0,105550062.0,121635032.0,0.21566546308613252
Vanuatu,2010,aus,58458497.0,49823429.0,114787353.0,77624114.0,0.5092764618415758
Vanuatu,2010,china,1419209.0,,114787353.0,77624114.0,0.012363809800544839
Vanuatu,2010,us,19214810.0,2391470.0,114787353.0,77624114.0,0.16739483486477819
Vanuatu,2011,aus,61484489.0,63065189.0,95963319.0,103443052.0,0.6407082376965307
Vanuatu,2011,china,1419209.0,2900000.0,95963319.0,103443052.0,0.014789077897566257
Vanuatu,2011,us,3015480.0,2956000.0,95963319.0,103443052.0,0.03142325662996295
Vanuatu,2012,aus,69860047.0,69860047.0,115610790.0,199711650.0,0.6042692641404838
Vanuatu,2012,china,2922209.0,56000.0,115610790.0,199711650.0,0.0252762653036105
Vanuatu,2012,us,2220480.0,2631420.0,115610790.0,199711650.0,0.01920651177973959
Vanuatu,2013,aus,53681383.0,53681383.0,105004777.0,275055117.0,0.5112280082267114
Vanuatu,2013,china,6605709.0,150721618.0,105004777.0,275055117.0,0.0629086522416023
Vanuatu,2013,us,2674180.0,3026740.0,105004777.0,275055117.0,0.025467222315038104
Vanuatu,2014,aus,56083844.0,56083844.0,112435407.0,110028916.0,0.4988094542140093
Vanuatu,2014,china,7471709.0,9600000.0,112435407.0,110028916.0,0.06645334596422993
Vanuatu,2014,us,3030280.0,2869260.0,112435407.0,110028916.0,0.02695129657866583
Vanuatu,2015,aus,90722223.0,90722223.0,286196090.0,325181437.0,0.31699323006124924
Vanuatu,2015,china,94817737.0,11364284.0,286196090.0,325181437.0,0.3313033976110575
Vanuatu,2015,us,4931874.0,5022627.0,286196090.0,325181437.0,0.01723249957747501
Vanuatu,2016,aus,40771150.0,40771150.0,167381879.0,153793969.0,0.2435816245078716
Vanuatu,2016,china,34098384.0,615000.0,167381879.0,153793969.0,0.2037161023864477
Vanuatu,2016,us,3459219.0,4728636.0,167381879.0,153793969.0,0.020666627837294144
Vanuatu,2017,aus,50530601.0,50530601.0,196047854.0,139786756.0,0.25774625923729827
Vanuatu,2017,china,58634865.0,11088000.0,196047854.0,139786756.0,0.29908445210524975
Vanuatu,2017,us,3646430.0,2867090.0,196047854.0,139786756.0,0.018599693521766374
Vanuatu,2018,aus,42940793.0,42940793.0,174376888.0,180247698.0,0.24625277748964072
Vanuatu,2018,china,37800567.0,57122974.0,174376888.0,180247698.0,0.21677509808524625
Vanuatu,2018,us,3625780.0,2803930.0,174376888.0,180247698.0,0.0207927784558238
Vanuatu,2019,aus,43474625.0,43474625.0,174950944.0,180844924.0,0.24849608699453488
Vanuatu,2019,china,38698027.0,50000000.0,174950944.0,180844924.0,0.2211935878436872
Vanuatu,2019,us,2391881.0,2744760.0,174950944.0,180844924.0,0.01367172388621121
Vanuatu,2020,aus,54155778.0,55779700.0,179335269.0,230156639.0,0.3019806327109031
Vanuatu,2020,china,20351765.0,201940.0,179335269.0,230156639.0,0.11348445352375165
Vanuatu,2020,us,1805651.0,1811790.0,179335269.0,230156639.0,0.010068577196602637
Vanuatu,2021,aus,90176283.0,90176283.0,207166246.0,273281989.0,0.4352846312617935
Vanuatu,2021,china,30894535.0,75483741.0,207166246.0,273281989.0,0.14912919260022697
Vanuatu,2021,us,1578630.0,1510590.0,207166246.0,273281989.0,0.0076201120138075
Vanuatu,2022,aus,61907176.0,61907176.0,182378379.0,223591886.0,0.3394436135436866
Vanuatu,2022,china,52450993.0,21869486.0,182378379.0,223591886.0,0.28759435897826463
Vanuatu,2022,us,1470408.0,1195379.0,182378379.0,223591886.0,0.008062403054914749
Vanuatu,2023,aus,77064386.0,77064386.0,190634576.0,264567576.0,0.4042518813586052
Vanuatu,2023,china,22412565.0,119617922.0,190634576.0,264567576.0,0.1175682054655185
Vanuatu,2023,us,3506130.0,9174285.0,190634576.0,264567576.0,0.018391889202722594
Vanuatu,2024,china,11296396.0,4132724.0,11296396.0,4132724.0,1.0
