iso3,year,gdp_usd,source
FJI,2000,1678219507.89829,world_bank_wdi
FJI,2001,1652462023.46215,world_bank_wdi
FJI,2002,1833279985.36741,world_bank_wdi
FJI,2003,2300492465.32276,world_bank_wdi
FJI,2004,2708078476.63012,world_bank_wdi
FJI,2005,2980403844.72096,world_bank_wdi
FJI,2006,3076305452.86506,world_bank_wdi
FJI,2007,3378314599.76402,world_bank_wdi
FJI,2008,3523185919.55826,world_bank_wdi
FJI,2009,2870624635.68032,world_bank_wdi
FJI,2010,3140166712.79624,world_bank_wdi
FJI,2011,3779411899.37483,world_bank_wdi
FJI,2012,3972028104.47328,world_bank_wdi
FJI,2013,4189967998.51424,world_bank_wdi
FJI,2014,4857104768.86844,world_bank_wdi
FJI,2015,4682479893.97558,world_bank_wdi
FJI,2016,4930213644.36653,world_bank_wdi
FJI,2017,5353469174.47838,world_bank_wdi
FJI,2018,5581425327.44397,world_bank_wdi
FJI,2019,5344907153.46698,world_bank_wdi
FJI,2020,4227719873.3865,world_bank_wdi
FJI,2021,4158873156.17978,world_bank_wdi
FJI,2022,4977861885.60316,world_bank_wdi
FJI,2023,5476673518.13788,world_bank_wdi
FJI,2024,5968125909.27126,world_bank_wdi
FSM,2000,229616800.0,world_bank_wdi
FSM,2001,236387700.0,world_bank_wdi
FSM,2002,237654300.0,world_bank_wdi
FSM,2003,240949900.0,world_bank_wdi
FSM,2004,235538100.0,world_bank_wdi
FSM,2005,247000000.0,world_bank_wdi
FSM,2006,250000000.0,world_bank_wdi
FSM,2007,253000000.0,world_bank_wdi
FSM,2008,261000000.0,world_bank_wdi
FSM,2009,277000000.0,world_bank_wdi
FSM,2010,292000000.0,world_bank_wdi
FSM,2011,308000000.0,world_bank_wdi
FSM,2012,324000000.0,world_bank_wdi
FSM,2013,314000000.0,world_bank_wdi
FSM,2014,316000000.0,world_bank_wdi
FSM,2015,312000000.0,world_bank_wdi
FSM,2016,327000000.0,world_bank_wdi
FSM,2017,361000000.0,world_bank_wdi
FSM,2018,394000000.0,world_bank_wdi
FSM,2019,395000000.0,world_bank_wdi
FSM,2020,372902700.0,world_bank_wdi
FSM,2021,391601900.0,world_bank_wdi
FSM,2022,415232900.0,world_bank_wdi
FSM,2023,442975600.0,world_bank_wdi
FSM,2024,481121300.0,world_bank_wdi
KIR,2000,74910527.2586758,world_bank_wdi
KIR,2001,64935850.1573877,world_bank_wdi
KIR,2002,74743869.1313473,world_bank_wdi
KIR,2003,96105619.3795504,world_bank_wdi
KIR,2004,104085892.133271,world_bank_wdi
KIR,2005,113895437.324786,world_bank_wdi
KIR,2006,112338353.264712,world_bank_wdi
KIR,2007,138054945.643442,world_bank_wdi
KIR,2008,147017894.97877,world_bank_wdi
KIR,2009,140177384.145395,world_bank_wdi
KIR,2010,165458433.127645,world_bank_wdi
KIR,2011,195970140.170383,world_bank_wdi
KIR,2012,207001545.867109,world_bank_wdi
KIR,2013,201730860.757856,world_bank_wdi
KIR,2014,200287281.98074,world_bank_wdi
KIR,2015,191559398.688293,world_bank_wdi
KIR,2016,206467818.503227,world_bank_wdi
KIR,2017,223029864.54193,world_bank_wdi
KIR,2018,233859230.192198,world_bank_wdi
KIR,2019,216891541.021351,world_bank_wdi
KIR,2020,220909306.750809,world_bank_wdi
KIR,2021,285451584.406531,world_bank_wdi
KIR,2022,271214374.500577,world_bank_wdi
KIR,2023,291657337.839517,world_bank_wdi
KIR,2024,343153235.077124,world_bank_wdi
MHL,2000,114838500.0,world_bank_wdi
MHL,2001,122406100.0,world_bank_wdi
MHL,2002,131960000.0,world_bank_wdi
MHL,2003,131128500.0,world_bank_wdi
MHL,2004,132900000.0,world_bank_wdi
MHL,2005,138000000.0,world_bank_wdi
MHL,2006,143200000.0,world_bank_wdi
MHL,2007,150500000.0,world_bank_wdi
MHL,2008,146600000.0,world_bank_wdi
MHL,2009,151200000.0,world_bank_wdi
MHL,2010,161100000.0,world_bank_wdi
MHL,2011,172300000.0,world_bank_wdi
MHL,2012,180700000.0,world_bank_wdi
MHL,2013,186400000.0,world_bank_wdi
MHL,2014,186000000.0,world_bank_wdi
MHL,2015,183700000.0,world_bank_wdi
MHL,2016,201800000.0,world_bank_wdi
MHL,2017,213700000.0,world_bank_wdi
MHL,2018,220000000.0,world_bank_wdi
MHL,2019,232900000.0,world_bank_wdi
MHL,2020,241800000.0,world_bank_wdi
MHL,2021,261245500.0,world_bank_wdi
MHL,2022,258723500.0,world_bank_wdi
MHL,2023,264000000.0,world_bank_wdi
MHL,2024,285000000.0,world_bank_wdi
NRU,2000,26930980.3429002,world_bank_wdi
NRU,2001,22613287.5389074,world_bank_wdi
NRU,2002,21017423.6082043,world_bank_wdi
NRU,2003,24778159.5806639,world_bank_wdi
NRU,2004,30587565.7988334,world_bank_wdi
NRU,2005,30070666.0652533,world_bank_wdi
NRU,2006,29200359.3890386,world_bank_wdi
NRU,2007,22766972.1889659,world_bank_wdi
NRU,2008,37602264.7306872,world_bank_wdi
NRU,2009,44176245.5492433,world_bank_wdi
NRU,2010,47562844.6104251,world_bank_wdi
NRU,2011,65071879.7787162,world_bank_wdi
NRU,2012,101055722.95058,world_bank_wdi
NRU,2013,94385014.9425842,world_bank_wdi
NRU,2014,99149244.4001333,world_bank_wdi
NRU,2015,84863440.5801997,world_bank_wdi
NRU,2016,97541943.0355053,world_bank_wdi
NRU,2017,109355638.866955,world_bank_wdi
NRU,2018,130995566.30391,world_bank_wdi
NRU,2019,125160115.547819,world_bank_wdi
NRU,2020,124685688.161094,world_bank_wdi
NRU,2021,149268323.992868,world_bank_wdi
NRU,2022,180671357.349805,world_bank_wdi
NRU,2023,161531316.884061,world_bank_wdi
NRU,2024,167833414.846177,world_bank_wdi
PLW,2000,149551484.375,world_bank_wdi
PLW,2001,159446234.375,world_bank_wdi
PLW,2002,162658718.75,world_bank_wdi
PLW,2003,154566781.25,world_bank_wdi
PLW,2004,166363734.375,world_bank_wdi
PLW,2005,185658171.875,world_bank_wdi
PLW,2006,190777421.875,world_bank_wdi
PLW,2007,196012718.75,world_bank_wdi
PLW,2008,199046109.375,world_bank_wdi
PLW,2009,184049765.625,world_bank_wdi
PLW,2010,184292328.125,world_bank_wdi
PLW,2011,195163578.125,world_bank_wdi
PLW,2012,214928296.875,world_bank_wdi
PLW,2013,226257828.125,world_bank_wdi
PLW,2014,245436546.875,world_bank_wdi
PLW,2015,283224750.0,world_bank_wdi
PLW,2016,303326125.0,world_bank_wdi
PLW,2017,289983656.25,world_bank_wdi
PLW,2018,288228343.75,world_bank_wdi
PLW,2019,281954000.0,world_bank_wdi
PLW,2020,258985859.375,world_bank_wdi
PLW,2021,235935734.375,world_bank_wdi
PLW,2022,247470812.5,world_bank_wdi
PLW,2023,276157406.25,world_bank_wdi
PLW,2024,321501812.5,world_bank_wdi
PNG,2000,3521339699.07407,world_bank_wdi
PNG,2001,3081024212.42924,world_bank_wdi
PNG,2002,2999511040.19764,world_bank_wdi
PNG,2003,3536411824.2958,world_bank_wdi
PNG,2004,3927157866.96465,world_bank_wdi
PNG,2005,4865892972.27595,world_bank_wdi
PNG,2006,8354911040.70193,world_bank_wdi
PNG,2007,9545028944.34579,world_bank_wdi
PNG,2008,11670892800.5309,world_bank_wdi
PNG,2009,11619456449.266,world_bank_wdi
PNG,2010,14250786674.7766,world_bank_wdi
PNG,2011,17985138065.8549,world_bank_wdi
PNG,2012,21295168665.7247,world_bank_wdi
PNG,2013,21261338064.8783,world_bank_wdi
PNG,2014,23210823987.308,world_bank_wdi
PNG,2015,21723437010.0982,world_bank_wdi
PNG,2016,20758876952.6232,world_bank_wdi
PNG,2017,22742699138.356,world_bank_wdi
PNG,2018,24109780708.0268,world_bank_wdi
PNG,2019,24750626029.8777,world_bank_wdi
PNG,2020,23848447849.6081,world_bank_wdi
PNG,2021,26113409477.7318,world_bank_wdi
PNG,2022,31653230962.4549,world_bank_wdi
PNG,2023,30816328065.6492,world_bank_wdi
PNG,2024,30803971189.4102,world_bank_wdi
SLB,2000,419842674.227652,world_bank_wdi
SLB,2001,409508552.979972,world_bank_wdi
SLB,2002,346406738.885237,world_bank_wdi
SLB,2003,417666638.600021,world_bank_wdi
SLB,2004,468000121.313434,world_bank_wdi
SLB,2005,552881356.697517,world_bank_wdi
SLB,2006,617257457.758489,world_bank_wdi
SLB,2007,695291217.982227,world_bank_wdi
SLB,2008,776335523.470373,world_bank_wdi
SLB,2009,805557289.459198,world_bank_wdi
SLB,2010,898128551.289162,world_bank_wdi
SLB,2011,1063898226.71892,world_bank_wdi
SLB,2012,1185217634.37393,world_bank_wdi
SLB,2013,1285905957.64116,world_bank_wdi
SLB,2014,1335576762.84974,world_bank_wdi
SLB,2015,1307908813.59962,world_bank_wdi
SLB,2016,1379486290.71433,world_bank_wdi
SLB,2017,1469790526.3972,world_bank_wdi
SLB,2018,1615473250.25259,world_bank_wdi
SLB,2019,1619150563.92084,world_bank_wdi
SLB,2020,1536143427.82958,world_bank_wdi
SLB,2021,1558312103.84225,world_bank_wdi
SLB,2022,1466670929.62333,world_bank_wdi
SLB,2023,1506124566.40404,world_bank_wdi
SLB,2024,1583964703.75061,world_bank_wdi
TON,2000,204848487.806485,world_bank_wdi
TON,2001,181117230.406546,world_bank_wdi
TON,2002,182764280.828501,world_bank_wdi
TON,2003,202246591.215502,world_bank_wdi
TON,2004,230678011.42199,world_bank_wdi
TON,2005,261823805.433238,world_bank_wdi
TON,2006,292232703.306768,world_bank_wdi
TON,2007,298519623.342085,world_bank_wdi
TON,2008,344438844.333518,world_bank_wdi
TON,2009,312415028.446113,world_bank_wdi
TON,2010,366887374.989696,world_bank_wdi
TON,2011,414143828.494419,world_bank_wdi
TON,2012,471122971.305043,world_bank_wdi
TON,2013,451788498.263614,world_bank_wdi
TON,2014,440997734.928723,world_bank_wdi
TON,2015,437525538.903019,world_bank_wdi
TON,2016,420828254.541601,world_bank_wdi
TON,2017,459976847.108128,world_bank_wdi
TON,2018,493530766.930564,world_bank_wdi
TON,2019,506031247.606648,world_bank_wdi
TON,2020,506571486.576395,world_bank_wdi
TON,2021,519306339.3498,world_bank_wdi
TON,2022,556514556.392844,world_bank_wdi
TON,2023,591139733.623755,world_bank_wdi
TON,2024,647488243.847291,world_bank_wdi
TUV,2000,14881202.5785774,world_bank_wdi
TUV,2001,14139705.2510497,world_bank_wdi
TUV,2002,16639799.8873171,world_bank_wdi
TUV,2003,19584879.571753,world_bank_wdi
TUV,2004,22878877.9130312,world_bank_wdi
TUV,2005,22846519.1722166,world_bank_wdi
TUV,2006,24274966.4338055,world_bank_wdi
TUV,2007,28547819.7129545,world_bank_wdi
TUV,2008,31602915.0009478,world_bank_wdi
TUV,2009,27851666.1740196,world_bank_wdi
TUV,2010,32425361.8050211,world_bank_wdi
TUV,2011,39665361.1329159,world_bank_wdi
TUV,2012,38912985.1801769,world_bank_wdi
TUV,2013,38767554.542532,world_bank_wdi
TUV,2014,38643167.2951054,world_bank_wdi
TUV,2015,36755290.7767318,world_bank_wdi
TUV,2016,41306141.62505,world_bank_wdi
TUV,2017,45288858.1637361,world_bank_wdi
TUV,2018,48026990.1943497,world_bank_wdi
TUV,2019,53527720.0597564,world_bank_wdi
TUV,2020,52302514.9939611,world_bank_wdi
TUV,2021,61597447.1614093,world_bank_wdi
TUV,2022,54104146.3198082,world_bank_wdi
TUV,2023,50491930.924381,world_bank_wdi
TUV,2024,56752265.8012166,world_bank_wdi
VUT,2000,272014627.835262,world_bank_wdi
VUT,2001,257926881.72043,world_bank_wdi
VUT,2002,262596535.549028,world_bank_wdi
VUT,2003,314471413.001776,world_bank_wdi
VUT,2004,364996869.129618,world_bank_wdi
VUT,2005,394962433.029368,world_bank_wdi
VUT,2006,439358586.535588,world_bank_wdi
VUT,2007,516392922.513728,world_bank_wdi
VUT,2008,590748429.401902,world_bank_wdi
VUT,2009,592622319.145664,world_bank_wdi
VUT,2010,670712979.682038,world_bank_wdi
VUT,2011,770153588.218833,world_bank_wdi
VUT,2012,747839697.746593,world_bank_wdi
VUT,2013,863347171.906814,world_bank_wdi
VUT,2014,879185478.498067,world_bank_wdi
VUT,2015,855360239.609869,world_bank_wdi
VUT,2016,908725512.790966,world_bank_wdi
VUT,2017,998536154.882053,world_bank_wdi
VUT,2018,1034402941.04298,world_bank_wdi
VUT,2019,1061547512.69257,world_bank_wdi
VUT,2020,1017403362.80118,world_bank_wdi
VUT,2021,1093826088.94269,world_bank_wdi
VUT,2022,1151863789.76624,world_bank_wdi
VUT,2023,1188137265.19047,world_bank_wdi
VUT,2024,1297956614.77783,world_bank_wdi
WSM,2000,258856139.798489,world_bank_wdi
WSM,2001,266299591.479428,world_bank_wdi
WSM,2002,281790134.211972,world_bank_wdi
WSM,2003,333426188.41876,world_bank_wdi
WSM,2004,407747565.096959,world_bank_wdi
WSM,2005,476801793.159429,world_bank_wdi
WSM,2006,499923757.780736,world_bank_wdi
WSM,2007,573548459.833372,world_bank_wdi
WSM,2008,641346191.664776,world_bank_wdi
WSM,2009,628006115.424052,world_bank_wdi
WSM,2010,680260907.153983,world_bank_wdi
WSM,2011,744097050.169115,world_bank_wdi
WSM,2012,773141661.165548,world_bank_wdi
WSM,2013,797736334.281305,world_bank_wdi
WSM,2014,796683519.593842,world_bank_wdi
WSM,2015,824150498.653536,world_bank_wdi
WSM,2016,843924796.697421,world_bank_wdi
WSM,2017,884844384.463214,world_bank_wdi
WSM,2018,878448433.404342,world_bank_wdi
WSM,2019,912950466.064906,world_bank_wdi
WSM,2020,868884902.953089,world_bank_wdi
WSM,2021,859724936.05765,world_bank_wdi
WSM,2022,889554711.842341,world_bank_wdi
WSM,2023,1044909500.02527,world_bank_wdi
WSM,2024,1175749785.65113,world_bank_wdi
