country,year,partner,import_index,export_index
Cook Isds,2008,aus,0.0,0.023860065923025045
Cook Isds,2008,china,0.0,0.25535422208679887
Cook Isds,2008,us,0.0,0.019524881580432155
Fiji,2008,aus,0.19675687293760813,0.12346100092845183
Fiji,2008,china,0.04252501942129563,0.0026517525741773028
Fiji,2008,us,0.06742403303275314,0.12201604156930325
Fiji,2009,aus,0.22116039963627324,0.15905364308696443
Fiji,2009,china,0.0553133292420777,0.011476335386634366
Fiji,2009,us,0.04415113891309126,0.11132396619431592
Fiji,2010,aus,0.2031515046564576,0.2105419901351738
Fiji,2010,china,0.060843574923900155,0.008260370613007988
Fiji,2010,us,0.03603508218016267,0.11427784870026637
Fiji,2011,aus,0.19596260926212106,0.18186678164541345
Fiji,2011,china,0.0829803494810788,0.00665754475237406
Fiji,2011,us,0.05069641530332504,0.09728060495810145
Fiji,2012,aus,0.18309215351724367,0.14836504077476734
Fiji,2012,china,0.08818463844298585,0.013283752045756212
Fiji,2012,us,0.030331875936645027,0.1232493574885794
Fiji,2013,aus,0.13576252164492142,0.1358278347140661
Fiji,2013,china,0.09969069437796611,0.026046535360809125
Fiji,2013,us,0.04535896307160907,0.13306522178431676
Fiji,2014,aus,0.1399540833742759,0.11552098295347742
Fiji,2014,china,0.13641743769627485,0.05860837916719262
Fiji,2014,us,0.0367139042690916,0.12436959054607359
Fiji,2015,aus,0.16109037892502387,0.1438437116280293
Fiji,2015,china,0.14628165814128857,0.05214322584210026
Fiji,2015,us,0.02912724708236747,0.16558382685401998
Fiji,2016,aus,0.17418537658130803,0.15001445955428913
Fiji,2016,china,0.1524578515449623,0.051081374103278204
Fiji,2016,us,0.027688014387819294,0.18325628262975435
Fiji,2017,aus,0.16598299806857295,0.14375173707137587
Fiji,2017,china,0.15849760596479093,0.04794645777546055
Fiji,2017,us,0.0286083193412036,0.1776678588310538
Fiji,2018,aus,0.15739250984398048,0.13378006012672092
Fiji,2018,china,0.163252449225991,0.05622110041274798
Fiji,2018,us,0.022791746478569557,0.1861027740209714
Fiji,2019,aus,0.14208614609253867,0.13674582436336813
Fiji,2019,china,0.12526244792991797,0.03461903640163273
Fiji,2019,us,0.028426173269111846,0.21746463403944233
Fiji,2020,aus,0.1784752072237708,0.1496486641796447
Fiji,2020,china,0.16296857996678654,0.04939932744605913
Fiji,2020,us,0.04075562116338928,0.20406948224059812
Fiji,2021,aus,0.16901381750967803,0.16505774057662378
Fiji,2021,china,0.15039880393615843,0.05666306772596212
Fiji,2021,us,0.10561286588813501,0.20510091919728618
Fiji,2022,aus,0.15569909968813223,0.105017497257908
Fiji,2022,china,0.15653742067230186,0.028909199035914157
Fiji,2022,us,0.02883540719977773,0.2095807555934938
Fiji,2023,aus,0.1543964610016358,0.09726768812880822
Fiji,2023,china,0.150324208234603,0.030510197238135858
Fiji,2023,us,0.05133161530888811,0.19896297894917264
Fiji,2024,aus,0.14587173140584508,0.12009486092598576
Fiji,2024,china,0.16160221104814762,0.029438470946523677
Fiji,2024,us,0.06036881176559722,0.1919657121959832
Kiribati,2014,aus,0.23566889109893013,0.03654763133524259
Kiribati,2014,china,0.07003311271856205,0.0
Kiribati,2014,us,0.03795137525659319,0.02565117645813987
Kiribati,2015,aus,0.20030736441385086,0.039164012338437915
Kiribati,2015,china,0.11579017381208227,0.08165724421309607
Kiribati,2015,us,0.020692139585903314,0.17111963418132758
Kiribati,2016,aus,0.23169000220895516,0.03654763131147388
Kiribati,2016,china,0.06867051389018512,0.0
Kiribati,2016,us,0.036231918387922536,0.025651176511845803
Kiribati,2017,aus,0.1919953445691087,0.07044924733014263
Kiribati,2017,china,0.0932875451636693,0.0019403945376188065
Kiribati,2017,us,0.02358289411592338,0.12644899758717598
Kiribati,2018,aus,0.1672304560558572,0.0394471242764863
Kiribati,2018,china,0.10144658146889317,0.0
Kiribati,2018,us,0.022084334493865806,0.03555483330408491
Kiribati,2020,aus,0.15628739048261875,0.11529162870254248
Kiribati,2020,china,0.14112329525114625,0.017570634841471703
Kiribati,2020,us,0.011281248071651212,0.10834804165370394
Kiribati,2021,aus,0.14510112920582996,1.6934451253397056e-07
Kiribati,2021,china,0.15782131915520667,0.0
Kiribati,2021,us,0.016680490243789814,0.10379669411044508
Palau,2014,aus,0.008445079014779127,0.014736359941907164
Palau,2014,china,0.047295968786406295,0.002099931291721771
Palau,2014,us,0.33235880960232,0.3831352711003403
Palau,2015,aus,0.021595871376474368,0.004910199730009496
Palau,2015,china,0.05501129385141865,0.0004792730836947068
Palau,2015,us,0.37721429809725804,0.33952143799467127
Palau,2016,aus,0.011188993543645108,0.0
Palau,2016,china,0.052076737537143314,0.0011713105971650308
Palau,2016,us,0.41981593911657433,0.08801068797983022
Palau,2017,aus,0.0,0.08324143140145432
Palau,2017,china,0.0,0.0
Palau,2017,us,0.0,0.08413829360900736
Palau,2018,aus,0.012193980581043786,0.00020415482798241883
Palau,2018,china,0.05703447588749238,0.0011599706135364707
Palau,2018,us,0.34759598048956586,0.026239318258359103
Papua New Guinea,2011,aus,0.39459155350144676,0.42790866342897843
Papua New Guinea,2011,china,0.07262630443619682,0.0641981104483636
Papua New Guinea,2011,us,0.056621693494745384,0.019842154758114117
Papua New Guinea,2012,aus,0.34354634377156906,0.3588220428960225
Papua New Guinea,2012,china,0.06891322743158185,0.06687340038167511
Papua New Guinea,2012,us,0.05829801609800118,0.01798515281320307
Papua New Guinea,2019,aus,0.3705204429792912,0.28062201237264983
Papua New Guinea,2019,china,0.15331622889514376,0.2103195587385305
Papua New Guinea,2019,us,0.02605203840204062,0.0054791101727009114
Papua New Guinea,2020,aus,0.3602462105982115,0.21763032229934712
Papua New Guinea,2020,china,0.17904879740544147,0.17915447759018818
Papua New Guinea,2020,us,0.018731266803430426,0.00619220688023882
Papua New Guinea,2021,aus,0.35561147064809845,0.1735479895439332
Papua New Guinea,2021,china,0.1734951499034217,0.18181983327904697
Papua New Guinea,2021,us,0.012601025221152385,0.0074854783249005425
Papua New Guinea,2022,aus,0.3061683773516856,0.1736171308371785
Papua New Guinea,2022,china,0.17961985291501256,0.17513802391236152
Papua New Guinea,2022,us,0.01579158233263231,0.004380970594440649
Papua New Guinea,2023,aus,0.2987176120312841,0.22002679571771272
Papua New Guinea,2023,china,0.18745307496391453,0.19494130224966266
Papua New Guinea,2023,us,0.01988593972717155,0.007701249078888514
Samoa,2009,aus,0.23563170065741587,0.6887591733165461
Samoa,2009,china,0.07501719026944235,0.00041715109358772496
Samoa,2009,us,0.13244133300168714,0.035926020507982104
Samoa,2010,aus,0.23299152940944706,0.6531759168071556
Samoa,2010,china,0.06112632363284869,0.00033426387811465267
Samoa,2010,us,0.11473916527629056,0.026205066689928388
Samoa,2011,aus,0.09934638779985258,0.5015552446536801
Samoa,2011,china,0.06433895591932416,0.001303455786172162
Samoa,2011,us,0.11307854282907757,0.026187370245052615
Samoa,2012,aus,0.08066347499019717,0.506953801177544
Samoa,2012,china,0.09884100634548389,2.2338553524783933e-06
Samoa,2012,us,0.1253703646982178,0.022650754520781195
Samoa,2013,aus,0.07206450030588403,0.4533178853449439
Samoa,2013,china,0.08146227491066224,0.002210272692234409
Samoa,2013,us,0.12371200839027376,0.023169760670603147
Samoa,2014,aus,0.07907707653457821,0.5785845300794541
Samoa,2014,china,0.12628483660182396,0.0001507218378111662
Samoa,2014,us,0.10476557196403703,0.0378288640037152
Samoa,2015,aus,0.09822763909325453,0.42113672503161464
Samoa,2015,china,0.14835316759688136,0.014001481717829466
Samoa,2015,us,0.10065774392336374,0.053397825862399266
Samoa,2016,aus,0.10327407286230515,0.3591005081576202
Samoa,2016,china,0.14072647921775452,0.014257478066839035
Samoa,2016,us,0.10625743472601583,0.06675406062681184
Samoa,2017,aus,0.10498662117115903,0.21433036894277016
Samoa,2017,china,0.09057463588213588,0.011418438934223061
Samoa,2017,us,0.11143962656931955,0.05660573729567576
Samoa,2018,aus,0.09605797647212354,0.10779415823366957
Samoa,2018,china,0.1189039987343394,0.012128053310395383
Samoa,2018,us,0.10187534500591967,0.09667988415668496
Samoa,2019,aus,0.09108216245400552,0.0819770377819249
Samoa,2019,china,0.12204815143294383,0.013586678424234137
Samoa,2019,us,0.08811350562715552,0.1280397166124986
Samoa,2021,aus,0.10988942941736972,0.08598377282855788
Samoa,2021,china,0.13458273594682607,0.004972481371582263
Samoa,2021,us,0.09965487688061739,0.18627683233149017
Samoa,2022,aus,0.08900861722996224,0.05938038381075826
Samoa,2022,china,0.1268765994145284,0.019202553310085826
Samoa,2022,us,0.11226084625870675,0.15711272889747188
Samoa,2023,aus,0.08567778959019794,0.1295339570107382
Samoa,2023,china,0.12560475345880115,0.02697040312741163
Samoa,2023,us,0.07997685080187909,0.12051673458580371
Samoa,2024,aus,0.10275710634588724,0.10874873657083324
Samoa,2024,china,0.1433809632412947,0.014606821258287788
Samoa,2024,us,0.0889785758161754,0.13360389461886105
Solomon Islands,2015,aus,0.28873482298475994,0.014132464155129082
Solomon Islands,2015,china,0.10548125011122614,0.5799458522777255
Solomon Islands,2015,us,0.011936142486931344,0.0024021193315371505
Solomon Islands,2016,aus,0.20377536075870661,0.011579015335254652
Solomon Islands,2016,china,0.14849078414562172,0.6250079344285606
Solomon Islands,2016,us,0.01418745718360823,0.0043392057198299045
Solomon Islands,2017,aus,0.19921831617074057,0.008243937783394323
Solomon Islands,2017,china,0.125661637109767,0.6520321069504952
Solomon Islands,2017,us,0.01497908202128943,0.007117499430436832
Solomon Islands,2018,aus,0.18221208806069816,0.00881576669144915
Solomon Islands,2018,china,0.14867806221587584,0.6683266754017981
Solomon Islands,2018,us,0.016566657968574424,0.005154001441421278
Tonga,2008,aus,0.10792856690195501,0.062098162311270404
Tonga,2008,china,0.04242719522955673,0.005908739971747734
Tonga,2008,us,0.0937920406809493,0.21534884101352583
Tonga,2009,aus,0.12060402450719307,0.09589512386873454
Tonga,2009,china,0.050833756814117725,0.007918361286085184
Tonga,2009,us,0.12944011330811434,0.15967017577964462
Tonga,2010,aus,0.09196994783646364,0.0392761267797873
Tonga,2010,china,0.05307008862666319,0.005198966310630486
Tonga,2010,us,0.12968800777657338,0.16238013541437316
Tonga,2011,aus,0.06543615427798341,0.09275036111973277
Tonga,2011,china,0.06722559790254515,0.00022053856016669213
Tonga,2011,us,0.12090085703275576,0.1077617135748849
Tonga,2012,aus,0.05169317330852524,0.12019835066288762
Tonga,2012,china,0.06349380325653554,0.0001121085657553958
Tonga,2012,us,0.1292935223821372,0.13427172972992746
Tonga,2013,aus,0.056567047082763194,0.10817316289669544
Tonga,2013,china,0.05443897609817469,0.0004470920839355389
Tonga,2013,us,0.11245345887825191,0.10518903689001388
Tonga,2014,aus,0.05390809288210363,0.08778715149886962
Tonga,2014,china,0.07515873309346555,0.0003274981840085333
Tonga,2014,us,0.10854995043764452,0.13142650962997207
Tonga,2017,aus,0.07642123484445551,0.3699855478407498
Tonga,2017,china,0.08709362932847808,0.004851985949180589
Tonga,2017,us,0.09570628719759225,0.08992613260167519
Tonga,2018,aus,0.07554883462621642,0.18665956087132987
Tonga,2018,china,0.08619018223815347,0.0017236976832697545
Tonga,2018,us,0.08773846343601599,0.10463356312685453
Tonga,2019,aus,0.06719604703852694,0.6069968785843256
Tonga,2019,china,0.0811457269532137,0.0044649254100025786
Tonga,2019,us,0.14420230844646506,0.09271968578463528
Tonga,2020,aus,0.08478674956640977,0.4228459626646304
Tonga,2020,china,0.0940743035620564,0.009540932840648083
Tonga,2020,us,0.07758903877013344,0.12476752321869486
Tonga,2021,aus,0.09751196199401417,0.10929696718934252
Tonga,2021,china,0.11699732796275515,0.0003906227011423602
Tonga,2021,us,0.10277698524214156,0.14878156391754785
Tonga,2022,aus,0.07042969235180849,0.7329410830727402
Tonga,2022,china,0.1312614007099786,0.0
Tonga,2022,us,0.10261647035534922,0.03625498279629431
Tonga,2023,aus,0.07255003785000208,0.05250538799322427
Tonga,2023,china,0.139933168505541,0.0002445554759933366
Tonga,2023,us,0.06188988580469212,0.05878575601509365
