country,year,partner,import_index,export_index,cwi,cwe,gdp_usd,gdp_source,import_openness,export_openness,import_index_gdp,export_index_gdp,cwi_trade,cwe_trade
Cook Isds,2008,aus,0.0,0.023860065923025045,,,,,,,,,0.0,0.0009013401217484384
Cook Isds,2008,china,0.0,0.25535422208679887,,,,,,,,,0.0,0.10712674912367448
Cook Isds,2008,us,0.0,0.019524881580432155,,,,,,,,,0.0,0.0067819953763821085
Fiji,2008,aus,0.19675687293760813,0.12346100092845183,0.050703062014173336,0.02069193560207996,3523185919.55826,world_bank_wdi,0.6425660333258392,0.2616697134494651,0.12642928337311501,0.032306004735132135,0.07890716188613457,0.0790765401517363
Fiji,2008,china,0.04252501942129563,0.0026517525741773028,0.0036640889544709374,1.4277123659378302e-05,3523185919.55826,world_bank_wdi,0.6425660333258392,0.2616697134494651,0.027325133046646206,0.0006938833362238562,0.00570227613107105,5.456162072090765e-05
Fiji,2008,us,0.06742403303275314,0.12201604156930325,0.017715623014561623,0.02034783228715353,3523185919.55826,world_bank_wdi,0.6425660333258392,0.2616697134494651,0.04332439345668654,0.031927902633677605,0.027570120572461377,0.07776151094797297
Fiji,2009,aus,0.22116039963627324,0.15905364308696443,0.03903491811321667,0.022565172608045775,2870624635.68032,world_bank_wdi,0.5005946399743886,0.21900285365976038,0.1107117106325121,0.03483320172102623,0.07797709962538507,0.10303597524396962
Fiji,2009,china,0.0553133292420777,0.011476335386634366,0.003773583421472084,0.00015991429730382545,2870624635.68032,world_bank_wdi,0.5005946399743886,0.21900285365976038,0.027689556137722705,0.0025133501992294156,0.007538201810680889,0.0007301927560828315
Fiji,2009,us,0.04415113891309126,0.11132396619431592,0.005993051316456971,0.013500569950989846,2870624635.68032,world_bank_wdi,0.5005946399743886,0.21900285365976038,0.022101823488658138,0.024380266277277882,0.011971864734236042,0.06164563486448507
Fiji,2010,aus,0.2031515046564576,0.2105419901351738,0.04512007927951774,0.042299800041947104,3140166712.79624,world_bank_wdi,0.5759117029138917,0.26793526552951347,0.1169973289962199,0.056411624031979996,0.07834548082844557,0.15787320850934317
Fiji,2010,china,0.060843574923900155,0.008260370613007988,0.005090570182067014,7.305139215642866e-05,3140166712.79624,world_bank_wdi,0.5759117029138917,0.26793526552951347,0.0350405268457923,0.0022132445935684852,0.008839150439747425,0.0002726456780971295
Fiji,2010,us,0.03603508218016267,0.11427784870026637,0.004677791433570691,0.01756506149067311,3140166712.79624,world_bank_wdi,0.5759117029138917,0.26793526552951347,0.02075302554301952,0.030619065735647436,0.00812241079648645,0.06555710931130972
Fiji,2011,aus,0.19596260926212106,0.18186678164541345,0.04605018568226892,0.036444780619994996,3779411899.37483,world_bank_wdi,0.5773046328612432,0.2829727802828017,0.11313012219460006,0.051463348843287855,0.07976756648224788,0.12879253115289835
Fiji,2011,china,0.0829803494810788,0.00665754475237406,0.009008913228052732,7.34262661821655e-05,3779411899.37483,world_bank_wdi,0.5773046328612432,0.2829727802828017,0.04790494019187185,0.0018839039484364645,0.015605128930635223,0.00025948172862698534
Fiji,2011,us,0.05069641530332504,0.09728060495810145,0.010489657639365059,0.015429078469601872,3779411899.37483,world_bank_wdi,0.5773046328612432,0.2829727802828017,0.029267275424067176,0.027527763252586872,0.018170056227292182,0.05452495626675513
Fiji,2012,aus,0.18309215351724367,0.14836504077476734,0.03984490164986857,0.032824123528560706,3972028104.47328,world_bank_wdi,0.5671152307465133,0.3072995446898684,0.10383434888980768,0.04559250947797976,0.07025891651229214,0.10681474833191612
Fiji,2012,china,0.08818463844298585,0.013283752045756212,0.009452513519227186,0.0005699641231362833,3972028104.47328,world_bank_wdi,0.5671152307465133,0.3072995446898684,0.05001085157889176,0.004082090955433992,0.016667712321505664,0.0018547509522394516
Fiji,2012,us,0.030331875936645027,0.1232493574885794,0.0021997991390560467,0.022700410830752887,3972028104.47328,world_bank_wdi,0.5671152307465133,0.3072995446898684,0.017201668820785058,0.03787447143955928,0.0038789279846361655,0.0738706295632898
Fiji,2013,aus,0.13576252164492142,0.1358278347140661,0.032664287807756695,0.023006322041468477,4189967998.51424,world_bank_wdi,0.6744038150176809,0.2644387306520939,0.09155876253375549,0.03591814019901005,0.048434316473877505,0.08700057659759572
Fiji,2013,china,0.09969069437796611,0.026046535360809125,0.01829743772418498,0.0021910457630668952,4189967998.51424,world_bank_wdi,0.6744038150176809,0.2644387306520939,0.06723178461026201,0.006887712748697243,0.0271312784962601,0.008285646197377653
Fiji,2013,us,0.04535896307160907,0.13306522178431676,0.003103744091098334,0.02008572197362263,4189967998.51424,world_bank_wdi,0.6744038150176809,0.2644387306520939,0.03059025774073926,0.03518759834258408,0.004602204231328322,0.07595605199016102
Fiji,2014,aus,0.1399540833742759,0.11552098295347742,0.029683720319642316,0.02023767977131419,4857104768.86844,world_bank_wdi,0.6692183394588914,0.2827331277270203,0.09365983927622416,0.03266160882853646,0.04435580821596077,0.07157873551646106
Fiji,2014,china,0.13641743769627485,0.05860837916719262,0.03437209206913953,0.006675496542411919,4857104768.86844,world_bank_wdi,0.6692183394588914,0.2827331277270203,0.09129305112833783,0.01657053035295151,0.05136155129420348,0.023610592066371262
Fiji,2014,us,0.0367139042690916,0.12436959054607359,0.002716758081200659,0.019344434192774686,4857104768.86844,world_bank_wdi,0.6692183394588914,0.2827331277270203,0.024569618050014185,0.035163403329220244,0.004059598969444476,0.06841941143682248
Fiji,2015,aus,0.16109037892502387,0.1438437116280293,0.02566594964606353,0.01987941250190882,4682479893.97558,world_bank_wdi,0.48429350160554613,0.20955574670944166,0.07801502368456407,0.030143276399669277,0.05299668395502915,0.09486455424900615
Fiji,2015,china,0.14628165814128857,0.05214322584210026,0.023558039014338658,0.0023914364344271195,4682479893.97558,world_bank_wdi,0.48429350160554613,0.20955574670944166,0.07084325644191009,0.010926912627180374,0.0486441361204275,0.01141193439921718
Fiji,2015,us,0.02912724708236747,0.16558382685401998,0.0008376208427376351,0.018097092558921175,4682479893.97558,world_bank_wdi,0.48429350160554613,0.20955574670944166,0.014106136481649668,0.03469904247940105,0.0017295727486755991,0.08635932367921934
Fiji,2016,aus,0.17418537658130803,0.15001445955428913,0.025294307310470075,0.01904453971332339,4930213644.36653,world_bank_wdi,0.4668480325186261,0.18701775491201256,0.08131810035049963,0.028055367430182065,0.05418103011810571,0.10183278973851118
Fiji,2016,china,0.1524578515449623,0.051081374103278204,0.020374458465413286,0.0022681681412607298,4930213644.36653,world_bank_wdi,0.4668480325186261,0.18701775491201256,0.07117464803578244,0.009553123902615708,0.04364259254878705,0.012128089882844811
Fiji,2016,us,0.027688014387819294,0.18325628262975435,0.001082464474626635,0.02009584808031111,4930213644.36653,world_bank_wdi,0.4668480325186261,0.18701775491201256,0.01292609504130085,0.03427217855093791,0.0023186656025661785,0.10745422588227377
Fiji,2017,aus,0.16598299806857295,0.14375173707137587,0.022732392378839932,0.0169062818500687,5353469174.47838,world_bank_wdi,0.44942920460141267,0.19354724205019042,0.07459760679931655,0.027822752250088918,0.05058058565419823,0.08734963965895513
Fiji,2017,china,0.15849760596479093,0.04794645777546055,0.023968044547053556,0.002254769530824114,5353469174.47838,world_bank_wdi,0.44942920460141267,0.19354724205019042,0.07123345297998411,0.009279904668516296,0.053329966770428734,0.011649711496480069
Fiji,2017,us,0.0286083193412036,0.1776678588310538,0.001050474203194099,0.018763122141103938,5353469174.47838,world_bank_wdi,0.44942920460141267,0.19354724205019042,0.012857414206500344,0.03438712407771303,0.00233735189533519,0.09694337125319673
Fiji,2018,aus,0.15739250984398048,0.13378006012672092,0.02563904963264074,0.015182132300056602,5581425327.44397,world_bank_wdi,0.48896150080248413,0.18038733530724768,0.07695887782838245,0.024132228563502563,0.05243572262961788,0.0841640699120999
Fiji,2018,china,0.163252449225991,0.05622110041274798,0.022899253989629557,0.0022828404220353454,5581425327.44397,world_bank_wdi,0.48896150080248413,0.18038733530724768,0.07982416258322189,0.01014157449149681,0.04683242740389024,0.01265521450354073
Fiji,2018,us,0.022791746478569557,0.1861027740209714,0.0005688516929133451,0.020261343478969886,5581425327.44397,world_bank_wdi,0.48896150080248413,0.18038733530724768,0.011144286564071104,0.03357058349892991,0.0011633874895666532,0.11232131925702778
Fiji,2019,aus,0.14208614609253867,0.13674582436336813,0.02693501336541265,0.014603197876255379,5344907153.46698,world_bank_wdi,0.5203484055983952,0.18057378920304618,0.07393429957687316,0.024692711662987612,0.05176342057671468,0.08087108290026973
Fiji,2019,china,0.12526244792991797,0.03461903640163273,0.01941982253404949,0.001097281781339028,5344907153.46698,world_bank_wdi,0.5203484055983952,0.18057378920304618,0.06518011506168482,0.006251290581601011,0.03732080722283927,0.006076639285146693
Fiji,2019,us,0.028426173269111846,0.21746463403944233,0.0008040136864989837,0.024433347960395153,5344907153.46698,world_bank_wdi,0.5203484055983952,0.18057378920304618,0.014791513937846073,0.03926841298615584,0.0015451449026241874,0.13530949352190355
Fiji,2020,aus,0.1784752072237708,0.1496486641796447,0.026509796953179437,0.01870001988789602,4227719873.3865,world_bank_wdi,0.40933315303144563,0.19543272296543315,0.07305581931084675,0.029246245928767643,0.06476337613225995,0.09568520360432962
Fiji,2020,china,0.16296857996678654,0.04939932744605913,0.02135445639310979,0.002541554785412161,4227719873.3865,world_bank_wdi,0.40933315303144563,0.19543272296543315,0.06670844268286202,0.009654245075444393,0.05216889038906972,0.013004755533502414
Fiji,2020,us,0.04075562116338928,0.20406948224059812,0.004246595732066516,0.02195539011003105,4227719873.3865,world_bank_wdi,0.40933315303144563,0.19543272296543315,0.01668262691456525,0.03988185458842619,0.010374424110573533,0.11234244591635953
Fiji,2021,aus,0.16901381750967803,0.16505774057662378,0.03061890220943692,0.02083616141179552,4158873156.17978,world_bank_wdi,0.5087074938422442,0.19604725187193342,0.08597859553005872,0.03235911644023761,0.060189603220062206,0.10628132357298538
Fiji,2021,china,0.15039880393615843,0.05666306772596212,0.023479234710021307,0.004439564883033534,4158873156.17978,world_bank_wdi,0.5087074938422442,0.19604725187193342,0.0765089986272342,0.011108638710308118,0.04615468612951567,0.022645381869130465
Fiji,2021,us,0.10561286588813501,0.20510091919728618,0.03790511371053373,0.02390857834647196,4158873156.17978,world_bank_wdi,0.5087074938422442,0.19604725187193342,0.053726056323450205,0.040209471565035425,0.07451259155676705,0.1219531420011441
Fiji,2022,aus,0.15569909968813223,0.105017497257908,0.035108288911062956,0.012600282289489798,4977861885.60316,world_bank_wdi,0.6021519815115975,0.21198442859833172,0.09375452139678057,0.022262074149044495,0.05830469713464983,0.05943965966181801
Fiji,2022,china,0.15653742067230186,0.028909199035914157,0.03100154551188098,0.0011966353404209951,4977861885.60316,world_bank_wdi,0.6021519815115975,0.21198442859833172,0.09425931803854108,0.0061283000388637045,0.051484586057587996,0.005644920942228171
Fiji,2022,us,0.02883540719977773,0.2095807555934938,0.0038656380098187975,0.030262556434354635,4977861885.60316,world_bank_wdi,0.6021519815115975,0.21198442859833172,0.017363297583039946,0.0444278567196934,0.006419704872704707,0.14275839331433232
Fiji,2023,aus,0.1543964610016358,0.09726768812880822,0.029728638854578746,0.01117933639464399,5476673518.13788,world_bank_wdi,0.5661201167728515,0.19495222676684668,0.08740694253156106,0.01896255239317434,0.05251295259395805,0.05734397898421508
Fiji,2023,china,0.150324208234603,0.030510197238135858,0.025393475552791003,0.0014118000360066826,5476673518.13788,world_bank_wdi,0.5661201167728515,0.19495222676684668,0.08510155831955989,0.005948030890670281,0.04485527858918996,0.007241774353750401
Fiji,2023,us,0.05133161530888811,0.19896297894917264,0.01234522233325211,0.026746663593565354,5476673518.13788,world_bank_wdi,0.5661201167728515,0.19495222676684668,0.029059860052806825,0.03878827579030645,0.021806719046879364,0.13719598917714879
Fiji,2024,aus,0.14587173140584508,0.12009486092598576,0.02338784765802801,0.015513450706849513,5968125909.27126,world_bank_wdi,0.525997870854624,0.18833107479702021,0.0767282201373521,0.022617594235789563,0.044463768684135936,0.0823732924774609
Fiji,2024,china,0.16160221104814762,0.029438470946523677,0.028071327983431697,0.0010888320088548833,5968125909.27126,world_bank_wdi,0.525997870854624,0.18833107479702021,0.08500241893672525,0.005544178873739657,0.05336775971701621,0.005781478229380926
Fiji,2024,us,0.06036881176559722,0.1919657121959832,0.0091318573114035,0.020436019098153412,5968125909.27126,world_bank_wdi,0.525997870854624,0.18833107479702021,0.03175386645472771,0.03615310890204497,0.017361015732946523,0.10851113720971953
Kiribati,2014,aus,0.23566889109893013,0.03654763133524259,0.07082216891746101,0.0007406980937239551,200287281.98074,world_bank_wdi,0.5815404811884185,0.05071978515329227,0.13705100033081283,0.0018536880091852364,0.12178372995243766,0.014603730900777991
Kiribati,2014,china,0.07003311271856205,0.0,0.006965690941629394,0.0,200287281.98074,world_bank_wdi,0.5815404811884185,0.05071978515329227,0.04072709006947533,0.0,0.011977998380086145,0.0
Kiribati,2014,us,0.03795137525659319,0.02565117645813987,0.002262029791242838,8.884212097281004e-05,200287281.98074,world_bank_wdi,0.5815404811884185,0.05071978515329227,0.02207026102848144,0.0013010221588860428,0.0038897202592332396,0.00175162652413253
Kiribati,2015,aus,0.20030736441385086,0.039164012338437915,0.049087755786262226,0.00038428455589958795,191559398.688293,world_bank_wdi,0.5780402141958024,0.052248594997347284,0.115785711830779,0.0020462646191421545,0.0849210047687694,0.007354926116560617
Kiribati,2015,china,0.11579017381208227,0.08165724421309607,0.027725159352338165,0.0007444484533340724,191559398.688293,world_bank_wdi,0.5780402141958024,0.052248594997347284,0.06693137687210524,0.0042664762814895365,0.04796406663662796,0.014248200422841396
Kiribati,2015,us,0.020692139585903314,0.17111963418132758,0.0005999064260654115,0.0031082262692377267,191559398.688293,world_bank_wdi,0.5780402141958024,0.052248594997347284,0.011960888798404994,0.00894076046243441,0.001037828184497562,0.059489183764568875
Kiribati,2016,aus,0.23169000220895516,0.03654763131147388,0.06973531904164537,0.000795977879475926,206467818.503227,world_bank_wdi,0.5763135062045529,0.05450510487097587,0.13352607752558357,0.0019920324774176453,0.12100240284303519,0.014603730813107499
Kiribati,2016,china,0.06867051389018512,0.0,0.006683327069669886,0.0,206467818.503227,world_bank_wdi,0.5763135062045529,0.05450510487097587,0.03957574463292104,0.0,0.011596686521689378,0.0
Kiribati,2016,us,0.036231918387922536,0.025651176511845803,0.0021111713666814897,9.5472587758208e-05,206467818.503227,world_bank_wdi,0.5763135062045529,0.05450510487097587,0.02088094392266085,0.0013981200658420687,0.0036632342361453602,0.0017516265308398192
Kiribati,2017,aus,0.1919953445691087,0.07044924733014263,0.03219169774469331,0.00379181502805845,223029864.54193,world_bank_wdi,0.4837265659582435,0.06836104898469157,0.09287324870838463,0.004815984447670532,0.06654936902405352,0.05546747869400848
Kiribati,2017,china,0.0932875451636693,0.0019403945376188065,0.009641267171465377,9.235281558895869e-05,223029864.54193,world_bank_wdi,0.4837265659582435,0.06836104898469157,0.04512566386869629,0.0001326474060357872,0.01993123357276523,0.0013509566772393986
Kiribati,2017,us,0.02358289411592338,0.12644899758717598,0.001045737929934519,0.004474080920049943,223029864.54193,world_bank_wdi,0.4837265659582435,0.06836104898469157,0.011407672386052482,0.008644186118122083,0.0021618368796077034,0.06544780962989387
Kiribati,2018,aus,0.1672304560558572,0.0394471242764863,0.024704763977113388,0.0004429183515444518,233859230.192198,world_bank_wdi,0.43893742939988767,0.03500504591275743,0.07340370649852884,0.0013808483964246512,0.05628311080895876,0.012652985876617067
Kiribati,2018,china,0.10144658146889317,0.0,0.008224030710685037,0.0,233859230.192198,world_bank_wdi,0.43893742939988767,0.03500504591275743,0.04452870169136225,0.0,0.018736225620879215,0.0
Kiribati,2018,us,0.022084334493865806,0.03555483330408491,0.001076946177860625,9.135134597490468e-05,233859230.192198,world_bank_wdi,0.43893742939988767,0.03500504591275743,0.009693641012744727,0.0012445985722299292,0.0024535300608403768,0.002609662224199857
Kiribati,2020,aus,0.15628739048261875,0.11529162870254248,0.02929049690694506,0.003971238975365785,220909306.750809,world_bank_wdi,0.49317574483131643,0.04196749595279804,0.0770771502090083,0.004838500960965446,0.05939160068985844,0.0946265409742898
Kiribati,2020,china,0.14112329525114625,0.017570634841471703,0.019873514176078286,2.6279264330078344e-05,220909306.750809,world_bank_wdi,0.49317574483131643,0.04196749595279804,0.06959858624853384,0.000737395546597556,0.04029702268280799,0.0006261813752156033
Kiribati,2020,us,0.011281248071651212,0.10834804165370394,0.00041921727738838575,0.0009391203525621736,220909306.750809,world_bank_wdi,0.49317574483131643,0.04196749595279804,0.005563637920363439,0.004547095999595414,0.0008500362837831226,0.02237732633889873
Kiribati,2021,aus,0.14510112920582996,1.6934451253397056e-07,0.027651538117202338,1.4042193927282967e-12,285451584.406531,world_bank_wdi,0.6089572213039113,0.031051108307658795,0.08836038044924202,5.258334800000002e-09,0.04540801414259333,4.52228428954964e-11
Kiribati,2021,china,0.15782131915520667,0.0,0.02830665577883007,0.0,285451584.406531,world_bank_wdi,0.6089572213039113,0.031051108307658795,0.0961064319752724,0.0,0.04648381657782019,0.0
Kiribati,2021,us,0.016680490243789814,0.10379669411044508,0.0007728839545244424,0.001303657420333601,285451584.406531,world_bank_wdi,0.6089572213039113,0.031051108307658795,0.010157704988845247,0.00322300239080036,0.0012691925269718092,0.0419842476286765
Palau,2014,aus,0.008445079014779127,0.014736359941907164,0.00042653718733192986,0.00044526871747506625,245436546.875,world_bank_wdi,0.672225184475188,0.04644937009240996,0.005676994798617437,0.0006844946367566108,0.000634515333823637,0.00958610884473168
Palau,2014,china,0.047295968786406295,0.002099931291721771,0.007653767751580591,1.0855575182380737e-05,245436546.875,world_bank_wdi,0.672225184475188,0.04644937009240996,0.031793541342374707,9.754048573781704e-05,0.0113857200359965,0.00023370769422241503
Palau,2014,us,0.33235880960232,0.3831352711003403,0.13334146847146353,0.015550427652986318,245436546.875,world_bank_wdi,0.672225184475188,0.04644937009240996,0.22341996209687345,0.01779639200279553,0.19835833519918533,0.3347823150679783
Palau,2015,aus,0.021595871376474368,0.004910199730009496,0.0010352658557676794,1.4388646847112535e-05,283224750.0,world_bank_wdi,0.5307299626886421,0.022542765065553062,0.011461576009864955,0.00011068947893854614,0.0019506452029259711,0.000638282251767748
Palau,2015,china,0.05501129385141865,0.0004792730836947068,0.0038486472010112777,2.7847599406668766e-07,283224750.0,world_bank_wdi,0.5307299626886421,0.022542765065553062,0.02919614193321735,1.0804140527972926e-05,0.007251610935087009,1.2353231436201172e-05
Palau,2015,us,0.37721429809725804,0.33952143799467127,0.11412137281876468,0.007019711259752385,283224750.0,world_bank_wdi,0.5307299626886421,0.022542765065553062,0.2001989303547801,0.007653752011432616,0.21502719055210961,0.31139530751172134
Palau,2016,aus,0.011188993543645108,0.0,0.0003894495747717438,0.0,303326125.0,world_bank_wdi,0.5060838231457973,0.021559906849434745,0.005662568629721558,0.0,0.0007695357112008451,0.0
Palau,2016,china,0.052076737537143314,0.0011713105971650308,0.0036416763203516293,4.710578125036883e-07,303326125.0,world_bank_wdi,0.5060838231457973,0.021559906849434745,0.02635519442975774,2.525334736663385e-05,0.007195796731290702,2.1848787000489217e-05
Palau,2016,us,0.41981593911657433,0.08801068797983022,0.13015258559069884,0.0005841060736280255,303326125.0,world_bank_wdi,0.5060838231457973,0.021559906849434745,0.2124620554856592,0.0018975022345998059,0.25717594524495063,0.027092235495597212
Palau,2017,aus,0.0,0.08324143140145432,0.0,0.000874375604191157,289983656.25,world_bank_wdi,0.0,0.022138350633338497,0.0,0.0018428279955863894,0.0,0.039495968722910224
Palau,2017,china,0.0,0.0,0.0,0.0,289983656.25,world_bank_wdi,0.0,0.022138350633338497,0.0,0.0,0.0,0.0
Palau,2017,us,0.0,0.08413829360900736,0.0,0.0006782032426806477,289983656.25,world_bank_wdi,0.0,0.022138350633338497,0.0,0.0018626830456069886,0.0,0.030634768321869947
Palau,2018,aus,0.012193980581043786,0.00020415482798241883,0.00035828892894473516,1.4135650307151761e-09,288228343.75,world_bank_wdi,0.5357308884719982,0.02990999406178283,0.006532692050692881,6.106269692638443e-06,0.0006687852738277612,4.7260625588734014e-08
Palau,2018,china,0.05703447588749238,0.0011599706135364707,0.004217083002078739,2.906826147216598e-05,288228343.75,world_bank_wdi,0.5357308884719982,0.02990999406178283,0.03055513044074105,3.469471416271843e-05,0.007871644314007402,0.0009718578148869523
Palau,2018,us,0.34759598048956586,0.026239318258359103,0.10514028192979301,2.3695501422845942e-05,288228343.75,world_bank_wdi,0.5357308884719982,0.02990999406178283,0.18621790345697048,0.0007848178532927505,0.19625577727965654,0.0007922268848967312
Papua New Guinea,2011,aus,0.39459155350144676,0.42790866342897843,0.06285614611101159,0.11790243330430801,17985138065.8549,world_bank_wdi,0.3394749407896626,0.3057702143215989,0.13395394426100463,0.13084172372674766,0.18515695433895668,0.385591623323723
Papua New Guinea,2011,china,0.07262630443619682,0.0641981104483636,0.0039850925905642745,0.01439401675933181,17985138065.8549,world_bank_wdi,0.3394749407896626,0.3057702143215989,0.024654810398249925,0.019629869990837816,0.011738988984855358,0.04707462036898291
Papua New Guinea,2011,us,0.056621693494745384,0.019842154758114117,0.0037058299409723147,0.0009779341912691582,17985138065.8549,world_bank_wdi,0.3394749407896626,0.3057702143215989,0.019221646046539115,0.006067139912990887,0.010916357868277627,0.003198265054818583
Papua New Guinea,2012,aus,0.34354634377156906,0.3588220428960225,0.05535720273250559,0.06825347303954088,21295168665.7247,world_bank_wdi,0.39167041500942046,0.21214606678703465,0.13455693903997948,0.0761226850768798,0.14133618627073005,0.3217286753096297
Papua New Guinea,2012,china,0.06891322743158185,0.06687340038167511,0.003761940454402061,0.007272608287350225,21295168665.7247,world_bank_wdi,0.39167041500942046,0.21214606678703465,0.02699127238776624,0.014186928863646956,0.009604862430856767,0.03428113656545383
Papua New Guinea,2012,us,0.05829801609800118,0.01798515281320307,0.0031474268791525824,0.0007423339588740212,21295168665.7247,world_bank_wdi,0.39167041500942046,0.21214606678703465,0.022833608159329995,0.003815479429884803,0.008035906615711274,0.003499164373474913
Papua New Guinea,2019,aus,0.3705204429792912,0.28062201237264983,0.0343391416393328,0.10425780920615312,24750626029.8777,world_bank_wdi,0.2007731249203701,0.41196259668816076,0.0743905471838321,0.115605772904894,0.17103455282151064,0.25307591039647737
Papua New Guinea,2019,china,0.15331622889514376,0.2103195587385305,0.007470659619378457,0.0356598864597312,24750626029.8777,world_bank_wdi,0.2007731249203701,0.41196259668816076,0.030781778376284756,0.08664379155223317,0.03720946029176685,0.0865609808910014
Papua New Guinea,2019,us,0.02605203840204062,0.0054791101727009114,0.0005118043629063078,0.00041282267142395845,24750626029.8777,world_bank_wdi,0.2007731249203701,0.41196259668816076,0.005230549160523181,0.0022571884542863844,0.002549167689197933,0.0010020877495741409
Papua New Guinea,2020,aus,0.3602462105982115,0.21763032229934712,0.028206356198797793,0.0849594710880631,23848447849.6081,world_bank_wdi,0.17141383945916536,0.4347035190627033,0.0617511861092545,0.0946046669582765,0.1645512187801918,0.19544233566650332
Papua New Guinea,2020,china,0.17904879740544147,0.17915447759018818,0.00891864206730383,0.027971325526109796,23848447849.6081,world_bank_wdi,0.17141383945916536,0.4347035190627033,0.030691441813812965,0.07787908186429503,0.052029883324726835,0.0643457535987306
Papua New Guinea,2020,us,0.018731266803430426,0.00619220688023882,0.00021880586538297551,0.0007160159577617559,23848447849.6081,world_bank_wdi,0.17141383945916536,0.4347035190627033,0.0032107983607100165,0.0026917741216040984,0.0012764772440389798,0.0016471363270893489
Papua New Guinea,2021,aus,0.35561147064809845,0.1735479895439332,0.027491629446710953,0.05403217828113214,26113409477.7318,world_bank_wdi,0.1723360864737948,0.3695626580558734,0.06128468915668404,0.06413685631610888,0.15952334771679577,0.14620573021466668
Papua New Guinea,2021,china,0.1734951499034217,0.18181983327904697,0.008572980638047867,0.02571222192634648,26113409477.7318,world_bank_wdi,0.1723360864737948,0.3695626580558734,0.029899475156540078,0.06719382087388034,0.04974570801427281,0.06957472938853877
Papua New Guinea,2021,us,0.012601025221152385,0.0074854783249005425,0.00016049083953614392,0.0006367255230708657,26113409477.7318,world_bank_wdi,0.1723360864737948,0.3695626580558734,0.0021716113721709867,0.0027663532665698713,0.0009312665897200117,0.0017229162881889448
Papua New Guinea,2022,aus,0.3061683773516856,0.1736171308371785,0.023523037374853954,0.05267476036955545,31653230962.4549,world_bank_wdi,0.18381160210078476,0.34526981045461647,0.05627729995361096,0.05994475385582697,0.12797362683317542,0.1525611529725076
Papua New Guinea,2022,china,0.17961985291501256,0.17513802391236152,0.00972423798712484,0.020814225862295914,31653230962.4549,world_bank_wdi,0.18381160210078476,0.34526981045461647,0.03301621293341577,0.060469872319617146,0.05290328725709597,0.060283943837689834
Papua New Guinea,2022,us,0.01579158233263231,0.004380970594440649,0.00018444891679538555,0.0001991207272628433,31653230962.4549,world_bank_wdi,0.18381160210078476,0.34526981045461647,0.0029026760482675925,0.0015126168867497713,0.0010034672169075124,0.0005767105064895804
Papua New Guinea,2023,aus,0.2987176120312841,0.22002679571771272,0.02629450487964601,0.0620848068331172,30816328065.6492,world_bank_wdi,0.20034953551611384,0.3223614673113301,0.05984793482095047,0.07092816071537215,0.13124315368093867,0.1925937592694879
Papua New Guinea,2023,china,0.18745307496391453,0.19494130224966266,0.011928320183796203,0.022108914472355443,30816328065.6492,world_bank_wdi,0.20034953551611384,0.3223614673113301,0.037556136500087545,0.06284156423278275,0.05953754848029994,0.06858423451399391
Papua New Guinea,2023,us,0.01988593972717155,0.007701249078888514,0.00024980098887170344,0.0004947760343463779,30816328065.6492,world_bank_wdi,0.20034953551611384,0.3223614673113301,0.003984138787640256,0.0024825859532005305,0.0012468258946954848,0.0015348485613776333
Samoa,2009,aus,0.23563170065741587,0.6887591733165461,0.045409548405858785,0.04974244676624944,628006115.424052,world_bank_wdi,0.3670965096324452,0.07320971224771478,0.08649957487009452,0.05042386088647825,0.12369921046464054,0.6794514722027492
Samoa,2009,china,0.07501719026944235,0.00041715109358772496,0.004430446251487684,2.2175624700839594e-07,628006115.424052,world_bank_wdi,0.3670965096324452,0.07320971224771478,0.02753854871034532,3.053951152537688e-05,0.01206888688733015,3.0290550283554488e-06
Samoa,2009,us,0.13244133300168714,0.035926020507982104,0.01657365515219251,0.0005761119618395435,628006115.424052,world_bank_wdi,0.3670965096324452,0.07320971224771478,0.04861875107598773,0.0026301336235948695,0.04514795079034355,0.007869337880883785
Samoa,2010,aus,0.23299152940944706,0.6531759168071556,0.05208867085520498,0.06628003915583726,680260907.153983,world_bank_wdi,0.4554837926764227,0.10326903583788966,0.10612386547689523,0.06745284716120459,0.11435899957961612,0.6418190953180077
Samoa,2010,china,0.06112632363284869,0.00033426387811465267,0.00496210684279998,1.1710886507964557e-05,680260907.153983,world_bank_wdi,0.4554837926764227,0.10326903583788966,0.027842049720656372,3.4519108408334046e-05,0.010894145790880156,0.00011340172214203829
Samoa,2010,us,0.11473916527629056,0.026205066689928388,0.018800029869961488,0.0007876533638870719,680260907.153983,world_bank_wdi,0.4554837926764227,0.10326903583788966,0.05226183016857173,0.002706171971136503,0.041274860208510414,0.007627197809065628
Samoa,2011,aus,0.09934638779985258,0.5015552446536801,0.013179441709283616,0.04325551347252012,744097050.169115,world_bank_wdi,0.46486640676963326,0.08905269948985801,0.04618279832206,0.044664848479706386,0.02835103056998212,0.4857293908024246
Samoa,2011,china,0.06433895591932416,0.001303455786172162,0.0059037078131132376,3.908580456663782e-06,744097050.169115,world_bank_wdi,0.46486640676963326,0.08905269948985801,0.02990901925352605,0.00011607625642430616,0.01269979445092243,4.389064541618887e-05
Samoa,2011,us,0.11307854282907757,0.026187370245052615,0.02260982870649152,0.0006426189445518705,744097050.169115,world_bank_wdi,0.46486640676963326,0.08905269948985801,0.05256641588769937,0.00233205601286232,0.048637260893097674,0.007216164678141584
Samoa,2012,aus,0.08066347499019717,0.506953801177544,0.008053967193481032,0.04727459197714187,773141661.165548,world_bank_wdi,0.4468976338425734,0.09843165725317814,0.03604831611063872,0.04990030280070382,0.01802195085310782,0.4802783301265151
Samoa,2012,china,0.09884100634548389,2.2338553524783933e-06,0.011771159798852987,6.390775224561014e-10,773141661.165548,world_bank_wdi,0.4468976338425734,0.09843165725317814,0.04417181186241553,2.1988208440833065e-07,0.026339722807750553,6.492601468776622e-09
Samoa,2012,us,0.1253703646982178,0.022650754520781195,0.024116616712907737,0.00041910638054346304,773141661.165548,world_bank_wdi,0.4468976338425734,0.09843165725317814,0.05602771933761403,0.0022295513055154096,0.05396452092517274,0.004257841351441139
Samoa,2013,aus,0.07206450030588403,0.4533178853449439,0.005673484883530622,0.034862513782959265,797736334.281305,world_bank_wdi,0.4595356400937485,0.07785608268169805,0.03311620627610055,0.03529355476250847,0.012346125933503638,0.44778150379706344
Samoa,2013,china,0.08146227491066224,0.002210272692234409,0.009281121487430795,6.636829760399072e-06,797736334.281305,world_bank_wdi,0.4595356400937485,0.07785608268169805,0.03743481864456408,0.00017208317347570148,0.020196739224703837,8.524484576924674e-05
Samoa,2013,us,0.12371200839027376,0.023169760670603147,0.02321877996503473,0.00048250226712941423,797736334.281305,world_bank_wdi,0.4595356400937485,0.07785608268169805,0.056850076962907635,0.0018039068024856342,0.050526614127900805,0.006197361214563625
Samoa,2014,aus,0.07907707653457821,0.5785845300794541,0.007405675058126947,0.030053995651829497,796683519.593842,world_bank_wdi,0.48704892778228775,0.0639169980897313,0.038514405338324224,0.036981386303836544,0.015205197333762133,0.47020349124715666
Samoa,2014,china,0.12628483660182396,0.0001507218378111662,0.0182958914634489,1.674548007307959e-08,796683519.593842,world_bank_wdi,0.48704892778228775,0.0639169980897313,0.06150689426207977,9.6336874194571e-06,0.03756479158419832,2.6198789951885843e-07
Samoa,2014,us,0.10476557196403703,0.0378288640037152,0.021864516219616957,0.0005952564269005143,796683519.593842,world_bank_wdi,0.48704892778228775,0.0639169980897313,0.051025959493582344,0.002417907428262169,0.04489182702685357,0.009312959692895001
Samoa,2015,aus,0.09822763909325453,0.42113672503161464,0.00800656816397456,0.024479133608880984,824150498.653536,world_bank_wdi,0.44965375572233784,0.07150095655620359,0.04416842683402024,0.030111678680707334,0.017806074256207553,0.34236092477502833
Samoa,2015,china,0.14835316759688136,0.014001481717829466,0.021557079521442864,5.0989198433264275e-05,824150498.653536,world_bank_wdi,0.44965375572233784,0.07150095655620359,0.06670755898324314,0.0010011193360290034,0.04794150887678653,0.0007131261019310144
Samoa,2015,us,0.10065774392336374,0.053397825862399266,0.018350142897068784,0.001037908683548483,824150498.653536,world_bank_wdi,0.44965375572233784,0.07150095655620359,0.04526113259767783,0.0038179956271831342,0.04080949544742608,0.014516011163188161
Samoa,2016,aus,0.10327407286230515,0.3591005081576202,0.008748249866557952,0.01962772489082176,843924796.697421,world_bank_wdi,0.4145399760370249,0.06640459697274737,0.04281123168958594,0.023845924516915546,0.021103513224926214,0.2955778031282538
Samoa,2016,china,0.14072647921775452,0.014257478066839035,0.016555989423379595,3.294613814968712e-05,843924796.697421,world_bank_wdi,0.4145399760370249,0.06640459697274737,0.05833675132270284,0.0009467620848762313,0.039938221596029826,0.0004961424306694957
Samoa,2016,us,0.10625743472601583,0.06675406062681184,0.019714904439038335,0.001447399383348377,843924796.697421,world_bank_wdi,0.4145399760370249,0.06640459697274737,0.04404795444507834,0.004432776492217784,0.04755851203425912,0.02179667446731728
Samoa,2017,aus,0.10498662117115903,0.21433036894277016,0.007686816028606621,0.0058463124022938556,884844384.463214,world_bank_wdi,0.4025451832754531,0.05018036502083484,0.04226185866081478,0.01075517614859841,0.019095535974521145,0.11650597599014022
Samoa,2017,china,0.09057463588213588,0.011418438934223061,0.00796621061762514,1.6680553778354627e-05,884844384.463214,world_bank_wdi,0.4025451832754531,0.05018036502083484,0.03646038340128182,0.0005729814336874256,0.019789606107829222,0.0003324119657445472
Samoa,2017,us,0.11143962656931955,0.05660573729567576,0.018632577187316125,0.00038953797043801117,884844384.463214,world_bank_wdi,0.4025451832754531,0.05018036502083484,0.04485948490149479,0.002840496559770494,0.04628692122386234,0.007762756812874426
Samoa,2018,aus,0.09605797647212354,0.10779415823366957,0.008022211464145,0.0020844749532037757,878448433.404342,world_bank_wdi,0.4130962065669344,0.05248037744724394,0.03968118569113007,0.005657078110710917,0.019419717094025533,0.039719130360661006
Samoa,2018,china,0.1189039987343394,0.012128053310395383,0.01398084428936158,4.154414237564216e-05,878448433.404342,world_bank_wdi,0.4130962065669344,0.05248037744724394,0.04911879082279518,0.000636484815429846,0.03384403939593246,0.0007916128731620603
Samoa,2018,us,0.10187534500591967,0.09667988415668496,0.018529196726624387,0.0016778621478978017,878448433.404342,world_bank_wdi,0.4130962065669344,0.05248037744724394,0.042084318564643106,0.005073796812098646,0.044854434468456154,0.031971228667028506
Samoa,2019,aus,0.09108216245400552,0.0819770377819249,0.007149975190664775,0.0014033858013211265,912950466.064906,world_bank_wdi,0.4279328622438368,0.053970597498437536,0.03897705047830071,0.004424349710242475,0.01670817041994477,0.026002784226388357
Samoa,2019,china,0.12204815143294383,0.013586678424234137,0.01285037253723029,4.004781462179809e-05,912950466.064906,world_bank_wdi,0.4279328622438368,0.053970597498437536,0.052228414774268886,0.0007332811525750461,0.030028945358041067,0.0007420302253084651
Samoa,2019,us,0.08811350562715552,0.1280397166124986,0.016333166436388248,0.0033315883191338456,912950466.064906,world_bank_wdi,0.4279328622438368,0.053970597498437536,0.03770666466536708,0.006910380009107168,0.03816759094112661,0.061729691231050314
Samoa,2021,aus,0.10988942941736972,0.08598377282855788,0.013980161938458684,0.0006509939789717603,859724936.05765,world_bank_wdi,0.428323292933203,0.0335416413396509,0.04706820226659858,0.002884036869245509,0.03263927544710694,0.019408530798467355
Samoa,2021,china,0.13458273594682607,0.004972481371582263,0.017587607097094532,3.741859043717825e-06,859724936.05765,world_bank_wdi,0.428323292933203,0.0335416413396509,0.05764492063270429,0.00016678518673370765,0.041061523823868525,0.00011155861473285821
Samoa,2021,us,0.09965487688061739,0.18627683233149017,0.021613583983475595,0.0047464550511296,859724936.05765,world_bank_wdi,0.428323292933203,0.0335416413396509,0.04268450502235896,0.006248030699949131,0.05046091197950851,0.14150932576810507
Samoa,2022,aus,0.08900861722996224,0.05938038381075826,0.009202973595263926,0.00041329196544303166,889554711.842341,world_bank_wdi,0.5007138740859619,0.048672138551578606,0.044567849560248896,0.0028901702680831413,0.01837970559945773,0.00849134592689121
Samoa,2022,china,0.1268765994145284,0.019202553310085826,0.020816283660265292,5.905229336471179e-05,889554711.842341,world_bank_wdi,0.5007138740859619,0.048672138551578606,0.0635288736237012,0.0009346293352525717,0.041573211244175706,0.0012132668734523176
Samoa,2022,us,0.11226084625870675,0.15711272889747188,0.024293196758019362,0.006707133838641733,889554711.842341,world_bank_wdi,0.5007138740859619,0.048672138551578606,0.05621056323836562,0.007647012509114359,0.0485171232819659,0.13780232466124498
Samoa,2023,aus,0.08567778959019794,0.1295339570107382,0.007897023011361061,0.0013609111247557333,1044909500.02527,world_bank_wdi,0.452969787830959,0.04106871843921622,0.038809450172497505,0.0053197936087915456,0.017433884606688387,0.03313741398504924
Samoa,2023,china,0.12560475345880115,0.02697040312741163,0.017437732680623066,6.32615837447383e-05,1044909500.02527,world_bank_wdi,0.452969787830959,0.04106871843921622,0.056895158524793064,0.001107639892231825,0.03849645859191507,0.0015403836824947105
Samoa,2023,us,0.07997685080187909,0.12051673458580371,0.014044519699085867,0.003711937360608115,1044909500.02527,world_bank_wdi,0.452969787830959,0.04106871843921622,0.036227097139115434,0.0049494678399181246,0.031005422605198243,0.09038356933640308
Samoa,2024,aus,0.10275710634588724,0.10874873657083324,0.009070641329653394,0.0009358328787844391,1175749785.65113,world_bank_wdi,0.41692871007969196,0.035653338294069976,0.04284238780031249,0.003877255494012617,0.021755856841615986,0.026248113740869283
Samoa,2024,china,0.1433809632412947,0.014606821258287788,0.019449009908696586,2.0955925660630932e-05,1175749785.65113,world_bank_wdi,0.41692871007969196,0.035653338294069976,0.05977964005417673,0.0005207819397227474,0.04664828647799067,0.0005877689625522785
Samoa,2024,us,0.0889785758161754,0.13360389461886105,0.017390413265698457,0.0032852108593336648,1175749785.65113,world_bank_wdi,0.41692871007969196,0.035653338294069976,0.03709772283976608,0.0047634248522515285,0.04171075976603877,0.09214314890339668
Solomon Islands,2015,aus,0.28873482298475994,0.014132464155129082,0.05700424965233266,0.0010155006907508338,1307908813.59962,world_bank_wdi,0.35616414933235624,0.30613800200491004,0.10283699261099548,0.004326484339857226,0.16005049851083938,0.0033171337243343823
Solomon Islands,2015,china,0.10548125011122614,0.5799458522777255,0.0076256970397369,0.12400797721731015,1307908813.59962,world_bank_wdi,0.35616414933235624,0.30613800200491004,0.03756863971637837,0.1775434644873376,0.02141062499982542,0.40507214525859886
Solomon Islands,2015,us,0.011936142486931344,0.0024021193315371505,0.0002484832814525727,9.687861002225819e-05,1307908813.59962,world_bank_wdi,0.35616414933235624,0.30613800200491004,0.004251226035167697,0.0007353800127341534,0.0006976650567396084,0.0003164540481344893
Solomon Islands,2016,aus,0.20377536075870661,0.011579015335254652,0.024133637468254265,0.0007748304405168166,1379486290.71433,world_bank_wdi,0.3290019169128416,0.3170042913391726,0.06704248430922032,0.0036705975507578125,0.07335409378373832,0.0024442269763717546
Solomon Islands,2016,china,0.14849078414562172,0.6250079344285606,0.013790713920464027,0.16822203555957166,1379486290.71433,world_bank_wdi,0.3290019169128416,0.3170042913391726,0.048853752627800534,0.1981301973348859,0.041916819360409474,0.5306616981395553
Solomon Islands,2016,us,0.01418745718360823,0.0043392057198299045,0.00022187709989697892,0.000348827790553823,1379486290.71433,world_bank_wdi,0.3290019169128416,0.3170042913391726,0.0046677006095259726,0.0013755468341895632,0.0006743945505817769,0.0011003882284375812
Solomon Islands,2017,aus,0.19921831617074057,0.008243937783394323,0.030913226950276568,0.00036475992115052997,1469790526.3972,world_bank_wdi,0.3890146347238622,0.33999040985651025,0.07749884049546353,0.0028028597858078064,0.0794654601419301,0.0010728535587355933
Solomon Islands,2017,china,0.125661637109767,0.6520321069504952,0.012092695168991521,0.19232519402678067,1469790526.3972,world_bank_wdi,0.3890146347238622,0.33999040985651025,0.048884215859058534,0.22168466328170278,0.031085450493592324,0.5656782910669442
Solomon Islands,2017,us,0.01497908202128943,0.007117499430436832,0.00036144801756747124,0.00044591193775117755,1469790526.3972,world_bank_wdi,0.3890146347238622,0.33999040985651025,0.005827082121010679,0.0024198815485076968,0.000929137326219208,0.0013115426930405787
Solomon Islands,2018,aus,0.18221208806069816,0.00881576669144915,0.026109628862731094,0.00045381230266853113,1615473250.25259,world_bank_wdi,0.37226771107288154,0.35228810404877675,0.06783167695216644,0.0031056897334669786,0.07013670024585995,0.0012881851457740329
Solomon Islands,2018,china,0.14867806221587584,0.6683266754017981,0.015702372377700887,0.1997979611521487,1615473250.25259,world_bank_wdi,0.37226771107288154,0.35228810404877675,0.055348041907855576,0.23544353736252172,0.042180323220744546,0.5671436499158237
Solomon Islands,2018,us,0.016566657968574424,0.005154001441421278,0.0005349590455812398,0.00028266023851122337,1615473250.25259,world_bank_wdi,0.37226771107288154,0.35228810404877675,0.006167231842088514,0.0018156933960629645,0.0014370277885220808,0.000802355331510391
Tonga,2008,aus,0.10792856690195501,0.062098162311270404,0.01991618874598838,0.0002649773239926267,344438844.333518,world_bank_wdi,0.48172082716471265,0.02697720699295639,0.0519914385227118,0.001675234978553345,0.041343839881721633,0.009822266777350631
Tonga,2008,china,0.04242719522955673,0.005908739971747734,0.0022277378895531486,3.7852264043156717e-06,344438844.333518,world_bank_wdi,0.48172082716471265,0.02697720699295639,0.020438063580260818,0.00015940130128539392,0.004624541360740104,0.0001403120198953129
Tonga,2008,us,0.0937920406809493,0.21534884101352583,0.01024262491495688,0.0032738958435638587,344438844.333518,world_bank_wdi,0.48172082716471265,0.02697720699295639,0.045181579418293275,0.005809510259715143,0.021262574373714312,0.12135785014433317
Tonga,2009,aus,0.12060402450719307,0.09589512386873454,0.017654980641505006,0.0010035935873796524,312415028.446113,world_bank_wdi,0.46291270851890204,0.024961849750915935,0.05582913564290478,0.002393719673856824,0.038138898147757595,0.04020509687359316
Tonga,2009,china,0.050833756814117725,0.007918361286085184,0.003476787930871188,7.781000077516571e-06,312415028.446113,world_bank_wdi,0.46291270851890204,0.024961849750915935,0.02353159205101443,0.00019765694469672782,0.0075106772116826015,0.00031171568434070314
Tonga,2009,us,0.12944011330811434,0.15967017577964462,0.021159798260098475,0.0011301229553017072,312415028.446113,world_bank_wdi,0.46291270851890204,0.024961849750915935,0.059919473442452784,0.003985662937513825,0.04571012605767435,0.04527400679752266
Tonga,2010,aus,0.09196994783646364,0.0392761267797873,0.015491103553676385,0.00011789217023376436,366887374.989696,world_bank_wdi,0.43276874001036214,0.022505614973074222,0.0398017184440051,0.0008839333869395424,0.03579533852954691,0.005238344758621831
Tonga,2010,china,0.05307008862666319,0.005198966310630486,0.0037329374101165,2.3540282122131115e-06,366887374.989696,world_bank_wdi,0.43276874001036214,0.022505614973074222,0.02296707538719928,0.00011700593404503391,0.008625709449409677,0.00010459737336791184
Tonga,2010,us,0.12968800777657338,0.16238013541437316,0.023576717569945907,0.0008298200839339568,366887374.989696,world_bank_wdi,0.43276874001036214,0.022505614973074222,0.05612491571992171,0.0036544648069115363,0.05447879061085001,0.03687169112804763
Tonga,2011,aus,0.06543615427798341,0.09275036111973277,0.008057795498589313,0.0016334196287642545,414143828.494419,world_bank_wdi,0.4658494675663141,0.03475131104167582,0.03048339762998576,0.0032231966484995893,0.017296994114181913,0.04700310807858044
Tonga,2011,china,0.06722559790254515,0.00022053856016669213,0.00639084448414763,1.1209772224093487e-06,414143828.494419,world_bank_wdi,0.4658494675663141,0.03475131104167582,0.03131700898972778,7.664004101036056e-06,0.013718690111495914,3.2257120344754954e-05
Tonga,2011,us,0.12090085703275576,0.1077617135748849,0.021528944718800853,0.0005890137984338818,414143828.494419,world_bank_wdi,0.4658494675663141,0.03475131104167582,0.05632159987702033,0.003744860826824805,0.046214380862711166,0.01694939790120441
Tonga,2012,aus,0.05169317330852524,0.12019835066288762,0.005817094489278218,0.002182997359692948,471122971.305043,world_bank_wdi,0.4227547034021435,0.033076521309996235,0.021853532149961188,0.003975743307127402,0.013759975802669504,0.06599839624105854
Tonga,2012,china,0.06349380325653554,0.0001121085657553958,0.0063081017696886696,1.4096287118708044e-06,471122971.305043,world_bank_wdi,0.4227547034021435,0.033076521309996235,0.026842303963590736,3.708161364241463e-06,0.014921423035447854,4.2617199634134224e-05
Tonga,2012,us,0.1292935223821372,0.13427172972992746,0.02078121417065796,0.0011934425285845896,471122971.305043,world_bank_wdi,0.4227547034021435,0.033076521309996235,0.054659444706478814,0.004441241729742001,0.049156671713927506,0.0360812588905446
Tonga,2013,aus,0.056567047082763194,0.10817316289669544,0.00648119419672048,0.001452341361286634,451788498.263614,world_bank_wdi,0.4383173979884131,0.03781355449653749,0.02479432088920482,0.004090411790257021,0.014786531920623899,0.03840795663416466
Tonga,2013,china,0.05443897609817469,0.0004470920839355389,0.003455420241791876,1.5656396549055438e-06,451788498.263614,world_bank_wdi,0.4383173979884131,0.03781355449653749,0.023861550352505347,1.6906140880867014e-05,0.007883374599434037,4.140419158555714e-05
Tonga,2013,us,0.11245345887825191,0.10518903689001388,0.017028003495655218,0.00103768561509586,451788498.263614,world_bank_wdi,0.4383173979884131,0.03781355449653749,0.04929030749031239,0.003977571378878832,0.03884856858021719,0.02744216006434621
Tonga,2014,aus,0.05390809288210363,0.08778715149886962,0.004080716856731713,0.0005501910060776168,440997734.928723,world_bank_wdi,0.4947548223467965,0.04281086387677576,0.02667128891693979,0.0037582437929479986,0.008247957720503733,0.012851667923853484
Tonga,2014,china,0.07515873309346555,0.0003274981840085333,0.01019873627543206,3.7718383448578364e-07,440997734.928723,world_bank_wdi,0.4947548223467965,0.04281086387677576,0.03718514563946784,1.4020480175480579e-05,0.020613717774504672,8.810470061324787e-06
Tonga,2014,us,0.10854995043764452,0.13142650962997207,0.018195856357204672,0.001108435905286267,440997734.928723,world_bank_wdi,0.4947548223467965,0.04281086387677576,0.053705611444530385,0.005626482413568493,0.036777521987345796,0.025891463168711635
Tonga,2017,aus,0.07642123484445551,0.3699855478407498,0.006405114330224205,0.01453964660295694,459976847.108128,world_bank_wdi,0.4119134053729026,0.07234151234611566,0.03147893108758199,0.026765314077005966,0.01554966225103962,0.20098621291454985
Tonga,2017,china,0.08709362932847808,0.004851985949180589,0.009162272423525093,1.3589184606626928e-05,459976847.108128,world_bank_wdi,0.4119134053729026,0.07234151234611566,0.03587503344297871,0.00035100000144582726,0.022243200400896265,0.00018784767094182255
Tonga,2017,us,0.09570628719759225,0.08992613260167519,0.011275697857839672,0.002983668192553362,459976847.108128,world_bank_wdi,0.4119134053729026,0.07234151234611566,0.03942270267515725,0.00650539243184252,0.027373952172379177,0.041244205377931505
Tonga,2018,aus,0.07554883462621642,0.18665956087132987,0.007978442990997413,0.001954851127938589,493530766.930564,world_bank_wdi,0.3566033102750028,0.04990783451493592,0.02694096451512753,0.009315774474596939,0.022373440630275288,0.03916922356856739
Tonga,2018,china,0.08619018223815347,0.0017236976832697545,0.008316036250450678,1.649192664550055e-06,493530766.930564,world_bank_wdi,0.3566033102750028,0.04990783451493592,0.030735704299331278,8.602601873040534e-05,0.02332013195289067,3.304476502695185e-05
Tonga,2018,us,0.08773846343601599,0.10463356312685453,0.008728255762604175,0.0027351552112038335,493530766.930564,world_bank_wdi,0.3566033102750028,0.04990783451493592,0.0312878264997256,0.0052220345532431565,0.024476092933274178,0.05480412519972758
Tonga,2019,aus,0.06719604703852694,0.6069968785843256,0.008353298051258508,0.04578719393413787,506031247.606648,world_bank_wdi,0.5380240087517931,0.0839349125017196,0.03615308659994232,0.05094822989279228,0.015525883446424672,0.5455083298406943
Tonga,2019,china,0.0811457269532137,0.0044649254100025786,0.010206845485368373,3.5363727039941875e-05,506031247.606648,world_bank_wdi,0.5380240087517931,0.0839349125017196,0.04365834930844646,0.0003747631236152709,0.018970985159283294,0.00042132321326024337
Tonga,2019,us,0.14420230844646506,0.09271968578463528,0.02815534618438192,0.0021605485738784166,506031247.606648,world_bank_wdi,0.5380240087517931,0.0839349125017196,0.0775843040616297,0.007782418713520297,0.05233102189937929,0.025740761614949592
Tonga,2020,aus,0.08478674956640977,0.4228459626646304,0.010380368247451262,0.009820817949664707,506571486.576395,world_bank_wdi,0.4300135995458345,0.03348571519025254,0.03645945537484309,0.014159299475135974,0.0241396278127358,0.29328380456761094
Tonga,2020,china,0.0940743035620564,0.009540932840648083,0.00953229830072908,0.00021919220464211225,506571486.576395,world_bank_wdi,0.4300135995458345,0.03348571519025254,0.040453229899487395,0.00031948495975126883,0.02216743449694792,0.006545842111979665
Tonga,2020,us,0.07758903877013344,0.12476752321869486,0.008029515455830211,0.0009163931183571207,506571486.576395,world_bank_wdi,0.4300135995458345,0.03348571519025254,0.03336434184684639,0.004177929747494437,0.018672701199010235,0.027366687948892198
Tonga,2021,aus,0.09751196199401417,0.10929696718934252,0.013251105738066501,0.0007386831107169799,519306339.3498,world_bank_wdi,0.5217913056699225,0.02463453248619567,0.05088089396729251,0.0026924796888685206,0.025395413058969127,0.029985676047674624
Tonga,2021,china,0.11699732796275515,0.0003906227011423602,0.018769942335378556,8.03783671992558e-09,519306339.3498,world_bank_wdi,0.5217913056699225,0.02463453248619567,0.06104818851757814,9.622807621136975e-06,0.035972125505770974,3.262833067536273e-07
Tonga,2021,us,0.10277698524214156,0.14878156391754785,0.014897416245195048,0.0007814222664465945,519306339.3498,world_bank_wdi,0.5217913056699225,0.02463453248619567,0.053628137322315396,0.00366516426967383,0.028550526011675126,0.031720604678999946
Tonga,2022,aus,0.07042969235180849,0.7329410830727402,0.005775384782764413,0.07504325060640521,556514556.392844,world_bank_wdi,0.49158500703597735,0.11116410626522741,0.0346221808103055,0.08147674044484896,0.011748496597947978,0.6750672778078103
Tonga,2022,china,0.1312614007099786,0.0,0.020655867889252437,0.0,556514556.392844,world_bank_wdi,0.49158500703597735,0.11116410626522741,0.06452613659156707,0.0,0.04201891350144596,0.0
Tonga,2022,us,0.10261647035534922,0.03625498279629431,0.015349745211800079,0.0005643668193677263,556514556.392844,world_bank_wdi,0.49158500703597735,0.11116410626522741,0.05044471830164151,0.004030252760211252,0.031225006849480024,0.005076879924003514
Tonga,2023,aus,0.07255003785000208,0.05250538799322427,0.007768603676922572,0.00024342914533448176,591139733.623755,world_bank_wdi,0.5522964022120678,0.020187787827836243,0.04006912488490549,0.001059967632625432,0.01406600449651241,0.012058237752965965
Tonga,2023,china,0.139933168505541,0.0002445554759933366,0.027614127729973424,3.0926551012544646e-08,591139733.623755,world_bank_wdi,0.5522964022120678,0.020187787827836243,0.07728458551574532,4.937034061488979e-06,0.04999874636041953,1.531943533203826e-06
Tonga,2023,us,0.06188988580469212,0.05878575601509365,0.00737732211880859,0.0002313605793188517,591139733.623755,world_bank_wdi,0.5522964022120678,0.020187787827836243,0.03418156126324718,0.0011867543697316589,0.013357541510791675,0.01146042257289016
