country,year,partner,sti
Fiji,2000,aus,0.30549994741957853
Fiji,2000,china,0.011244871727341314
Fiji,2000,us,0.09617757048243743
Fiji,2001,aus,0.263937774047776
Fiji,2001,china,0.014893243635182202
Fiji,2001,us,0.10751420942522408
Fiji,2002,aus,0.3197557219426553
Fiji,2002,china,0.021111600153775043
Fiji,2002,us,0.0869284314088995
Fiji,2003,aus,0.28407099821167475
Fiji,2003,china,0.01992316977116259
Fiji,2003,us,0.11648611992862744
Fiji,2004,aus,0.27832641842793265
Fiji,2004,china,0.02309528322504505
Fiji,2004,us,0.09198573741242427
Fiji,2005,aus,0.20790502174342373
Fiji,2005,china,0.019636151376176584
Fiji,2005,us,0.0651330111681351
Fiji,2006,aus,0.20227818461719677
Fiji,2006,china,0.02587180039642045
Fiji,2006,us,0.057637018691082356
Fiji,2007,aus,0.1827270149316354
Fiji,2007,china,0.02254362934962256
Fiji,2007,us,0.060396785890100724
Fiji,2008,aus,0.16214221377506668
Fiji,2008,china,0.02862038872229766
Fiji,2008,us,0.07686743200862502
Fiji,2009,aus,0.1825430757765261
Fiji,2009,china,0.03788062354467685
Fiji,2009,us,0.058298049833039364
Fiji,2010,aus,0.1947346620223478
Fiji,2010,china,0.041835208421964504
Fiji,2010,us,0.05768979189615165
Fiji,2011,aus,0.18698604209808578
Fiji,2011,china,0.056562499147737706
Fiji,2011,us,0.06452187221360953
Fiji,2012,aus,0.16800873624930848
Fiji,2012,china,0.06081963485205784
Fiji,2012,us,0.06192509574405075
Fiji,2013,aus,0.13018867806520212
Fiji,2013,china,0.07569621940753332
Fiji,2013,us,0.06717712445495148
Fiji,2014,aus,0.12701229480659054
Fiji,2014,china,0.108453479088778
Fiji,2014,us,0.06005970165007497
Fiji,2015,aus,0.14410987951565163
Fiji,2015,china,0.1089503899235083
Fiji,2015,us,0.06502791344025019
Fiji,2016,aus,0.15489258895573216
Fiji,2016,china,0.11432510726173416
Fiji,2016,us,0.06684128124593355
Fiji,2017,aus,0.1470516103656873
Fiji,2017,china,0.11514663260969912
Fiji,2017,us,0.06756704100799804
Fiji,2018,aus,0.15111467589616992
Fiji,2018,china,0.13442948314528974
Fiji,2018,us,0.06526720261533973
Fiji,2019,aus,0.1385746917835146
Fiji,2019,china,0.10138143712393607
Fiji,2019,us,0.08009163515342191
Fiji,2020,aus,0.1692754802475029
Fiji,2020,china,0.12640326120479853
Fiji,2020,us,0.09285419819708203
Fiji,2021,aus,0.16441759570741582
Fiji,2021,china,0.12126891123794131
Fiji,2021,us,0.14541504086045087
Fiji,2022,aus,0.14284464311578543
Fiji,2022,china,0.12316713309721378
Fiji,2022,us,0.07571298145024805
Fiji,2023,aus,0.14001789587796237
Fiji,2023,china,0.11975906054837597
Fiji,2023,us,0.08904293569311679
Fiji,2024,aus,0.12360255397071092
Fiji,2024,china,0.11031406215735377
Fiji,2024,us,0.08405776290553398
Kiribati,2000,aus,0.4294971912899535
Kiribati,2000,china,0.015870451298137033
Kiribati,2000,us,0.013103521054170054
Kiribati,2001,aus,0.5123624933402011
Kiribati,2001,china,0.009001219422146807
Kiribati,2001,us,0.020518757348719975
Kiribati,2002,aus,0.36663730622670065
Kiribati,2002,china,0.0068235437495166775
Kiribati,2002,us,0.007163418566673205
Kiribati,2003,aus,0.4848267800773088
Kiribati,2003,china,0.02861986361211214
Kiribati,2003,us,0.003681615174389554
Kiribati,2004,aus,0.37357714125916225
Kiribati,2004,china,0.03182036114789019
Kiribati,2004,us,0.0030830882230333144
Kiribati,2005,aus,0.3534392913021131
Kiribati,2005,china,0.02136363155818346
Kiribati,2005,us,0.028230426899927774
Kiribati,2006,aus,0.38569812723935015
Kiribati,2006,china,0.023464268902825734
Kiribati,2006,us,0.0362014895344509
Kiribati,2007,aus,0.33664662027938613
Kiribati,2007,china,0.03639110748688573
Kiribati,2007,us,0.03724175584231614
Kiribati,2008,aus,0.32855977664202457
Kiribati,2008,china,0.0652137152385608
Kiribati,2008,us,0.020167521455187992
Kiribati,2009,aus,0.26753539408800037
Kiribati,2009,china,0.041890847370457916
Kiribati,2009,us,0.06773876697096448
Kiribati,2010,aus,0.25508686501985595
Kiribati,2010,china,0.046992168702693383
Kiribati,2010,us,0.0763216729965784
Kiribati,2011,aus,0.31902902771789676
Kiribati,2011,china,0.06020142526285853
Kiribati,2011,us,0.06049138312660864
Kiribati,2012,aus,0.22390998157172234
Kiribati,2012,china,0.04472162323808408
Kiribati,2012,us,0.03615798538108244
Kiribati,2013,aus,0.24435064001481183
Kiribati,2013,china,0.039219261859487285
Kiribati,2013,us,0.046938922117610256
Kiribati,2014,aus,0.21000053704389746
Kiribati,2014,china,0.06157251286363175
Kiribati,2014,us,0.03533344665345163
Kiribati,2015,aus,0.18079482422413864
Kiribati,2015,china,0.10924200338402283
Kiribati,2015,us,0.03207031447759031
Kiribati,2016,aus,0.20666207466296022
Kiribati,2016,china,0.06035211448707971
Kiribati,2016,us,0.03397507388250666
Kiribati,2017,aus,0.16416569749879673
Kiribati,2017,china,0.07605609436217264
Kiribati,2017,us,0.03369694343158506
Kiribati,2018,aus,0.12235935140533735
Kiribati,2018,china,0.04449071569000009
Kiribati,2018,us,0.04282803760175981
Kiribati,2019,aus,0.10691376729934775
Kiribati,2019,china,0.05621918391232348
Kiribati,2019,us,0.03033932132773338
Kiribati,2020,aus,0.1498925841420499
Kiribati,2020,china,0.12870363801392598
Kiribati,2020,us,0.01850104721889403
Kiribati,2021,aus,0.13554290718105574
Kiribati,2021,china,0.1474251764111371
Kiribati,2021,us,0.020525709737861306
Kiribati,2022,aus,0.13763122863854602
Kiribati,2022,china,0.1507151422841363
Kiribati,2022,us,0.045707334288205066
Kiribati,2023,aus,0.1633183511224346
Kiribati,2023,china,0.1259936606030705
Kiribati,2023,us,0.05855483910527799
Kiribati,2024,aus,0.10756220786679362
Kiribati,2024,china,0.17398645730446177
Kiribati,2024,us,0.032367483349897794
"Marshall Islands, Republic of the",2016,aus,0.0015126313119559012
"Marshall Islands, Republic of the",2016,china,0.22259568026733512
"Marshall Islands, Republic of the",2016,us,0.01008751041818974
"Marshall Islands, Republic of the",2017,aus,0.000469967710964498
"Marshall Islands, Republic of the",2017,china,0.21006310651157017
"Marshall Islands, Republic of the",2017,us,0.03987960574506231
"Marshall Islands, Republic of the",2018,aus,0.0003388668228557988
"Marshall Islands, Republic of the",2018,china,0.16173628227273212
"Marshall Islands, Republic of the",2018,us,0.022706182628932686
"Marshall Islands, Republic of the",2019,aus,0.0002950892840819696
"Marshall Islands, Republic of the",2019,china,0.19373996439816715
"Marshall Islands, Republic of the",2019,us,0.00915144206580174
"Marshall Islands, Republic of the",2020,aus,0.0003076778664875023
"Marshall Islands, Republic of the",2020,china,0.2502675476510871
"Marshall Islands, Republic of the",2020,us,0.010725695336777374
"Marshall Islands, Republic of the",2021,aus,0.00015004538669191443
"Marshall Islands, Republic of the",2021,china,0.20537404785594787
"Marshall Islands, Republic of the",2021,us,0.015938056307302998
"Marshall Islands, Republic of the",2022,aus,0.00018706528019748106
"Marshall Islands, Republic of the",2022,china,0.1932025384029402
"Marshall Islands, Republic of the",2022,us,0.01571340132822101
"Marshall Islands, Republic of the",2023,aus,0.00026291596406656157
"Marshall Islands, Republic of the",2023,china,0.18119864995401885
"Marshall Islands, Republic of the",2023,us,0.0037805617786074623
"Marshall Islands, Republic of the",2024,aus,0.00020787326136087396
"Marshall Islands, Republic of the",2024,china,0.2823656985264669
"Marshall Islands, Republic of the",2024,us,0.007759637632496344
"Micronesia, Federated States of",2000,aus,0.20024016825201776
"Micronesia, Federated States of",2000,us,0.4583343621313294
"Micronesia, Federated States of",2001,aus,0.19640027593040807
"Micronesia, Federated States of",2001,us,0.4495451435981981
"Micronesia, Federated States of",2002,aus,0.08259357653217457
"Micronesia, Federated States of",2002,us,0.1890503516176401
"Micronesia, Federated States of",2003,aus,0.04283667137271754
"Micronesia, Federated States of",2003,china,0.01277215528452922
"Micronesia, Federated States of",2003,us,0.28796920138034726
"Micronesia, Federated States of",2004,aus,0.03845384535700344
"Micronesia, Federated States of",2004,china,0.012243149987193329
"Micronesia, Federated States of",2004,us,0.2812995203418912
"Micronesia, Federated States of",2005,aus,0.02989471134445675
"Micronesia, Federated States of",2005,china,0.02073958576810826
"Micronesia, Federated States of",2005,us,0.27905091124608483
"Micronesia, Federated States of",2006,aus,0.029078284699976642
"Micronesia, Federated States of",2006,china,0.022142778879604353
"Micronesia, Federated States of",2006,us,0.27960157851519946
"Micronesia, Federated States of",2007,aus,0.02676006860676267
"Micronesia, Federated States of",2007,china,0.02534019578341926
"Micronesia, Federated States of",2007,us,0.2915266783641356
"Micronesia, Federated States of",2008,aus,0.02247790260655616
"Micronesia, Federated States of",2008,china,0.02718167390897273
"Micronesia, Federated States of",2008,us,0.2879667754946957
"Micronesia, Federated States of",2009,aus,0.015478279338665753
"Micronesia, Federated States of",2009,china,0.02362112631493629
"Micronesia, Federated States of",2009,us,0.30836442239293266
"Micronesia, Federated States of",2010,aus,0.019927028569174308
"Micronesia, Federated States of",2010,china,0.02052869038749615
"Micronesia, Federated States of",2010,us,0.29426469622650087
"Micronesia, Federated States of",2011,aus,0.02634458135802333
"Micronesia, Federated States of",2011,china,0.013638063024551748
"Micronesia, Federated States of",2011,us,0.2704771203004501
"Micronesia, Federated States of",2012,aus,0.02760159685686244
"Micronesia, Federated States of",2012,china,0.010367878355346154
"Micronesia, Federated States of",2012,us,0.2346877285014044
"Micronesia, Federated States of",2013,aus,0.04479968269433018
"Micronesia, Federated States of",2013,china,0.01890643308744574
"Micronesia, Federated States of",2013,us,0.26118654026740196
"Micronesia, Federated States of",2014,aus,0.03432677896143366
"Micronesia, Federated States of",2014,china,0.014486641657040625
"Micronesia, Federated States of",2014,us,0.20012848520901225
"Micronesia, Federated States of",2015,aus,0.034676175181670994
"Micronesia, Federated States of",2015,china,0.014634094403614647
"Micronesia, Federated States of",2015,us,0.202165499412192
"Micronesia, Federated States of",2016,aus,0.03728418555235261
"Micronesia, Federated States of",2016,china,0.0264619816396208
"Micronesia, Federated States of",2016,us,0.16819419475696526
"Micronesia, Federated States of",2017,aus,0.014811076870417288
"Micronesia, Federated States of",2017,china,0.0418520114576457
"Micronesia, Federated States of",2017,us,0.11361279185772141
"Micronesia, Federated States of",2018,aus,0.017152021489869242
"Micronesia, Federated States of",2018,china,0.046430354285791876
"Micronesia, Federated States of",2018,us,0.12000185953842615
"Micronesia, Federated States of",2019,aus,0.016322216352234346
"Micronesia, Federated States of",2019,china,0.037115467588610174
"Micronesia, Federated States of",2019,us,0.12169026233439242
"Micronesia, Federated States of",2020,aus,0.018156387513514363
"Micronesia, Federated States of",2020,china,0.03486823160045567
"Micronesia, Federated States of",2020,us,0.14046137297325734
"Micronesia, Federated States of",2021,aus,0.016689289074921038
"Micronesia, Federated States of",2021,china,0.04201409481140366
"Micronesia, Federated States of",2021,us,0.12301735272184537
"Micronesia, Federated States of",2022,aus,0.015635379594231908
"Micronesia, Federated States of",2022,china,0.03332898157822521
"Micronesia, Federated States of",2022,us,0.12622775785584123
"Micronesia, Federated States of",2023,aus,0.01478719941726797
"Micronesia, Federated States of",2023,china,0.05309195893539805
"Micronesia, Federated States of",2023,us,0.10605713220170679
"Micronesia, Federated States of",2024,aus,0.016999060473992245
"Micronesia, Federated States of",2024,china,0.11285186898490211
"Micronesia, Federated States of",2024,us,0.11181388806077673
"Nauru, Republic of",2000,aus,0.20540942827451225
"Nauru, Republic of",2000,china,0.00028488998166259407
"Nauru, Republic of",2000,us,0.0814329006697177
"Nauru, Republic of",2001,aus,0.36542636372396664
"Nauru, Republic of",2001,china,0.010011170972155066
"Nauru, Republic of",2001,us,0.10644789471012782
"Nauru, Republic of",2002,aus,0.06877667489917164
"Nauru, Republic of",2002,china,0.0015414932977055589
"Nauru, Republic of",2002,us,0.012514145463806515
"Nauru, Republic of",2003,aus,0.3453703464460702
"Nauru, Republic of",2003,china,0.0009214284202000605
"Nauru, Republic of",2003,us,0.03993469014331415
"Nauru, Republic of",2004,aus,0.40147883184533706
"Nauru, Republic of",2004,china,0.003253042722709501
"Nauru, Republic of",2004,us,0.0229270295509954
"Nauru, Republic of",2005,aus,0.3243804593283724
"Nauru, Republic of",2005,china,0.0009823839902509948
"Nauru, Republic of",2005,us,0.05530821446209765
"Nauru, Republic of",2006,aus,0.38512252982954415
"Nauru, Republic of",2006,us,0.10264584123606273
"Nauru, Republic of",2007,aus,0.3499643789090354
"Nauru, Republic of",2007,china,0.0006312086250319596
"Nauru, Republic of",2007,us,0.13624636194098447
"Nauru, Republic of",2008,aus,0.13712799889937505
"Nauru, Republic of",2008,china,4.978851682809912e-06
"Nauru, Republic of",2008,us,0.05836706779850692
"Nauru, Republic of",2009,aus,0.15248084657895375
"Nauru, Republic of",2009,china,0.0001600750248843679
"Nauru, Republic of",2009,us,0.02872546483474938
"Nauru, Republic of",2010,aus,0.24429394634498452
"Nauru, Republic of",2010,china,0.0003031808815066238
"Nauru, Republic of",2010,us,0.03466046532274737
"Nauru, Republic of",2011,aus,0.24414220818993904
"Nauru, Republic of",2011,china,0.001803128451541511
"Nauru, Republic of",2011,us,0.007340983244865774
"Nauru, Republic of",2012,aus,0.2534870892334102
"Nauru, Republic of",2012,china,0.0075134904268952495
"Nauru, Republic of",2012,us,0.019229843937355624
"Nauru, Republic of",2013,aus,0.6773504516921519
"Nauru, Republic of",2013,china,0.005176168402605615
"Nauru, Republic of",2013,us,0.006040377306089032
"Nauru, Republic of",2014,aus,0.5289150257646097
"Nauru, Republic of",2014,china,0.016253311350011006
"Nauru, Republic of",2014,us,0.007780735496121641
"Nauru, Republic of",2015,aus,0.5452341793078271
"Nauru, Republic of",2015,china,0.04520355729536761
"Nauru, Republic of",2015,us,0.019756283933629465
"Nauru, Republic of",2016,aus,0.5960046873863918
"Nauru, Republic of",2016,china,0.025188512368619097
"Nauru, Republic of",2016,us,0.02223017668178103
"Nauru, Republic of",2017,aus,0.5352378097679964
"Nauru, Republic of",2017,china,0.009240573653811007
"Nauru, Republic of",2017,us,0.0222345979452679
"Nauru, Republic of",2018,aus,0.28709593223938773
"Nauru, Republic of",2018,china,0.014869040173581467
"Nauru, Republic of",2018,us,0.024766063689637376
"Nauru, Republic of",2019,aus,0.2815927035682677
"Nauru, Republic of",2019,china,0.0097297476095475
"Nauru, Republic of",2019,us,0.03796260322592461
"Nauru, Republic of",2020,aus,0.183812239932278
"Nauru, Republic of",2020,china,0.008519726167075166
"Nauru, Republic of",2020,us,0.01766318890869362
"Nauru, Republic of",2021,aus,0.17721034656069115
"Nauru, Republic of",2021,china,0.03825172878631775
"Nauru, Republic of",2021,us,0.01117135436904593
"Nauru, Republic of",2022,aus,0.15870715623318993
"Nauru, Republic of",2022,china,0.04757705569519975
"Nauru, Republic of",2022,us,0.011807409019719542
"Nauru, Republic of",2023,aus,0.13953099494128526
"Nauru, Republic of",2023,china,0.024921741197986694
"Nauru, Republic of",2023,us,0.008606300405721148
"Nauru, Republic of",2024,aus,0.1252831930915003
"Nauru, Republic of",2024,china,0.068210633607079
"Nauru, Republic of",2024,us,0.010410246699338587
Palau,2000,aus,0.0005552448232196227
Palau,2000,china,0.022799525944626198
Palau,2000,us,0.44577326215643087
Palau,2001,aus,0.00799622872857052
Palau,2001,china,0.032348876550046785
Palau,2001,us,0.3731547640334613
Palau,2002,aus,0.00937192058711037
Palau,2002,china,0.020255907292229456
Palau,2002,us,0.40379994194615226
Palau,2003,aus,0.016170713504450984
Palau,2003,china,0.01941023771870183
Palau,2003,us,0.4096831814005742
Palau,2004,aus,0.015024548952684989
Palau,2004,china,0.02088283260504912
Palau,2004,us,0.3865257890952034
Palau,2005,aus,0.02248734934515683
Palau,2005,china,0.0209369691013402
Palau,2005,us,0.3444554016480582
Palau,2006,aus,0.008114403994844014
Palau,2006,china,0.018698603889070013
Palau,2006,us,0.3066383085712109
Palau,2007,aus,0.005671845258817585
Palau,2007,china,0.029195172868707306
Palau,2007,us,0.22595236020837045
Palau,2008,aus,0.009244772599686047
Palau,2008,china,0.018434885869553764
Palau,2008,us,0.21799080717321434
Palau,2009,aus,0.006465043848134874
Palau,2009,china,0.016198714526562106
Palau,2009,us,0.2695330766268872
Palau,2010,aus,0.00770302692068575
Palau,2010,china,0.008579632262032007
Palau,2010,us,0.24930495047115292
Palau,2011,aus,0.007016036652113366
Palau,2011,china,0.009385132457903858
Palau,2011,us,0.215038813241862
Palau,2012,aus,0.008134422754012084
Palau,2012,china,0.006900977697489256
Palau,2012,us,0.2748555363650926
Palau,2013,aus,0.0047916747284173535
Palau,2013,china,0.020755880789485308
Palau,2013,us,0.22402267833048747
Palau,2014,aus,0.00665786138658724
Palau,2014,china,0.03337683438323195
Palau,2014,us,0.2524545639120953
Palau,2015,aus,0.015312430099653997
Palau,2015,china,0.03864663785490955
Palau,2015,us,0.2750310455811874
Palau,2016,aus,0.007567190496775057
Palau,2016,china,0.03525351992955231
Palau,2016,us,0.28645952834226523
Palau,2017,aus,0.011071796721401236
Palau,2017,china,0.052290144002900024
Palau,2017,us,0.2608744882345535
Palau,2018,aus,0.00867777111198337
Palau,2018,china,0.04059637592782995
Palau,2018,us,0.2481750849083849
Palau,2019,aus,0.00708984038863302
Palau,2019,china,0.04877754842527096
Palau,2019,us,0.2545265712553954
Palau,2020,aus,0.009721900802879341
Palau,2020,china,0.08100218599892259
Palau,2020,us,0.29351607397734253
Palau,2021,aus,0.009200144428007057
Palau,2021,china,0.09038802071590923
Palau,2021,us,0.2707825612595236
Palau,2022,aus,0.009863042853342368
Palau,2022,china,0.10672186954878964
Palau,2022,us,0.20691059901560244
Palau,2023,aus,0.005072170258546118
Palau,2023,china,0.06861133552370736
Palau,2023,us,0.15876893820851884
Palau,2024,aus,0.011285155560910743
Palau,2024,china,0.07240919295411759
Palau,2024,us,0.17014966478503146
Papua New Guinea,2000,aus,0.357321257389184
Papua New Guinea,2000,china,0.022090309589148524
Papua New Guinea,2000,us,0.03539854739271607
Papua New Guinea,2001,aus,0.38489236693679935
Papua New Guinea,2001,china,0.028649218625614606
Papua New Guinea,2001,us,0.027680162431030185
Papua New Guinea,2002,aus,0.46231727990663074
Papua New Guinea,2002,china,0.034413551486910866
Papua New Guinea,2002,us,0.03942953909615025
Papua New Guinea,2003,aus,0.39905193761748686
Papua New Guinea,2003,china,0.0399288188339137
Papua New Guinea,2003,us,0.03841911793228765
Papua New Guinea,2004,aus,0.4163143782446271
Papua New Guinea,2004,china,0.048306982179276606
Papua New Guinea,2004,us,0.024789078461859473
Papua New Guinea,2005,aus,0.3909200760235513
Papua New Guinea,2005,china,0.04167092493747928
Papua New Guinea,2005,us,0.020387020456129754
Papua New Guinea,2006,aus,0.3992942066666604
Papua New Guinea,2006,china,0.05394438934832255
Papua New Guinea,2006,us,0.017140760403328518
Papua New Guinea,2007,aus,0.4163545538562432
Papua New Guinea,2007,china,0.06566625039983744
Papua New Guinea,2007,us,0.01980581512870036
Papua New Guinea,2008,aus,0.393109185943165
Papua New Guinea,2008,china,0.08240693415507287
Papua New Guinea,2008,us,0.01963834216526906
Papua New Guinea,2009,aus,0.3865749438149051
Papua New Guinea,2009,china,0.10328977414303686
Papua New Guinea,2009,us,0.04006851080840906
Papua New Guinea,2010,aus,0.40233675025367266
Papua New Guinea,2010,china,0.06879170981286312
Papua New Guinea,2010,us,0.03080448064882893
Papua New Guinea,2011,aus,0.3931011129501743
Papua New Guinea,2011,china,0.06723635938047746
Papua New Guinea,2011,us,0.035162589866114924
Papua New Guinea,2012,aus,0.3422944109879275
Papua New Guinea,2012,china,0.10465257396815296
Papua New Guinea,2012,us,0.029554461980717775
Papua New Guinea,2013,aus,0.31986237199320666
Papua New Guinea,2013,china,0.10410658242684388
Papua New Guinea,2013,us,0.015419862548569788
Papua New Guinea,2014,aus,0.3169128942302279
Papua New Guinea,2014,china,0.12645034200314237
Papua New Guinea,2014,us,0.013565877144121595
Papua New Guinea,2015,aus,0.28486195088234667
Papua New Guinea,2015,china,0.16412292163021552
Papua New Guinea,2015,us,0.020201291400714434
Papua New Guinea,2016,aus,0.3474489666474421
Papua New Guinea,2016,china,0.1578691194527171
Papua New Guinea,2016,us,0.015436268750798078
Papua New Guinea,2017,aus,0.3364555011546805
Papua New Guinea,2017,china,0.17870002438394672
Papua New Guinea,2017,us,0.021931421366542404
Papua New Guinea,2018,aus,0.3341658725884635
Papua New Guinea,2018,china,0.20869461813627682
Papua New Guinea,2018,us,0.016221778203163763
Papua New Guinea,2019,aus,0.31456337941732276
Papua New Guinea,2019,china,0.19724735215013167
Papua New Guinea,2019,us,0.010545362002080394
Papua New Guinea,2020,aus,0.25592970245526314
Papua New Guinea,2020,china,0.1928033791946653
Papua New Guinea,2020,us,0.009040120165809316
Papua New Guinea,2021,aus,0.22551997176007474
Papua New Guinea,2021,china,0.19808092603852975
Papua New Guinea,2021,us,0.008218533251160367
Papua New Guinea,2022,aus,0.22767116191243222
Papua New Guinea,2022,china,0.2155336188614235
Papua New Guinea,2022,us,0.011836773782848876
Papua New Guinea,2023,aus,0.23380866262730363
Papua New Guinea,2023,china,0.2072343004626587
Papua New Guinea,2023,us,0.012705527461879654
Papua New Guinea,2024,aus,0.25098462935241334
Papua New Guinea,2024,china,0.21061524081654737
Papua New Guinea,2024,us,0.008567223807036912
Samoa,2000,aus,0.31576163840563815
Samoa,2000,china,0.007879415726661603
Samoa,2000,us,0.12863394669737244
Samoa,2001,aus,0.3174286521845253
Samoa,2001,china,0.009076187610525015
Samoa,2001,us,0.14887556701507215
Samoa,2002,aus,0.3312743797387773
Samoa,2002,china,0.014422162400233118
Samoa,2002,us,0.08415235718490201
Samoa,2003,aus,0.3662675285842636
Samoa,2003,china,0.013387091089198213
Samoa,2003,us,0.08940976374728818
Samoa,2004,aus,0.3302937666595461
Samoa,2004,china,0.018106345818883367
Samoa,2004,us,0.10225062776303709
Samoa,2005,aus,0.35388037641815107
Samoa,2005,china,0.032531440012412385
Samoa,2005,us,0.11199827801145917
Samoa,2006,aus,0.23975792323271974
Samoa,2006,china,0.019477178717645722
Samoa,2006,us,0.09671728017865114
Samoa,2007,aus,0.30244699764777894
Samoa,2007,china,0.02014545301651009
Samoa,2007,us,0.09159678803894634
Samoa,2008,aus,0.3339949898515787
Samoa,2008,china,0.05392051574533841
Samoa,2008,us,0.09379411329550248
Samoa,2009,aus,0.2785450328611324
Samoa,2009,china,0.05608411601711935
Samoa,2009,us,0.10425621273146483
Samoa,2010,aus,0.32423887174019145
Samoa,2010,china,0.05203153894998959
Samoa,2010,us,0.10236280318529266
Samoa,2011,aus,0.17262859348149917
Samoa,2011,china,0.056388246228842684
Samoa,2011,us,0.10287681193906491
Samoa,2012,aus,0.18243682999929017
Samoa,2012,china,0.06798615765181236
Samoa,2012,us,0.11503624529033019
Samoa,2013,aus,0.14573487935826218
Samoa,2013,china,0.07067688880397313
Samoa,2013,us,0.11104726442700681
Samoa,2014,aus,0.14718201644979442
Samoa,2014,china,0.09371209295191013
Samoa,2014,us,0.09445485295139701
Samoa,2015,aus,0.1494777550067843
Samoa,2015,china,0.10497084191099205
Samoa,2015,us,0.09064315442145743
Samoa,2016,aus,0.140775280486684
Samoa,2016,china,0.10257979506221478
Samoa,2016,us,0.09805871976100439
Samoa,2017,aus,0.11933903109166241
Samoa,2017,china,0.08111427133542748
Samoa,2017,us,0.10329887501032659
Samoa,2018,aus,0.09674262194441496
Samoa,2018,china,0.07977208748900734
Samoa,2018,us,0.10122933701897843
Samoa,2019,aus,0.08928357304104916
Samoa,2019,china,0.11009842398725876
Samoa,2019,us,0.09104979102252381
Samoa,2020,aus,0.11000256441652458
Samoa,2020,china,0.07363850252592685
Samoa,2020,us,0.10548939845938123
Samoa,2021,aus,0.08822111569045062
Samoa,2021,china,0.08154830759426306
Samoa,2021,us,0.10671615688652558
Samoa,2022,aus,0.06942120738609812
Samoa,2022,china,0.08542027985770659
Samoa,2022,us,0.11413124771656148
Samoa,2023,aus,0.08549823328887388
Samoa,2023,china,0.09294312616095378
Samoa,2023,us,0.08502019744423127
Samoa,2024,aus,0.09383828055025185
Samoa,2024,china,0.11274474748341125
Samoa,2024,us,0.09311937465923437
Solomon Islands,2000,aus,0.2667121722825424
Solomon Islands,2000,china,0.060425658014273645
Solomon Islands,2000,us,0.04693335898825365
Solomon Islands,2001,aus,0.3146134011618249
Solomon Islands,2001,china,0.0334160895160591
Solomon Islands,2001,us,0.07375293329340285
Solomon Islands,2002,aus,0.32322700461406245
Solomon Islands,2002,china,0.07092988201837283
Solomon Islands,2002,us,0.019602512274720024
Solomon Islands,2003,aus,0.257057781304724
Solomon Islands,2003,china,0.12116795415621537
Solomon Islands,2003,us,0.014806957431106922
Solomon Islands,2004,aus,0.22846130988255284
Solomon Islands,2004,china,0.13458281640100384
Solomon Islands,2004,us,0.015506566803186968
Solomon Islands,2005,aus,0.2284813137513642
Solomon Islands,2005,china,0.14895964071913304
Solomon Islands,2005,us,0.01076370061576826
Solomon Islands,2006,aus,0.21085726330705404
Solomon Islands,2006,china,0.1711077199139457
Solomon Islands,2006,us,0.019439711608889035
Solomon Islands,2007,aus,0.18773871576742915
Solomon Islands,2007,china,0.17491589407994143
Solomon Islands,2007,us,0.012846269139902357
Solomon Islands,2008,aus,0.13846460001019245
Solomon Islands,2008,china,0.19201028011135246
Solomon Islands,2008,us,0.011624320594165129
Solomon Islands,2009,aus,0.15706076641969932
Solomon Islands,2009,china,0.23194464650531985
Solomon Islands,2009,us,0.01431573582943852
Solomon Islands,2010,aus,0.21905390089799523
Solomon Islands,2010,china,0.23859142126469354
Solomon Islands,2010,us,0.011486691400718212
Solomon Islands,2011,aus,0.24318143340790957
Solomon Islands,2011,china,0.24125241747440937
Solomon Islands,2011,us,0.008194495153173898
Solomon Islands,2012,aus,0.2712701314307714
Solomon Islands,2012,china,0.22514705950120917
Solomon Islands,2012,us,0.01098692792448361
Solomon Islands,2013,aus,0.26422438726073466
Solomon Islands,2013,china,0.25511586865257935
Solomon Islands,2013,us,0.01902373690120665
Solomon Islands,2014,aus,0.19954456651316246
Solomon Islands,2014,china,0.33704797775884715
Solomon Islands,2014,us,0.02007327405659913
Solomon Islands,2015,aus,0.16187818611838678
Solomon Islands,2015,china,0.38269122949529205
Solomon Islands,2015,us,0.008897334903069189
Solomon Islands,2016,aus,0.08970103783328102
Solomon Islands,2016,china,0.4302458958863725
Solomon Islands,2016,us,0.014392090734142065
Solomon Islands,2017,aus,0.10635666058902797
Solomon Islands,2017,china,0.44536657147684733
Solomon Islands,2017,us,0.014256737871906682
Solomon Islands,2018,aus,0.100261835807082
Solomon Islands,2018,china,0.45817640483453587
Solomon Islands,2018,us,0.014341062388289284
Solomon Islands,2019,aus,0.09948881241372542
Solomon Islands,2019,china,0.41470814698384806
Solomon Islands,2019,us,0.027571597281480707
Solomon Islands,2020,aus,0.083990050169395
Solomon Islands,2020,china,0.4687246964852248
Solomon Islands,2020,us,0.009468495779884668
Solomon Islands,2021,aus,0.08795997842350217
Solomon Islands,2021,china,0.4225618558039119
Solomon Islands,2021,us,0.019627829842403036
Solomon Islands,2022,aus,0.07749023483224791
Solomon Islands,2022,china,0.405383603556833
Solomon Islands,2022,us,0.01715799086707897
Solomon Islands,2023,aus,0.1130004872103887
Solomon Islands,2023,china,0.43929038507070367
Solomon Islands,2023,us,0.011030553107154159
Solomon Islands,2024,aus,0.12347303617558998
Solomon Islands,2024,china,0.4257379091640102
Solomon Islands,2024,us,0.014063317046611325
Tonga,2000,aus,0.20250500828042642
Tonga,2000,china,0.014910335779777444
Tonga,2000,us,0.10809959335543538
Tonga,2001,aus,0.1813744876843019
Tonga,2001,china,0.009058213599514909
Tonga,2001,us,0.0768439489761778
Tonga,2002,aus,0.14644942873247166
Tonga,2002,china,0.025539254688384035
Tonga,2002,us,0.12295519452649985
Tonga,2003,aus,0.15765398160647898
Tonga,2003,china,0.02004614462189508
Tonga,2003,us,0.11440121947857769
Tonga,2004,aus,0.16931468580943226
Tonga,2004,china,0.05036072655225738
Tonga,2004,us,0.09092549605685697
Tonga,2005,aus,0.12127063728688241
Tonga,2005,china,0.030799930285766143
Tonga,2005,us,0.09210861238525615
Tonga,2006,aus,0.10737162362299502
Tonga,2006,china,0.04005848637731282
Tonga,2006,us,0.09855997416776327
Tonga,2007,aus,0.10228130743867304
Tonga,2007,china,0.05335502180366479
Tonga,2007,us,0.10129681011188339
Tonga,2008,aus,0.09620829181965325
Tonga,2008,china,0.03692508928318273
Tonga,2008,us,0.0914117787116594
Tonga,2009,aus,0.10552013034400472
Tonga,2009,china,0.04300566150630184
Tonga,2009,us,0.11581841670334031
Tonga,2010,aus,0.07911460938564237
Tonga,2010,china,0.044887741560514
Tonga,2010,us,0.11624297710383077
Tonga,2011,aus,0.06013431096327644
Tonga,2011,china,0.055884842870732865
Tonga,2011,us,0.10716166205505488
Tonga,2012,aus,0.05906983582924834
Tonga,2012,china,0.06142313720650924
Tonga,2012,us,0.13519008626873574
Tonga,2013,aus,0.06404810012597366
Tonga,2013,china,0.05278296889601786
Tonga,2013,us,0.11746316501926055
Tonga,2014,aus,0.05919680896842981
Tonga,2014,china,0.07235458192012865
Tonga,2014,us,0.11517894079526046
Tonga,2015,aus,0.07012102834613188
Tonga,2015,china,0.0924045742846387
Tonga,2015,us,0.11920012771699785
Tonga,2016,aus,0.09221246677953075
Tonga,2016,china,0.1078085832923534
Tonga,2016,us,0.113231852300852
Tonga,2017,aus,0.0841179291925487
Tonga,2017,china,0.0838860072558319
Tonga,2017,us,0.10591844104089701
Tonga,2018,aus,0.0822857571695877
Tonga,2018,china,0.09131523973822102
Tonga,2018,us,0.11014594644793443
Tonga,2019,aus,0.07243899725959546
Tonga,2019,china,0.0855622144194801
Tonga,2019,us,0.15748239539467213
Tonga,2020,aus,0.08623349778776514
Tonga,2020,china,0.08998544866619944
Tonga,2020,us,0.0935357789253233
Tonga,2021,aus,0.10417948458208683
Tonga,2021,china,0.11497842968136811
Tonga,2021,us,0.11851854711536418
Tonga,2022,aus,0.07446064722185085
Tonga,2022,china,0.12545277852236122
Tonga,2022,us,0.11688379055806954
Tonga,2023,aus,0.08557127645733194
Tonga,2023,china,0.12710556371477705
Tonga,2023,us,0.08672521651856756
Tonga,2024,aus,0.0666355658034882
Tonga,2024,china,0.08349688262558237
Tonga,2024,us,0.09461437739049382
Tuvalu,2000,aus,0.23087606128810415
Tuvalu,2000,china,0.026568049785810753
Tuvalu,2000,us,0.0017416146286182883
Tuvalu,2001,aus,0.19960948346648436
Tuvalu,2001,china,0.03041131425710945
Tuvalu,2001,us,0.0019935520376048355
Tuvalu,2002,aus,0.32921649533820485
Tuvalu,2002,china,4.106119216878409e-05
Tuvalu,2002,us,0.0007506467820195565
Tuvalu,2003,aus,0.3252353472903648
Tuvalu,2003,china,0.0008236971642044486
Tuvalu,2004,aus,0.3828795450785378
Tuvalu,2004,china,0.04527310305350725
Tuvalu,2004,us,0.016391388694281635
Tuvalu,2005,aus,0.31444035707980694
Tuvalu,2005,china,0.04790024325315221
Tuvalu,2005,us,0.0019043945505329287
Tuvalu,2006,aus,0.30009287578899574
Tuvalu,2006,china,0.027017331941205758
Tuvalu,2006,us,0.00017710478454094415
Tuvalu,2007,aus,0.320254157492388
Tuvalu,2007,china,0.015902230023023527
Tuvalu,2008,aus,0.1722335430502878
Tuvalu,2008,china,0.05063537834171608
Tuvalu,2008,us,0.007033921414674291
Tuvalu,2009,aus,0.09189398957081388
Tuvalu,2009,china,0.004178429058024731
Tuvalu,2009,us,0.006430696715899286
Tuvalu,2010,aus,0.12431006976625976
Tuvalu,2010,china,0.010074329333891066
Tuvalu,2010,us,0.038666605501007575
Tuvalu,2011,aus,0.1211501108863422
Tuvalu,2011,china,0.018390703321549677
Tuvalu,2011,us,0.05770881111604072
Tuvalu,2012,aus,0.0430758326507444
Tuvalu,2012,china,0.07067966843114358
Tuvalu,2012,us,0.01999033737583462
Tuvalu,2013,aus,0.043847360578182414
Tuvalu,2013,china,0.003483507411035018
Tuvalu,2013,us,0.017127893479991593
Tuvalu,2014,aus,0.040628067953894766
Tuvalu,2014,china,0.002156410036659944
Tuvalu,2014,us,0.018661286683040533
Tuvalu,2015,aus,0.18787422132528142
Tuvalu,2015,china,0.03152446318306623
Tuvalu,2015,us,0.032542776235699566
Tuvalu,2016,aus,0.08834144316425202
Tuvalu,2016,china,0.00556050144350172
Tuvalu,2016,us,0.06518899262596022
Tuvalu,2017,aus,0.10673328264038344
Tuvalu,2017,china,0.012822660897235721
Tuvalu,2017,us,0.03996609216189109
Tuvalu,2018,aus,0.057468954181580933
Tuvalu,2018,china,0.007975949946600632
Tuvalu,2018,us,0.056947120917438046
Tuvalu,2019,aus,0.11603219909702053
Tuvalu,2019,china,0.014175868940740077
Tuvalu,2019,us,0.03674047813106402
Tuvalu,2020,aus,0.0868192964101663
Tuvalu,2020,china,0.012773612981032646
Tuvalu,2020,us,0.08352547050744966
Tuvalu,2021,aus,0.057742779965286276
Tuvalu,2021,china,0.013936105867375339
Tuvalu,2021,us,0.011949782332445822
Tuvalu,2022,aus,0.08022706202705412
Tuvalu,2022,china,0.009959328802895918
Tuvalu,2022,us,0.019830986962965046
Tuvalu,2023,aus,0.223303882976341
Tuvalu,2023,china,0.016057069753964377
Tuvalu,2023,us,0.018769976534522972
Tuvalu,2024,aus,0.18728395821818744
Tuvalu,2024,china,0.007695709274664057
Tuvalu,2024,us,0.017314130408033392
Vanuatu,2000,aus,0.29360501027992886
Vanuatu,2000,china,0.04579152925860143
Vanuatu,2000,us,0.014490367906530544
Vanuatu,2001,aus,0.31402266731248674
Vanuatu,2001,china,0.05186537060913653
Vanuatu,2001,us,0.015128008857061654
Vanuatu,2002,aus,0.2962955780232115
Vanuatu,2002,china,0.048310421870400376
Vanuatu,2002,us,0.01434764114852642
Vanuatu,2003,aus,0.3007854216239702
Vanuatu,2003,china,0.04752404508548943
Vanuatu,2003,us,0.014846126988640474
Vanuatu,2004,aus,0.3223096148062894
Vanuatu,2004,china,0.047666424880743914
Vanuatu,2004,us,0.016456681130887902
Vanuatu,2005,aus,0.3556842597525691
Vanuatu,2005,china,0.045784325868841604
Vanuatu,2005,us,0.0190843549010385
Vanuatu,2006,aus,0.3685924368979108
Vanuatu,2006,china,0.04476752525281082
Vanuatu,2006,us,0.01988698714618565
Vanuatu,2007,aus,0.2831132728148454
Vanuatu,2007,china,0.06695856781901936
Vanuatu,2007,us,0.038336373287821635
Vanuatu,2008,aus,0.2820866078594995
Vanuatu,2008,china,0.07475470726254742
Vanuatu,2008,us,0.030798959936702678
Vanuatu,2009,aus,0.2620544523777696
Vanuatu,2009,china,0.08736646680618827
Vanuatu,2009,us,0.022891430644388273
Vanuatu,2010,aus,0.27849849582107816
Vanuatu,2010,china,0.08415196074162623
Vanuatu,2010,us,0.019363972332041634
Vanuatu,2011,aus,0.25940182320350513
Vanuatu,2011,china,0.056468205911069956
Vanuatu,2011,us,0.01836634738242
Vanuatu,2012,aus,0.2773720806669919
Vanuatu,2012,china,0.062130200280138145
Vanuatu,2012,us,0.021167651605549013
Vanuatu,2013,aus,0.25175514989288156
Vanuatu,2013,china,0.07081477421967135
Vanuatu,2013,us,0.02943937473376735
Vanuatu,2014,aus,0.267210369887692
Vanuatu,2014,china,0.07006173933561374
Vanuatu,2014,us,0.021878287508388872
Vanuatu,2015,aus,0.22331538421118713
Vanuatu,2015,china,0.11953043565910758
Vanuatu,2015,us,0.014592337825387667
Vanuatu,2016,aus,0.2097545218595894
Vanuatu,2016,china,0.11350777557316563
Vanuatu,2016,us,0.038906995292586136
Vanuatu,2017,aus,0.19003780550058152
Vanuatu,2017,china,0.12295583124299221
Vanuatu,2017,us,0.020394588740354744
Vanuatu,2018,aus,0.23218035534298084
Vanuatu,2018,china,0.09860233809956376
Vanuatu,2018,us,0.03519963045846102
Vanuatu,2019,aus,0.2084516979060031
Vanuatu,2019,china,0.11573553111237452
Vanuatu,2019,us,0.024579927480227713
Vanuatu,2020,aus,0.20174501075451023
Vanuatu,2020,china,0.139200118739454
Vanuatu,2020,us,0.026991980071625638
Vanuatu,2021,aus,0.21654947346502645
Vanuatu,2021,china,0.15258485772214048
Vanuatu,2021,us,0.026292017773740125
Vanuatu,2022,aus,0.19789882733982342
Vanuatu,2022,china,0.1365646236985636
Vanuatu,2022,us,0.027490709095320774
Vanuatu,2023,aus,0.23660655528735916
Vanuatu,2023,china,0.13678529265091677
Vanuatu,2023,us,0.026449606955830183
Vanuatu,2024,aus,0.23594063569893148
Vanuatu,2024,china,0.13621532057383262
Vanuatu,2024,us,0.02545732837395793
