country,partner,n_years,latest_year,mean_import_index,mean_export_index,mean_import_index_gdp,mean_export_index_gdp,mean_import_openness,mean_export_openness
Fiji,aus,25,2024,0.21293181485141285,0.14455167227406535,0.11149116234855896,0.04205164844056119,0.5370369046104411,0.27964022026783325
Fiji,china,25,2024,0.09241926017809991,0.02142277630488311,0.04952261467994072,0.0050601669903002355,0.5370369046104411,0.27964022026783325
Fiji,us,25,2024,0.04321483749005593,0.14879904184288562,0.023257346836872205,0.0403816706653544,0.5370369046104411,0.27964022026783325
Kiribati,aus,25,2024,0.2694638176516681,0.17172922353416467,0.15991850854671705,0.007982732271769993,0.5870834559030047,0.046573220010528237
Kiribati,china,25,2024,0.06849084607848513,0.006771713217324227,0.0400430198786176,0.00048440906040124514,0.5870834559030047,0.046573220010528237
Kiribati,us,25,2024,0.031153574722638477,0.05528435107908535,0.01774162429287331,0.002915912340471515,0.5870834559030047,0.046573220010528237
"Marshall Islands, Republic of the",aus,25,2024,0.00014829127525913658,0.0001793439599539066,0.006995446206269799,0.0004512138417724497,24.29371437626691,3.462705905275372
"Marshall Islands, Republic of the",china,25,2024,0.08039767305946648,0.00631295974458705,4.700792395717073,0.019962745424286346,24.29371437626691,3.462705905275372
"Marshall Islands, Republic of the",us,25,2024,0.005305511452301205,0.008247690098315372,0.3252051760585884,0.026577080196444874,24.29371437626691,3.462705905275372
"Micronesia, Federated States of",aus,25,2024,0.1133820980384031,7.795229172744125e-05,0.02969529021149984,4.8343276654923804e-05,1.0957310608019637,0.22951045142485405
"Micronesia, Federated States of",china,25,2024,0.023026846850448375,0.027449857269397263,0.03241151736355913,0.01730029847569428,1.0957310608019637,0.22951045142485405
"Micronesia, Federated States of",us,25,2024,0.2016424710025098,0.11160451230344633,0.2217268848084416,0.006191651172645308,1.0957310608019637,0.22951045142485405
"Nauru, Republic of",aus,25,2024,0.47616080443573033,0.110960023916203,0.4950041148372384,0.06835902623188775,1.5650216904186818,0.8219569976372998
"Nauru, Republic of",china,25,2024,0.03148575602516906,0.0024768902805001945,0.020087574429730595,0.0022290278970524134,1.5650216904186818,0.8219569976372998
"Nauru, Republic of",us,25,2024,0.0482626600187074,0.028357621966693537,0.07312313171465336,0.012790595528674974,1.5650216904186818,0.8219569976372998
Palau,aus,25,2024,0.00948896051779939,0.005991529336606877,0.007243570735867997,0.00013193395408279648,0.7958179097695418,0.034373879924181276
Palau,china,25,2024,0.03860806226969263,0.0006050535758754199,0.034621491646387705,1.856476955239157e-05,0.7958179097695418,0.034373879924181276
Palau,us,25,2024,0.28992536990996,0.09317884822475676,0.2158930315203986,0.0037134049835741813,0.7958179097695418,0.034373879924181276
Papua New Guinea,aus,25,2024,0.3990634573562575,0.28818561271744064,0.12400625051699071,0.10199688208890559,0.29894818192357137,0.35003065231637054
Papua New Guinea,china,25,2024,0.12245681670621072,0.1143079650441645,0.03136591303151986,0.04085955607607307,0.29894818192357137,0.35003065231637054
Papua New Guinea,us,25,2024,0.02747058615238907,0.01809863523903109,0.008732931789643872,0.005594518444469037,0.29894818192357137,0.35003065231637054
Samoa,aus,25,2024,0.14069549399318615,0.46759569857559113,0.07940252756469639,0.07515840833195997,0.5220893601622794,0.1260549329073942
Samoa,china,25,2024,0.06986030407763741,0.00022415411115780552,0.032839809651264394,2.0287851457504906e-05,0.5220893601622794,0.1260549329073942
Samoa,us,25,2024,0.10811572411289198,0.08152345652528092,0.05740815016902762,0.010496612377995134,0.5220893601622794,0.1260549329073942
Solomon Islands,aus,25,2024,0.25078156917805855,0.06537524232231975,0.08597481151925396,0.018321148036090546,0.3515510443917538,0.2480700362593988
Solomon Islands,china,25,2024,0.14654696257366065,0.46785278984080747,0.05388275121642681,0.12495225693955268,0.3515510443917538,0.2480700362593988
Solomon Islands,us,25,2024,0.02522849817693865,0.005085324315912912,0.008269768412999376,0.0015306263126729069,0.3515510443917538,0.2480700362593988
Tonga,aus,25,2024,0.10461501649968281,0.09343278682580303,0.049449371481272326,0.003148065438969241,0.47408027660807917,0.04164812718459783
Tonga,china,25,2024,0.06896442532754116,0.004928226467069032,0.03257750179216463,0.0001653251866368793,0.47408027660807917,0.04164812718459783
Tonga,us,25,2024,0.10123978568450104,0.18916796049148318,0.04797124501782661,0.00818511586585825,0.47408027660807917,0.04164812718459783
Tuvalu,aus,25,2024,0.18722942159990358,0.009567091892341492,0.14178042826222692,0.0004329364570357439,0.9150651199534221,0.11543639469066662
Tuvalu,china,25,2024,0.020390477699501867,0.02063151780902606,0.01703687607602282,0.0013227203691377478,0.9150651199534221,0.11543639469066662
Tuvalu,us,25,2024,0.023874829467204508,0.03101674845406782,0.021504093917398968,0.002281630745156999,0.9150651199534221,0.11543639469066662
Vanuatu,aus,25,2024,0.2803723640976802,0.14834780609708154,0.11584842544377022,0.007783889491429373,0.41057842762514335,0.05541542476237888
Vanuatu,china,25,2024,0.0914650680118955,0.055309772890098724,0.03685552468293573,0.002565891306350593,0.41057842762514335,0.05541542476237888
Vanuatu,us,25,2024,0.019495006701077414,0.05130963070936855,0.008468399990449097,0.002739185745104445,0.41057842762514335,0.05541542476237888
